5000.0	0.0
5010.0	0.0
5020.0	0.0
5030.0	0.0
5040.0	0.0
5050.0	0.0
5060.0	0.0
5070.0	0.0
5080.0	0.0
5090.0	0.0
5100.0	0.0
5110.0	0.0
5120.0	0.0
5130.0	0.0
5140.0	0.0
5150.0	0.0
5160.0	0.0
5170.0	0.0
5180.0	0.0
5190.0	0.0
5200.0	0.0
5210.0	0.0
5220.0	0.0
5230.0	0.0
5240.0	0.0
5250.0	0.0
5260.0	0.0
5270.0	0.0
5280.0	0.0
5290.0	0.0
5300.0	0.0
5310.0	2.34868e-08
5320.0	2.41247e-08
5330.0	0.0
5340.0	0.0
5350.0	0.0
5360.0	1.47264e-08
5370.0	1.2138e-08
5380.0	0.0
5390.0	1.17724e-08
5400.0	2.98854e-08
5410.0	3.36492e-08
5420.0	2.91538e-08
5430.0	2.45491e-08
5440.0	1.18794e-08
5450.0	2.39366e-08
5460.0	1.11433e-08
5470.0	0.0
5480.0	0.0
5490.0	0.0
5500.0	0.0
5510.0	0.0
5520.000000000001	0.0
5530.000000000001	0.0
5540.000000000001	0.0
5550.000000000001	0.0
5560.000000000001	0.0
5570.000000000001	0.0
5580.000000000001	0.0
5590.000000000001	0.0
5600.000000000001	0.0
5610.000000000001	0.0
5620.000000000001	0.0
5629.999999999999	0.0
5639.999999999999	0.0
5649.999999999999	0.0
5659.999999999999	0.0
5669.999999999999	0.0
5679.999999999999	0.0
5689.999999999999	0.0
5699.999999999999	0.0
5709.999999999999	0.0
5719.999999999999	0.0
5729.999999999999	0.0
5740.0	0.0
5750.0	0.0
5760.0	0.0
5770.0	0.0
5780.0	0.0
5790.0	0.0
5800.0	0.0
5810.0	0.0
5820.0	0.0
5830.0	0.0
5840.0	0.0
5850.0	0.0
5860.0	1.92395e-08
5870.0	1.85253e-08
5880.0	2.44192e-08
5890.0	0.0
5900.0	0.0
5910.0	0.0
5920.0	0.0
5930.0	0.0
5940.0	1.39334e-08
5950.0	2.14094e-08
5960.0	1.25793e-08
5970.0	0.0
5980.0	0.0
5990.0	0.0
6000.0	0.0
6010.0	0.0
6020.0	0.0
6030.0	0.0
6040.0	0.0
6050.0	0.0
6060.0	0.0
6070.0	0.0
6080.0	0.0
6090.0	0.0
6100.0	1.66931e-08
6110.0	1.78537e-08
6120.0	0.0
6130.0	0.0
6140.0	0.0
6150.0	0.0
6160.0	0.0
6170.0	0.0
6180.0	0.0
6190.0	0.0
6200.0	0.0
6210.0	0.0
6220.0	0.0
6230.0	0.0
6240.0	0.0
6250.0	0.0
6260.0	0.0
6270.0	0.0
6280.0	0.0
6290.0	0.0
6300.0	0.0
6310.0	0.0
6320.0	0.0
6330.0	0.0
6340.0	0.0
6350.0	0.0
6360.0	0.0
6370.0	0.0
6380.0	0.0
6390.0	0.0
6400.0	0.0
6410.0	0.0
6420.0	0.0
6430.0	0.0
6440.0	0.0
6450.0	0.0
6460.0	0.0
6470.0	0.0
6480.0	0.0
6490.0	0.0
6500.0	0.0
6510.0	0.0
6520.0	0.0
6530.0	0.0
6540.0	0.0
6550.0	0.0
6560.0	0.0
6570.0	1.0172e-08
6580.0	2.40457e-08
6590.0	6.65912e-08
6600.0	1e-07
6610.0	9.08876e-08
6620.0	7.13856e-08
6630.0	6.4375e-08
6640.0	1.08454e-07
6650.0	8.00876e-08
6660.0	4.58182e-08
6670.0	2.94069e-08
6680.0	1.89527e-08
6690.0	1.87194e-08
6700.0	1.55384e-08
6710.0	1.41402e-08
6720.0	1.79036e-08
6730.0	1.6986e-08
6740.0	1.80141e-08
6750.0	2.09165e-08
6760.0	2.27117e-08
6770.000000000001	2.1697e-08
6780.000000000001	1.78778e-08
6790.000000000001	1.66003e-08
6800.000000000001	2.07219e-08
6810.000000000001	2.74038e-08
6820.000000000001	3.83025e-08
6830.000000000001	4.79853e-08
6840.000000000001	3.584e-08
6850.000000000001	2.66891e-08
6860.000000000001	2.03014e-08
6870.000000000001	1.25409e-08
6879.999999999999	0.0
6889.999999999999	0.0
6899.999999999999	0.0
6909.999999999999	0.0
6919.999999999999	0.0
6929.999999999999	0.0
6939.999999999999	0.0
6949.999999999999	0.0
6959.999999999999	0.0
6969.999999999999	0.0
6979.999999999999	1.25631e-08
6990.0	1.86541e-08
7000.0	2.54892e-08
7010.0	3.20022e-08
7020.0	3.39204e-08
7030.0	2.88742e-08
7040.0	2.79437e-08
7050.0	2.60286e-08
7060.0	2.29733e-08
7070.0	2.34439e-08
7080.0	2.59678e-08
7090.0	2.73762e-08
7100.0	3.25853e-08
7110.0	3.7684e-08
7120.0	4.21202e-08
7130.0	4.68932e-08
7140.0	5.21426e-08
7150.0	6.11679e-08
7160.0	6.2581e-08
7170.0	5.89704e-08
7180.0	5.77796e-08
7190.0	6.68871e-08
7200.0	7.867e-08
7210.0	9.4662e-08
7220.0	1.25237e-07
7230.0	1.59432e-07
7240.0	1.99026e-07
7250.0	2.88897e-07
7260.0	3.89359e-07
7270.0	4.16662e-07
7280.0	4.05699e-07
7290.0	3.86959e-07
7300.0	3.1926e-07
7310.0	2.96133e-07
7320.0	3.11209e-07
7330.0	3.14416e-07
7340.0	3.47049e-07
7350.0	3.84238e-07
7360.0	3.70819e-07
7370.0	3.9568e-07
7380.0	4.81834e-07
7390.0	5.50995e-07
7400.0	6.205e-07
7410.0	6.88977e-07
7420.0	7.40021e-07
7430.0	7.42938e-07
7440.0	7.03755e-07
7450.0	6.53472e-07
7460.0	6.80816e-07
7470.0	7.35507e-07
7480.0	7.91633e-07
7490.0	8.00367e-07
7500.0	8.58953e-07
7510.0	8.85324e-07
7520.0	8.45449e-07
7530.0	8.78673e-07
7540.0	8.75157e-07
7550.0	8.35332e-07
7560.0	8.25228e-07
7570.0	8.10766e-07
7580.0	9.32183e-07
7590.0	9.64398e-07
7600.0	1.01189e-06
7610.0	9.41785e-07
7620.0	9.76553e-07
7630.0	1.08512e-06
7640.0	1.07566e-06
7650.0	1.03532e-06
7660.0	9.33219e-07
7670.0	1.00193e-06
7680.0	1.01028e-06
7690.0	1.09337e-06
7700.0	1.1598e-06
7710.0	1.08847e-06
7720.0	1.21571e-06
7730.0	1.24239e-06
7740.0	1.23393e-06
7750.0	1.2674e-06
7760.0	1.41866e-06
7770.0	1.53566e-06
7780.0	1.66572e-06
7790.0	2.44896e-06
7800.0	3.98711e-06
7810.0	7.02614e-06
7820.0	1.4387e-05
7830.0	3.30647e-05
7840.0	7.88892e-05
7850.0	0.000188359
7860.0	0.000468187
7870.0	0.001248
7880.0	0.00349741
7890.0	0.00972894
7900.0	0.0253918
7910.0	0.0585776
7920.0	0.116005
7930.0	0.19934
7940.0	0.303442
7950.0	0.415515
7960.0	0.524289
7970.0	0.623563
7980.0	0.707472
7990.0	0.764076
8000.0	0.81023
8010.0	0.840402
8020.000000000001	0.862077
8030.000000000001	0.881172
8040.000000000001	0.893117
8050.000000000001	0.905565
8060.000000000001	0.897031
8070.000000000001	0.880671
8080.000000000001	0.850257
8090.000000000001	0.829965
8100.000000000001	0.81409
8110.000000000001	0.807657
8120.000000000001	0.811454
8129.999999999999	0.816558
8139.999999999999	0.813233
8149.999999999999	0.805295
8159.999999999999	0.795825
8169.999999999999	0.794306
8179.999999999999	0.807019
8189.999999999999	0.833528
8200.0	0.85949
8210.0	0.886699
8220.0	0.902411
8230.0	0.912851
8240.0	0.908123
8250.0	0.8941
8260.0	0.878477
8270.0	0.865341
8280.0	0.860034
8290.0	0.863133
8300.0	0.865251
8310.0	0.865947
8320.0	0.865795
8330.0	0.85784
8340.0	0.844666
8350.0	0.836182
8360.0	0.829632
8370.0	0.834214
8380.0	0.84037
8390.0	0.846818
8400.0	0.849443
8410.0	0.853072
8420.0	0.862252
8430.0	0.865193
8440.0	0.879981
8450.0	0.887617
8460.0	0.890521
8470.0	0.902488
8480.0	0.899627
8490.0	0.908965
8500.0	0.912041
8510.0	0.915201
8520.0	0.914591
8530.0	0.910001
8540.0	0.899554
8550.0	0.889493
8560.0	0.882735
8570.0	0.87468
8580.0	0.869102
8590.0	0.861184
8600.0	0.852895
8610.0	0.843274
8620.0	0.835518
8630.0	0.832222
8640.0	0.839377
8650.0	0.846269
8660.0	0.854108
8670.0	0.866993
8680.0	0.877476
8690.0	0.89299
8700.0	0.905857
8710.0	0.913026
8720.0	0.918143
8730.0	0.918922
8740.0	0.915723
8750.0	0.910128
8760.0	0.899133
8770.0	0.888305
8780.0	0.875968
8790.0	0.866738
8800.0	0.86537
8810.0	0.864324
8820.0	0.856103
8830.0	0.839307
8840.0	0.826099
8850.0	0.813083
8860.0	0.800774
8870.0	0.795051
8880.0	0.793389
8890.0	0.804867
8900.0	0.818851
8910.0	0.832044
8920.0	0.849849
8930.0	0.877222
8940.0	0.897561
8950.0	0.899142
8960.0	0.899664
8970.0	0.890979
8980.0	0.883662
8990.0	0.87616
9000.0	0.866088
9010.0	0.855429
9020.0	0.842188
9030.0	0.828226
9040.0	0.815694
9050.0	0.809362
9060.0	0.804254
9070.0	0.799732
9080.0	0.800157
9090.0	0.802836
9100.0	0.811037
9110.0	0.820744
9120.0	0.83302
9130.0	0.846923
9140.0	0.86285
9150.0	0.880822
9160.0	0.895049
9170.0	0.909865
9180.0	0.921417
9190.0	0.927669
9200.0	0.931237
9210.0	0.932868
9220.0	0.931945
9230.0	0.930176
9240.0	0.919227
9250.0	0.905737
9260.0	0.897425
9270.0	0.887458
9280.0	0.879972
9290.0	0.873032
9300.0	0.868337
9310.0	0.86572
9320.0	0.864055
9330.0	0.862601
9340.0	0.860682
9350.0	0.858079
9360.0	0.858486
9370.0	0.858665
9380.0	0.860262
9390.0	0.865739
9400.0	0.875
9410.0	0.885041
9420.0	0.896212
9430.0	0.909348
9440.0	0.919539
9450.0	0.925121
9460.0	0.92932
9470.0	0.928514
9480.0	0.924867
9490.0	0.920177
9500.0	0.913179
9510.0	0.907713
9520.0	0.904228
9530.0	0.900549
9540.0	0.893716
9550.0	0.88678
9560.0	0.882755
9570.0	0.87884
9580.0	0.876582
9590.0	0.879317
9600.0	0.882296
9610.0	0.886662
9620.0	0.889028
9630.0	0.892731
9640.0	0.8999
9650.0	0.9093
9660.0	0.920172
9670.0	0.925283
9680.0	0.927967
9690.0	0.931677
9700.0	0.934062
9710.0	0.933199
9720.0	0.931826
9730.0	0.931783
9740.0	0.930897
9750.0	0.930894
9760.0	0.92744
9770.0	0.923857
9780.0	0.916844
9790.0	0.906402
9800.0	0.901217
9810.0	0.900595
9820.0	0.90023
9830.0	0.904792
9840.0	0.914165
9850.0	0.92718
9860.0	0.941462
9870.0	0.951447
9880.0	0.955086
9890.0	0.960379
9900.0	0.958847
9910.0	0.954676
9920.0	0.950403
9930.0	0.945506
9940.0	0.939987
9950.0	0.933425
9960.0	0.927766
9970.0	0.923187
9980.0	0.918419
9990.0	0.913397
10000.0	0.905514
10009.999999999998	0.877657
10020.0	0.818117
10029.999999999998	0.727267
10040.0	0.603887
10049.999999999998	0.47261
10060.0	0.371467
10069.999999999998	0.296752
10080.0	0.237436
10089.999999999998	0.192182
10100.0	0.157495
10109.999999999998	0.131236
10120.0	0.110342
10129.999999999998	0.0968202
10140.0	0.0829644
10149.999999999998	0.0712997
10160.0	0.0624009
10169.999999999998	0.0564349
10180.0	0.0488414
10189.999999999998	0.0416585
10200.0	0.0339347
10209.999999999998	0.0259439
10220.0	0.0191611
10230.0	0.0138011
10240.0	0.00960284
10250.0	0.00662765
10260.0	0.00457419
10270.0	0.00315531
10280.0	0.00220914
10290.0	0.00157701
10300.0	0.00113539
10310.0	0.000824415
10320.0	0.000611557
10330.0	0.000456439
10340.0	0.00034212
10350.0	0.00026185
10360.0	0.000202762
10370.0	0.000158005
10380.0	0.00012475
10390.0	9.98331e-05
10400.0	8.05189e-05
10410.0	6.58139e-05
10420.0	5.43294e-05
10430.0	4.56988e-05
10440.0	3.90843e-05
10450.0	3.33876e-05
10460.0	2.92962e-05
10470.0	2.62133e-05
10480.0	2.34167e-05
10490.0	2.17539e-05
10500.0	1.99841e-05
10510.0	1.76658e-05
10520.0	1.62472e-05
10530.0	1.43763e-05
10540.0	1.27065e-05
10550.0	1.25928e-05
10560.0	1.22356e-05
10570.0	1.15469e-05
10580.0	1.11394e-05
10590.0	1.05382e-05
10600.0	1.02926e-05
10610.0	1.00045e-05
10620.0	9.13165e-06
10630.0	8.3886e-06
10640.0	7.88635e-06
10650.0	7.57702e-06
10660.0	7.0637e-06
10670.0	6.94871e-06
10680.0	6.92275e-06
10690.0	6.62548e-06
10700.0	6.55279e-06
10710.0	6.3541e-06
10720.0	6.41432e-06
10730.0	6.55928e-06
10740.0	6.11832e-06
10750.0	6.27829e-06
10760.0	6.39938e-06
10770.0	6.81092e-06
10780.0	6.74891e-06
10790.0	6.05811e-06
10800.0	6.30924e-06
10810.0	6.60618e-06
10820.0	6.39522e-06
10830.0	6.15263e-06
10840.0	5.7387e-06
10850.0	5.5964e-06
10860.0	5.85879e-06
10870.0	5.44722e-06
10880.0	5.00442e-06
10890.0	4.66626e-06
10900.0	4.18918e-06
10910.0	4.02891e-06
10920.0	3.86806e-06
10930.0	3.31864e-06
10940.0	3.1682e-06
10950.0	3.2615e-06
10960.0	3.12324e-06
10970.0	3.04882e-06
10980.0	2.79153e-06
10990.0	2.62878e-06
11000.0	2.73035e-06
11010.0	2.62306e-06
11020.0	2.5835e-06
11030.0	2.63946e-06
11040.000000000002	2.5715e-06
11050.0	2.41179e-06
11060.000000000002	2.33338e-06
11070.0	2.4032e-06
11080.000000000002	2.32144e-06
11090.0	2.07114e-06
11100.000000000002	1.8119e-06
11110.0	1.57433e-06
11120.000000000002	1.44295e-06
11130.0	1.34663e-06
11140.000000000002	1.23839e-06
11150.0	1.1288e-06
11160.000000000002	1.04395e-06
11170.0	9.28756e-07
11180.000000000002	8.17884e-07
11190.0	8.25143e-07
11200.000000000002	8.21036e-07
11210.0	7.64897e-07
11220.000000000002	6.46286e-07
11230.0	6.5188e-07
11240.000000000002	6.79958e-07
11250.0	7.00454e-07
11259.999999999998	7.65597e-07
11270.0	7.2562e-07
11279.999999999998	7.25679e-07
11290.0	8.34853e-07
11299.999999999998	9.43599e-07
11310.0	1.0373e-06
11319.999999999998	1.37127e-06
11330.0	1.79677e-06
11339.999999999998	2.08459e-06
11350.0	3.11778e-06
11359.999999999998	4.64809e-06
11370.0	5.57167e-06
11379.999999999998	6.44369e-06
11390.0	5.77072e-06
11399.999999999998	3.99472e-06
11410.0	2.51821e-06
11419.999999999998	1.56596e-06
11430.0	9.7677e-07
11439.999999999998	6.71384e-07
11450.0	5.00071e-07
11459.999999999998	3.92226e-07
11470.0	3.16407e-07
11480.0	2.43014e-07
11490.0	1.97818e-07
11500.0	1.69255e-07
11510.0	1.38069e-07
11520.0	1.18901e-07
11530.0	1.05408e-07
11540.0	9.06632e-08
11550.0	8.28896e-08
11560.0	7.42527e-08
11570.0	6.58003e-08
11580.0	5.87312e-08
11590.0	4.97588e-08
11600.0	4.44654e-08
11610.0	4.09535e-08
11620.0	3.81605e-08
11630.0	3.40116e-08
11640.0	3.09639e-08
11650.0	2.65726e-08
11660.0	2.0644e-08
11670.0	1.85335e-08
11680.0	1.77801e-08
11690.0	1.49219e-08
11700.0	1.21547e-08
11710.0	0.0
11720.0	0.0
11730.0	0.0
11740.0	0.0
11750.0	0.0
11760.0	0.0
11770.0	0.0
11780.0	0.0
11790.0	0.0
11800.0	0.0
11810.0	0.0
11820.0	0.0
11830.0	0.0
11840.0	0.0
11850.0	0.0
11860.0	0.0
11870.0	0.0
11880.0	0.0
11890.0	0.0
11900.0	0.0
11910.0	0.0
11920.0	0.0
11930.0	0.0
11940.0	0.0
11950.0	0.0
11960.0	0.0
11970.0	0.0
11980.0	0.0
11990.0	0.0
12000.0	0.0
12010.0	0.0
12020.0	0.0
12030.0	0.0
12040.0	0.0
12050.0	0.0
12060.0	0.0
12070.0	0.0
12080.0	0.0
12090.0	0.0
12100.0	0.0
12110.0	0.0
12120.0	0.0
12130.0	0.0
12140.0	0.0
12150.0	0.0
12160.0	0.0
12170.0	0.0
12180.0	0.0
12190.0	0.0
12200.0	0.0
12210.0	0.0
12220.0	0.0
12230.0	0.0
12240.0	0.0
12250.0	0.0
12260.0	0.0
12270.0	0.0
12280.0	0.0
12290.000000000002	0.0
12300.0	0.0
12310.000000000002	0.0
12320.0	0.0
12330.000000000002	0.0
12340.0	0.0
12350.000000000002	0.0
12360.0	0.0
12370.000000000002	0.0
12380.0	0.0
12390.000000000002	0.0
12400.0	0.0
12410.000000000002	0.0
12420.0	0.0
12430.000000000002	0.0
12440.0	0.0
12450.000000000002	0.0
12460.0	0.0
12470.000000000002	0.0
12480.0	0.0
12490.000000000002	0.0
12500.0	0.0
12509.999999999998	0.0
12520.0	0.0
12529.999999999998	0.0
12540.0	0.0
12549.999999999998	0.0
12560.0	0.0
12569.999999999998	0.0
12580.0	0.0
12589.999999999998	0.0
12600.0	0.0
12609.999999999998	0.0
12620.0	0.0
12629.999999999998	0.0
12640.0	0.0
12649.999999999998	0.0
12660.0	0.0
12669.999999999998	0.0
12680.0	0.0
12689.999999999998	0.0
12700.0	0.0
12709.999999999998	0.0
12720.0	0.0
12730.0	0.0
12740.0	0.0
12750.0	0.0
12760.0	0.0
12770.0	0.0
12780.0	0.0
12790.0	0.0
12800.0	0.0
12810.0	0.0
12820.0	0.0
12830.0	0.0
12840.0	0.0
12850.0	0.0
12860.0	0.0
12870.0	0.0
12880.0	0.0
12890.0	0.0
12900.0	0.0
12910.0	0.0
12920.0	0.0
12930.0	0.0
12940.0	0.0
12950.0	0.0
12960.0	0.0
12970.0	0.0
12980.0	0.0
12990.0	0.0
13000.0	0.0
13010.0	0.0
13020.0	0.0
13030.0	0.0
13040.0	0.0
13050.0	0.0
13060.0	0.0
13070.0	0.0
13080.0	0.0
13090.0	0.0
13100.0	0.0
13110.0	0.0
13120.0	0.0
13130.0	0.0
13140.0	0.0
13150.0	0.0
13160.0	0.0
13170.0	0.0
13180.0	1.18979e-08
13190.0	1.59444e-08
13200.0	1.87739e-08
13210.0	2.02449e-08
13220.0	2.453e-08
13230.0	3.05996e-08
13240.0	3.56021e-08
13250.0	4.27996e-08
13260.0	4.39379e-08
13270.0	4.2882e-08
13280.0	4.66544e-08
13290.0	5.04081e-08
13300.0	5.68796e-08
13310.0	5.97417e-08
13320.0	6.06845e-08
13330.0	6.29428e-08
13340.0	6.21912e-08
13350.0	6.29793e-08
13360.0	6.78028e-08
13370.0	6.91864e-08
13380.0	6.79897e-08
13390.0	7.21139e-08
13400.0	7.74465e-08
13410.0	8.03933e-08
13420.0	8.74772e-08
13430.0	9.2738e-08
13440.0	1.01451e-07
13450.0	1.15924e-07
13460.0	1.19524e-07
13470.0	1.4122e-07
13480.0	1.80809e-07
13490.0	2.142e-07
13500.0	2.77571e-07
13510.0	3.40732e-07
13520.0	4.24909e-07
13530.0	5.38921e-07
13540.000000000002	6.83051e-07
13550.0	7.69997e-07
13560.000000000002	8.73394e-07
13570.0	8.80407e-07
13580.000000000002	8.00746e-07
13590.0	7.05813e-07
13600.000000000002	5.12187e-07
13610.0	3.86248e-07
13620.000000000002	2.98137e-07
13630.0	2.55395e-07
13640.000000000002	2.46789e-07
13650.0	2.02601e-07
13660.000000000002	1.71304e-07
13670.0	1.67626e-07
13680.000000000002	1.43332e-07
13690.0	1.20486e-07
13700.000000000002	1.11283e-07
13710.0	9.72034e-08
13720.000000000002	9.73305e-08
13730.0	9.02415e-08
13740.000000000002	8.55393e-08
13750.0	8.4355e-08
13759.999999999998	7.67843e-08
13770.0	7.66885e-08
13779.999999999998	7.38009e-08
13790.0	6.73651e-08
13799.999999999998	7.42435e-08
13810.0	7.05651e-08
13819.999999999998	6.29573e-08
13830.0	6.58137e-08
13839.999999999998	7.3964e-08
13850.0	7.08927e-08
13859.999999999998	6.5448e-08
13870.0	6.79114e-08
13879.999999999998	7.51812e-08
13890.0	7.64967e-08
13899.999999999998	7.43689e-08
13910.0	8.22209e-08
13919.999999999998	8.9133e-08
13930.0	9.13596e-08
13939.999999999998	9.27832e-08
13950.0	1.0301e-07
13959.999999999998	1.17399e-07
13970.0	1.13293e-07
13980.0	1.20336e-07
13990.0	1.29058e-07
14000.0	1.33334e-07
14010.0	1.63171e-07
14020.0	1.81553e-07
14030.0	1.85744e-07
14040.0	2.30957e-07
14050.0	2.52488e-07
14060.0	2.90894e-07
14070.0	3.15511e-07
14080.0	3.64384e-07
14090.0	4.80222e-07
14100.0	5.48525e-07
14110.0	5.95427e-07
14120.0	7.03575e-07
14130.0	8.05782e-07
14140.0	9.14558e-07
14150.0	1.02599e-06
14160.0	1.00338e-06
14170.0	1.00588e-06
14180.0	1.08704e-06
14190.0	1.12309e-06
14200.0	1.12053e-06
14210.0	1.07892e-06
14220.0	9.84763e-07
14230.0	9.20394e-07
14240.0	8.15277e-07
14250.0	7.3525e-07
14260.0	6.69173e-07
14270.0	6.27854e-07
14280.0	6.40137e-07
14290.0	5.77274e-07
14300.0	5.59148e-07
14310.0	5.78117e-07
14320.0	5.86131e-07
14330.0	5.67824e-07
14340.0	5.51898e-07
14350.0	5.38903e-07
14360.0	5.03003e-07
14370.0	4.71856e-07
14380.0	4.62292e-07
14390.0	4.88439e-07
14400.0	5.20339e-07
14410.0	5.03044e-07
14420.0	5.18446e-07
14430.0	5.29231e-07
14440.0	5.89516e-07
14450.0	6.23646e-07
14460.0	5.98966e-07
14470.0	6.65941e-07
14480.0	6.6504e-07
14490.0	6.6546e-07
14500.0	7.70403e-07
14510.0	7.9253e-07
14520.0	7.9325e-07
14530.0	9.01934e-07
14540.0	1.03397e-06
14550.0	1.13765e-06
14560.0	1.10259e-06
14570.0	1.14103e-06
14580.0	1.24556e-06
14590.0	1.24871e-06
14600.0	1.34592e-06
14610.0	1.58941e-06
14620.0	1.70211e-06
14630.0	1.73335e-06
14640.0	1.82209e-06
14650.0	2.04449e-06
14660.0	2.11309e-06
14670.0	2.01832e-06
14680.0	2.20399e-06
14690.0	2.35851e-06
14700.0	2.4023e-06
14710.0	2.38419e-06
14720.0	2.28146e-06
14730.0	2.25432e-06
14740.0	2.37779e-06
14750.0	2.34603e-06
14760.0	2.33833e-06
14770.0	2.39292e-06
14780.0	2.38296e-06
14790.000000000002	2.24655e-06
14800.0	2.23612e-06
14810.000000000002	2.41719e-06
14820.0	2.47205e-06
14830.000000000002	2.39041e-06
14840.0	2.42986e-06
14850.000000000002	2.58356e-06
14860.0	2.62914e-06
14870.000000000002	2.68007e-06
14880.0	2.66119e-06
14890.000000000002	2.6046e-06
14900.0	2.61756e-06
14910.000000000002	2.809e-06
14920.0	2.84878e-06
14930.000000000002	2.84797e-06
14940.0	2.89327e-06
14950.000000000002	3.04364e-06
14960.0	3.38699e-06
14970.000000000002	3.49484e-06
14980.0	3.65184e-06
14990.000000000002	3.85122e-06
15000.0	3.73133e-06
15009.999999999998	4.02136e-06
15020.0	4.45623e-06
15029.999999999998	4.42782e-06
15040.0	4.63851e-06
15049.999999999998	4.99856e-06
15060.0	5.22209e-06
15069.999999999998	5.82122e-06
15080.0	6.40576e-06
15089.999999999998	6.67603e-06
15100.0	6.74875e-06
15109.999999999998	6.69597e-06
15120.0	7.43919e-06
15129.999999999998	7.90348e-06
15140.0	8.1908e-06
15149.999999999998	8.10106e-06
15160.0	8.28045e-06
15169.999999999998	9.24482e-06
15180.0	8.69585e-06
15189.999999999998	8.70206e-06
15200.0	9.76369e-06
15209.999999999998	1.01422e-05
15220.0	9.52456e-06
15230.0	8.89842e-06
15240.0	9.31483e-06
15250.0	9.27147e-06
15260.0	9.2881e-06
15270.0	9.21155e-06
15280.0	8.78028e-06
15290.0	8.65497e-06
15300.0	8.46644e-06
15310.0	8.61856e-06
15320.0	8.4085e-06
15330.0	8.10172e-06
15340.0	8.08431e-06
15350.0	8.07075e-06
15360.0	8.50915e-06
15370.0	7.63628e-06
15380.0	7.14911e-06
15390.0	7.29042e-06
15400.0	8.13789e-06
15410.0	8.47778e-06
15420.0	7.73535e-06
15430.0	8.50974e-06
15440.0	8.34607e-06
15450.0	7.85414e-06
15460.0	8.59271e-06
15470.0	8.73503e-06
15480.0	8.61158e-06
15490.0	8.3036e-06
15500.0	8.28641e-06
15510.0	8.39615e-06
15520.0	8.44052e-06
15530.0	8.58026e-06
15540.0	8.76631e-06
15550.0	9.30717e-06
15560.0	9.68355e-06
15570.0	9.86107e-06
15580.0	9.84565e-06
15590.0	1.02095e-05
15600.0	1.03202e-05
15610.0	9.86655e-06
15620.0	1.01193e-05
15630.0	1.03739e-05
15640.0	1.02e-05
15650.0	1.02101e-05
15660.0	1.00001e-05
15670.0	9.96862e-06
15680.0	1.00292e-05
15690.0	1.05109e-05
15700.0	1.07763e-05
15710.0	1.06948e-05
15720.0	1.05739e-05
15730.0	9.9681e-06
15740.0	9.82013e-06
15750.0	1.03075e-05
15760.0	1.07502e-05
15770.0	1.05285e-05
15780.0	1.00404e-05
15790.0	9.56581e-06
15800.0	1.03443e-05
15810.0	1.07283e-05
15820.0	9.68543e-06
15830.0	9.92303e-06
15840.0	1.00515e-05
15850.0	9.81833e-06
15860.0	9.9165e-06
15870.0	9.54094e-06
15880.0	9.51727e-06
15890.0	9.93645e-06
15900.0	1.00002e-05
15910.0	9.9005e-06
15920.0	9.74481e-06
15930.0	9.7338e-06
15940.0	9.43859e-06
15950.0	9.04164e-06
15960.0	8.97447e-06
15970.0	9.75914e-06
15980.0	9.84263e-06
15990.0	9.12879e-06
16000.0	9.75618e-06
16010.0	1.0714e-05
16020.0	1.0517e-05
16030.0	9.52073e-06
16040.000000000002	9.7676e-06
16050.0	1.03211e-05
16060.000000000002	1.05631e-05
16070.0	1.04372e-05
16080.000000000002	1.03767e-05
16090.0	1.00075e-05
16100.000000000002	1.09206e-05
16110.0	1.15336e-05
16120.000000000002	1.05622e-05
16130.0	1.0538e-05
16140.000000000002	1.05874e-05
16150.0	1.11156e-05
16160.000000000002	1.03574e-05
16170.0	1.02788e-05
16180.000000000002	1.1283e-05
16190.0	1.13112e-05
16200.000000000002	1.09698e-05
16210.0	1.0861e-05
16220.000000000002	1.15649e-05
16230.0	1.2135e-05
16240.000000000002	1.19631e-05
16250.0	1.16972e-05
16259.999999999998	1.13086e-05
16270.0	1.09937e-05
16279.999999999998	1.08328e-05
16290.0	1.08579e-05
16299.999999999998	1.08066e-05
16310.0	1.19686e-05
16319.999999999998	1.24697e-05
16330.0	1.15772e-05
16339.999999999998	1.12845e-05
16350.0	1.20057e-05
16359.999999999998	1.14735e-05
16370.0	1.09295e-05
16379.999999999998	1.11861e-05
16390.0	1.11369e-05
16400.0	1.16436e-05
16410.0	1.21224e-05
16420.0	1.22571e-05
16430.0	1.2238e-05
16440.0	1.24471e-05
16450.0	1.27025e-05
16460.0	1.19341e-05
16470.0	1.19616e-05
16480.0	1.22334e-05
16490.0	1.18595e-05
16500.0	1.23392e-05
16510.0	1.25079e-05
16520.0	1.21537e-05
16530.0	1.2232e-05
16540.0	1.1724e-05
16550.0	1.2366e-05
16560.0	1.29187e-05
16570.0	1.32948e-05
16580.0	1.34832e-05
16590.0	1.24716e-05
16600.0	1.18042e-05
16610.0	1.22338e-05
16620.0	1.28442e-05
16630.0	1.28165e-05
16640.0	1.2583e-05
16650.0	1.24302e-05
16660.0	1.23784e-05
16670.0	1.25671e-05
16680.0	1.21519e-05
16690.0	1.25389e-05
16700.0	1.26445e-05
16710.0	1.3095e-05
16720.0	1.3569e-05
16730.0	1.33467e-05
16740.0	1.28616e-05
16750.0	1.29291e-05
16760.0	1.23856e-05
16770.0	1.24119e-05
16780.0	1.26305e-05
16790.0	1.23491e-05
16800.0	1.22588e-05
16810.0	1.24928e-05
16820.0	1.243e-05
16830.0	1.23544e-05
16840.0	1.32049e-05
16850.0	1.32983e-05
16860.0	1.25628e-05
16870.0	1.19519e-05
16880.0	1.23794e-05
16890.0	1.20597e-05
16900.0	1.23926e-05
16910.0	1.21268e-05
16920.0	1.13177e-05
16930.0	1.15683e-05
16940.0	1.19249e-05
16950.0	1.1708e-05
16960.0	1.12683e-05
16970.0	1.16815e-05
16980.0	1.13461e-05
16990.0	1.18034e-05
17000.0	1.2383e-05
17010.0	1.18331e-05
17020.0	1.09447e-05
17030.0	1.08497e-05
17040.0	1.14852e-05
17050.0	1.12958e-05
17060.0	1.04791e-05
17070.0	1.05044e-05
17080.0	1.11824e-05
17090.0	1.16302e-05
17100.0	1.17294e-05
17110.0	1.2224e-05
17120.0	1.2772e-05
17130.0	1.22122e-05
17140.0	1.18626e-05
17150.0	1.23712e-05
17160.0	1.29043e-05
17170.0	1.28785e-05
17180.0	1.23814e-05
17190.0	1.20985e-05
17200.0	1.13583e-05
17210.0	1.17149e-05
17220.0	1.22543e-05
17230.0	1.24432e-05
17240.0	1.31948e-05
17250.0	1.2939e-05
17260.0	1.20908e-05
17270.0	1.16181e-05
17280.0	1.2579e-05
17290.0	1.40564e-05
17300.0	1.46128e-05
17310.0	1.40323e-05
17320.0	1.44559e-05
17330.0	1.51143e-05
17340.0	1.5046e-05
17350.0	1.4875e-05
17360.0	1.50027e-05
17370.0	1.55609e-05
17380.0	1.57588e-05
17390.0	1.51929e-05
17400.0	1.4567e-05
17410.0	1.49333e-05
17420.0	1.52037e-05
17430.0	1.56927e-05
17440.0	1.66261e-05
17450.0	1.69591e-05
17460.0	1.60313e-05
17470.0	1.63797e-05
17480.0	1.65328e-05
17490.0	1.52432e-05
17500.0	1.56688e-05
17510.0	1.62421e-05
17520.0	1.61074e-05
17530.0	1.54166e-05
17540.0	1.49748e-05
17550.0	1.55728e-05
17560.0	1.63491e-05
17570.0	1.64227e-05
17580.0	1.52814e-05
17590.0	1.49025e-05
17600.0	1.46441e-05
17610.0	1.49424e-05
17620.0	1.46676e-05
17630.0	1.40481e-05
17640.0	1.46464e-05
17650.0	1.47179e-05
17660.0	1.42357e-05
17670.0	1.48623e-05
17680.0	1.50648e-05
17690.0	1.43095e-05
17700.0	1.42376e-05
17710.0	1.49078e-05
17720.0	1.35033e-05
17730.0	1.29298e-05
17740.0	1.46906e-05
17750.0	1.54261e-05
17760.0	1.42911e-05
17770.0	1.28377e-05
17780.0	1.39549e-05
17790.0	1.47507e-05
17800.0	1.44993e-05
17810.0	1.43806e-05
17820.0	1.47648e-05
17830.0	1.54124e-05
17840.0	1.43929e-05
17850.0	1.41867e-05
17860.0	1.44617e-05
17870.0	1.4466e-05
17880.0	1.39807e-05
17890.0	1.44769e-05
17900.0	1.48086e-05
17910.0	1.52019e-05
17920.0	1.60011e-05
17930.0	1.55323e-05
17940.0	1.53525e-05
17950.0	1.50889e-05
17960.0	1.55497e-05
17970.0	1.5633e-05
17980.0	1.44908e-05
17990.0	1.48465e-05
18000.0	1.52561e-05
18010.0	1.68213e-05
18020.0	1.77033e-05
18030.0	1.7041e-05
18040.0	1.62682e-05
18050.0	1.59252e-05
18060.0	1.6198e-05
18070.0	1.64982e-05
18080.0	1.69709e-05
18090.0	1.58077e-05
18100.0	1.62492e-05
18110.0	1.86851e-05
18120.0	1.81894e-05
18130.0	1.81573e-05
18140.0	1.80974e-05
18150.0	1.7862e-05
18160.0	1.80962e-05
18170.0	1.84464e-05
18180.0	1.97997e-05
18190.0	2.0269e-05
18200.0	1.94532e-05
18210.0	1.92269e-05
18220.0	2.00118e-05
18230.0	1.93847e-05
18240.0	1.97802e-05
18250.0	1.99647e-05
18260.0	2.08379e-05
18270.0	2.10073e-05
18280.0	2.10779e-05
18290.0	2.13776e-05
18300.0	2.01602e-05
18310.0	2.29764e-05
18320.0	2.37184e-05
18330.0	2.19938e-05
18340.0	2.31526e-05
18350.0	2.38943e-05
18360.0	2.19935e-05
18370.0	2.05952e-05
18380.0	2.10453e-05
18390.0	2.20645e-05
18400.0	2.30224e-05
18410.0	2.3099e-05
18420.0	2.15688e-05
18430.0	2.16906e-05
18440.0	2.37309e-05
18450.0	2.56487e-05
18460.0	2.25122e-05
18470.0	2.02898e-05
18480.0	2.18827e-05
18490.0	2.30547e-05
18500.0	2.28128e-05
18510.0	2.22148e-05
18520.0	2.35245e-05
18530.0	2.37675e-05
18540.0	2.24135e-05
18550.0	2.1858e-05
18560.0	2.28898e-05
18570.0	2.23849e-05
18580.0	2.09001e-05
18590.0	2.24172e-05
18600.0	2.26007e-05
18610.0	2.37635e-05
18620.0	2.53443e-05
18630.0	2.30553e-05
18640.0	2.20407e-05
18650.0	2.27106e-05
18660.0	2.35107e-05
18670.0	2.33555e-05
18680.0	2.40179e-05
18690.0	2.4038e-05
18700.0	2.37732e-05
18710.0	2.3497e-05
18720.0	2.34903e-05
18730.0	2.30057e-05
18740.0	2.4283e-05
18750.0	2.46654e-05
18760.0	2.35904e-05
18770.0	2.43511e-05
18780.0	2.25521e-05
18790.0	2.08699e-05
18800.0	2.26435e-05
18810.0	2.34589e-05
18820.0	2.29406e-05
18830.0	2.32992e-05
18840.0	2.36701e-05
18850.0	2.2664e-05
18860.0	2.28169e-05
18870.0	2.36014e-05
18880.0	2.2353e-05
18890.0	2.09939e-05
18900.0	2.26128e-05
18910.0	2.29608e-05
18920.0	2.22455e-05
18930.0	2.3447e-05
18940.0	2.37489e-05
18950.0	2.20067e-05
18960.0	2.16135e-05
18970.0	2.24987e-05
18980.0	2.28409e-05
18990.0	2.17571e-05
19000.0	2.14748e-05
19010.0	2.2072e-05
19020.0	2.23769e-05
19030.0	2.20442e-05
19040.0	2.04923e-05
19050.0	2.08114e-05
19060.0	2.15133e-05
19070.0	2.16706e-05
19080.0	2.1909e-05
19090.0	2.17666e-05
19100.0	1.98165e-05
19110.0	2.03622e-05
19120.0	2.25114e-05
19130.0	2.2542e-05
19140.0	2.09152e-05
19150.0	2.01061e-05
19160.0	2.12276e-05
19170.0	2.0785e-05
19180.0	1.81007e-05
19190.0	1.91452e-05
19200.0	2.07695e-05
19210.0	2.02827e-05
19220.0	1.94112e-05
19230.0	1.95529e-05
19240.0	1.97179e-05
19250.0	1.8735e-05
19260.0	1.8287e-05
19270.0	1.94011e-05
19280.0	2.02076e-05
19290.0	1.9611e-05
19300.0	1.87736e-05
19310.0	1.81421e-05
19320.0	1.79499e-05
19330.0	1.86098e-05
19340.0	1.95537e-05
19350.0	1.95109e-05
19360.0	1.98151e-05
19370.0	1.92283e-05
19380.0	2.01406e-05
19390.0	2.04839e-05
19400.0	1.95042e-05
19410.0	1.91518e-05
19420.0	1.99117e-05
19430.0	2.01895e-05
19440.0	2.01337e-05
19450.0	2.01144e-05
19460.0	1.90937e-05
19470.0	1.96008e-05
19480.0	2.00282e-05
19490.0	2.06374e-05
19500.0	2.0996e-05
19510.0	2.15311e-05
19520.0	2.15574e-05
19530.0	2.15775e-05
19540.0	2.16483e-05
19550.0	2.19973e-05
19560.0	2.27573e-05
19570.0	2.24202e-05
19580.0	2.18315e-05
19590.0	2.16766e-05
19600.0	2.23956e-05
19610.0	2.29991e-05
19620.0	2.18474e-05
19630.0	2.1372e-05
19640.0	2.03228e-05
19650.0	1.98423e-05
19660.0	2.36407e-05
19670.0	2.35298e-05
19680.0	2.14857e-05
19690.0	2.28849e-05
19700.0	2.38997e-05
19710.0	2.2739e-05
19720.0	2.32005e-05
19730.0	2.37151e-05
19740.0	2.28772e-05
19750.0	2.28718e-05
19760.0	2.27665e-05
19770.0	2.1158e-05
19780.0	2.16676e-05
19790.0	2.17488e-05
19800.0	2.06537e-05
19810.0	1.98415e-05
19820.0	1.99487e-05
19830.0	1.97435e-05
19840.0	1.93996e-05
19850.0	1.88991e-05
19860.0	1.79309e-05
19870.0	1.74437e-05
19880.0	1.6915e-05
19890.0	1.60955e-05
19900.0	1.58084e-05
19910.0	1.6208e-05
19920.0	1.65182e-05
19930.0	1.57842e-05
19940.0	1.54265e-05
19950.0	1.57608e-05
19960.0	1.48977e-05
19970.0	1.55323e-05
19980.0	1.43663e-05
19990.0	1.33371e-05
20000.0	1.40801e-05
20010.0	1.40879e-05
20019.999999999996	1.38159e-05
20030.0	1.31946e-05
20040.0	1.29807e-05
20050.0	1.3039e-05
20059.999999999996	1.27035e-05
20070.0	1.19952e-05
20080.0	1.23116e-05
20090.0	1.34811e-05
20099.999999999996	1.29954e-05
20110.0	1.19104e-05
20120.0	1.17596e-05
20130.0	1.09172e-05
20139.999999999996	1.03205e-05
20150.0	1.10603e-05
20160.0	1.16968e-05
20170.0	1.11475e-05
20179.999999999996	1.03735e-05
20190.0	1.12288e-05
20200.0	1.12361e-05
20210.0	1.11862e-05
20219.999999999996	1.09542e-05
20230.0	1.07386e-05
20240.0	1.06958e-05
20250.0	1.08674e-05
20259.999999999996	1.06664e-05
20270.0	1.08355e-05
20280.0	1.16908e-05
20290.0	1.13586e-05
20299.999999999996	1.08022e-05
20310.0	1.1237e-05
20320.0	1.09696e-05
20330.0	1.03079e-05
20339.999999999996	1.03691e-05
20350.0	1.107e-05
20360.0	1.17202e-05
20370.0	1.13245e-05
20379.999999999996	1.2148e-05
20390.0	1.24391e-05
20400.0	1.20352e-05
20410.0	1.19157e-05
20419.999999999996	1.14578e-05
20430.0	1.19026e-05
20440.0	1.24449e-05
20450.0	1.20913e-05
20460.0	1.19522e-05
20470.0	1.09537e-05
20480.0	1.10855e-05
20490.0	1.21688e-05
20500.0	1.12976e-05
20510.0	1.07272e-05
20520.0	1.14606e-05
20530.0	1.11553e-05
20540.0	1.07265e-05
20550.0	1.08397e-05
20560.0	1.20806e-05
20570.0	1.30495e-05
20580.0	1.28743e-05
20590.0	1.30632e-05
20600.0	1.25679e-05
20610.0	1.14648e-05
20620.0	1.20742e-05
20630.0	1.3051e-05
20640.0	1.33775e-05
20650.0	1.30874e-05
20660.0	1.22533e-05
20670.0	1.19344e-05
20680.0	1.15476e-05
20690.0	1.19936e-05
20700.0	1.22847e-05
20710.0	1.17246e-05
20720.0	1.14178e-05
20730.0	1.1863e-05
20740.0	1.21128e-05
20750.0	1.1836e-05
20760.0	1.13617e-05
20770.0	1.14711e-05
20780.0	1.17504e-05
20790.0	1.17956e-05
20800.0	1.08864e-05
20810.0	1.06081e-05
20820.0	1.10803e-05
20830.000000000004	1.10691e-05
20840.0	1.07786e-05
20850.0	1.23259e-05
20860.0	1.2543e-05
20870.000000000004	1.23261e-05
20880.0	1.23599e-05
20890.0	1.17438e-05
20900.0	1.2735e-05
20910.000000000004	1.22993e-05
20920.0	1.14805e-05
20930.0	1.21533e-05
20940.0	1.25805e-05
20950.000000000004	1.24284e-05
20960.0	1.30868e-05
20970.0	1.34014e-05
20980.0	1.48143e-05
20990.000000000004	1.62007e-05
21000.0	1.60568e-05
21010.0	1.51638e-05
21020.0	1.50178e-05
21030.000000000004	1.78069e-05
21040.0	1.83604e-05
21050.0	1.72074e-05
21060.0	1.6754e-05
21070.000000000004	1.79371e-05
21080.0	1.97791e-05
21090.0	2.09193e-05
21100.0	2.13385e-05
21110.000000000004	2.17886e-05
21120.0	2.17563e-05
21130.0	2.28474e-05
21140.0	2.35605e-05
21150.000000000004	2.39415e-05
21160.0	2.70402e-05
21170.0	2.74269e-05
21180.0	2.50358e-05
21190.000000000004	2.44096e-05
21200.0	2.51128e-05
21210.0	2.4467e-05
21220.0	2.38575e-05
21230.000000000004	2.20946e-05
21240.0	2.0069e-05
21250.0	1.78918e-05
21260.0	1.68525e-05
21269.999999999996	1.53315e-05
21280.0	1.45082e-05
21290.0	1.33503e-05
21300.0	1.12523e-05
21309.999999999996	9.94046e-06
21320.0	8.77332e-06
21330.0	8.18296e-06
21340.0	7.34823e-06
21349.999999999996	6.145e-06
21360.0	5.61986e-06
21370.0	5.04351e-06
21380.0	4.51267e-06
21389.999999999996	4.09705e-06
21400.0	3.73397e-06
21410.0	3.40235e-06
21420.0	2.99801e-06
21429.999999999996	2.68042e-06
21440.0	2.38412e-06
21450.0	2.35539e-06
21460.0	2.24121e-06
21469.999999999996	2.03705e-06
21480.0	1.73442e-06
21490.0	1.5255e-06
21500.0	1.49376e-06
21509.999999999996	1.36145e-06
21520.0	1.16256e-06
21530.0	1.09275e-06
21540.0	1.04185e-06
21549.999999999996	9.81871e-07
21560.0	8.88608e-07
21570.0	7.65602e-07
21580.0	7.53492e-07
21589.999999999996	7.34334e-07
21600.0	6.97746e-07
21610.0	6.6809e-07
21620.0	6.12503e-07
21629.999999999996	5.51625e-07
21640.0	5.49748e-07
21650.0	4.84618e-07
21660.0	4.49071e-07
21669.999999999996	4.36396e-07
21680.0	4.20476e-07
21690.0	3.86458e-07
21700.0	3.37723e-07
21710.0	3.09874e-07
21720.0	3.01504e-07
21730.0	2.89438e-07
21740.0	2.66566e-07
21750.0	2.71723e-07
21760.0	2.75334e-07
21770.0	2.44547e-07
21780.0	2.22741e-07
21790.0	2.01678e-07
21800.0	1.76852e-07
21810.0	1.85927e-07
21820.0	1.74907e-07
21830.0	1.67608e-07
21840.0	1.72816e-07
21850.0	1.7211e-07
21860.0	1.64654e-07
21870.0	1.4285e-07
21880.0	1.3821e-07
21890.0	1.31458e-07
21900.0	1.19904e-07
21910.0	1.24287e-07
21920.0	1.11423e-07
21930.0	1.05425e-07
21940.0	1.11237e-07
21950.0	1.18273e-07
21960.0	1.27533e-07
21970.0	1.17301e-07
21980.0	1.05594e-07
21990.0	1.1755e-07
22000.0	9.20825e-08
22010.0	1.12453e-07
22020.0	1.0347e-07
22030.0	9.96878e-08
22040.0	1.22058e-07
22050.0	1.18791e-07
22060.0	1.25978e-07
22070.0	1.19897e-07
22080.000000000004	1.04813e-07
22090.0	1.04785e-07
22100.0	1.02822e-07
22110.0	1.03352e-07
22120.000000000004	1.04497e-07
22130.0	1.01396e-07
22140.0	8.73147e-08
22150.0	7.94166e-08
22160.000000000004	8.62212e-08
22170.0	7.26465e-08
22180.0	6.79875e-08
22190.0	7.38133e-08
22200.000000000004	7.57503e-08
22210.0	9.96516e-08
22220.0	9.06072e-08
22230.0	7.76886e-08
22240.000000000004	8.32926e-08
22250.0	8.87373e-08
22260.0	8.06289e-08
22270.0	8.04638e-08
22280.000000000004	9.36252e-08
22290.0	7.44927e-08
22300.0	9.16016e-08
22310.0	7.83411e-08
22320.000000000004	7.47368e-08
22330.0	7.33444e-08
22340.0	7.26594e-08
22350.0	8.75448e-08
22360.000000000004	7.71558e-08
22370.0	7.40237e-08
22380.0	7.69399e-08
22390.0	8.82772e-08
22400.000000000004	6.41259e-08
22410.0	8.68426e-08
22420.0	9.03852e-08
22430.0	9.51973e-08
22440.000000000004	9.01055e-08
22450.0	7.59373e-08
22460.0	7.96385e-08
22470.0	8.16456e-08
22480.000000000004	8.65396e-08
22490.0	9.55216e-08
22500.0	7.72374e-08
22510.0	8.59485e-08
22519.999999999996	9.20771e-08
22530.0	7.16228e-08
22540.0	9.66325e-08
22550.0	8.78632e-08
22559.999999999996	6.70194e-08
22570.0	8.32583e-08
22580.0	1.05552e-07
22590.0	9.5247e-08
22599.999999999996	1.12166e-07
22610.0	9.04712e-08
22620.0	7.31158e-08
22630.0	9.0807e-08
22639.999999999996	9.32847e-08
22650.0	5.3715e-08
22660.0	7.66002e-08
22670.0	8.16604e-08
22679.999999999996	5.97286e-08
22690.0	7.41574e-08
22700.0	7.6601e-08
22710.0	6.80734e-08
22719.999999999996	7.52071e-08
22730.0	6.8199e-08
22740.0	6.05767e-08
22750.0	7.02952e-08
22759.999999999996	5.39791e-08
22770.0	5.30538e-08
22780.0	5.39257e-08
22790.0	5.40856e-08
22799.999999999996	4.53614e-08
22810.0	4.35373e-08
22820.0	5.59894e-08
22830.0	4.43683e-08
22839.999999999996	3.35906e-08
22850.0	3.97091e-08
22860.0	2.72508e-08
22870.0	3.51217e-08
22879.999999999996	3.33972e-08
22890.0	1.80714e-08
22900.0	3.06442e-08
22910.0	2.224e-08
22919.999999999996	2.61864e-08
22930.0	1.37421e-08
22940.0	1.17508e-08
22950.0	2.45533e-08
22960.0	2.22795e-08
22970.0	1.06735e-08
22980.0	1.65127e-08
22990.0	1.07134e-08
23000.0	1.43157e-08
23010.0	0.0
23020.0	0.0
23030.0	1.49577e-08
23040.0	1.51467e-08
23050.0	0.0
23060.0	0.0
23070.0	1.19519e-08
23080.0	0.0
23090.0	0.0
23100.0	1.4334e-08
23110.0	0.0
23120.0	0.0
23130.0	0.0
23140.0	0.0
23150.0	0.0
23160.0	0.0
23170.0	0.0
23180.0	0.0
23190.0	0.0
23200.0	0.0
23210.0	1.02686e-08
23220.0	0.0
23230.0	0.0
23240.0	0.0
23250.0	0.0
23260.0	0.0
23270.0	0.0
23280.0	0.0
23290.0	0.0
23300.0	0.0
23310.0	0.0
23320.0	0.0
23330.000000000004	0.0
23340.0	0.0
23350.0	0.0
23360.0	0.0
23370.000000000004	0.0
23380.0	0.0
23390.0	0.0
23400.0	0.0
23410.000000000004	0.0
23420.0	0.0
23430.0	0.0
23440.0	0.0
23450.000000000004	0.0
23460.0	0.0
23470.0	0.0
23480.0	0.0
23490.000000000004	0.0
23500.0	0.0
23510.0	0.0
23520.0	0.0
23530.000000000004	0.0
23540.0	0.0
23550.0	0.0
23560.0	0.0
23570.000000000004	0.0
23580.0	0.0
23590.0	0.0
23600.0	1.14041e-08
23610.000000000004	0.0
23620.0	0.0
23630.0	0.0
23640.0	0.0
23650.000000000004	0.0
23660.0	0.0
23670.0	1.06238e-08
23680.0	0.0
23690.000000000004	0.0
23700.0	0.0
23710.0	0.0
23720.0	0.0
23730.000000000004	0.0
23740.0	0.0
23750.0	1.463e-08
23760.0	1.18479e-08
23769.999999999996	0.0
23780.0	1.78595e-08
23790.0	1.29449e-08
23800.0	1.29364e-08
23809.999999999996	0.0
23820.0	1.17345e-08
23830.0	0.0
23840.0	1.15314e-08
23849.999999999996	1.03572e-08
23860.0	1.0447e-08
23870.0	3.49714e-08
23880.0	1.58299e-08
23889.999999999996	0.0
23900.0	0.0
23910.0	0.0
23920.0	0.0
23929.999999999996	2.26039e-08
23940.0	0.0
23950.0	0.0
23960.0	9.50508e-08
23969.999999999996	1.94457e-08
23980.0	2.66057e-08
23990.0	0.0
24000.0	3.34858e-08
24009.999999999996	0.0
24020.0	0.0
24030.0	1.11699e-08
24040.0	1.23162e-08
24049.999999999996	4.87504e-08
24060.0	2.73617e-08
24070.0	3.25087e-08
24080.0	2.10683e-08
24089.999999999996	3.89976e-08
24100.0	2.50535e-08
24110.0	0.0
24120.0	5.42551e-08
24129.999999999996	4.44401e-08
24140.0	2.59749e-08
24150.0	1.11555e-08
24160.0	1.7422e-08
24169.999999999996	6.86947e-08
24180.0	2.84523e-08
24190.0	2.172e-08
24200.0	0.0
24210.0	2.80522e-08
24220.0	0.0
24230.0	5.61184e-08
24240.0	4.51587e-08
24250.0	3.58504e-08
24260.0	3.59371e-08
24270.0	4.65065e-08
24280.0	3.76532e-08
24290.0	7.50268e-08
24300.0	6.97116e-08
24310.0	5.31736e-08
24320.0	0.0
24330.0	1.11258e-07
24340.0	2.20382e-08
24350.0	6.25244e-08
24360.0	1.30066e-08
24370.0	2.81689e-08
24380.0	3.23824e-08
24390.0	0.0
24400.0	7.51623e-08
24410.0	2.52096e-08
24420.0	4.08623e-08
24430.0	6.5102e-08
24440.0	2.53732e-08
24450.0	1.26066e-08
24460.0	3.321e-08
24470.0	3.58181e-08
24480.0	3.58515e-08
24490.0	1.73184e-07
24500.0	1.04828e-08
24510.0	1.11872e-07
24520.0	1.53198e-08
24530.0	3.60462e-08
24540.0	8.7469e-08
24550.0	0.0
24560.0	7.98927e-08
24570.0	1.71114e-07
24580.000000000004	1.00879e-07
24590.0	7.13702e-08
24600.0	6.31596e-08
24610.0	1.37445e-07
24620.000000000004	4.55948e-08
24630.0	5.58717e-08
24640.0	0.0
24650.0	8.46167e-08
24660.000000000004	1.25708e-07
24670.0	1.59221e-07
24680.0	4.62755e-08
24690.0	2.01519e-07
24700.000000000004	7.27627e-08
24710.0	2.58778e-07
24720.0	5.90252e-08
24730.0	7.13457e-08
24740.000000000004	1.00659e-07
24750.0	3.71261e-07
24760.0	2.07045e-07
24770.0	1.22842e-07
24780.000000000004	6.35153e-08
24790.0	5.74746e-07
24800.0	2.84525e-07
24810.0	3.55864e-07
24820.000000000004	3.18097e-07
24830.0	2.03276e-07
24840.0	5.78005e-07
24850.0	6.64059e-08
24860.000000000004	6.8071e-07
24870.0	7.09921e-08
24880.0	4.11201e-08
24890.0	2.60906e-07
24900.000000000004	2.99448e-07
24910.0	2.85903e-07
24920.0	3.01216e-07
24930.0	3.34565e-08
24940.000000000004	6.79425e-07
24950.0	8.55575e-07
24960.0	1.6937e-06
24970.0	8.95736e-07
24980.000000000004	2.72552e-06
24990.0	9.50124e-08
25000.0	2.21024e-06
25010.0	2.0364e-06
25019.999999999996	1.79765e-06
25030.0	2.78699e-06
25040.0	2.1425e-06
25050.0	2.36297e-06
25059.999999999996	3.1751e-06
25070.0	2.85604e-06
25080.0	2.36519e-06
25090.0	4.038e-06
25099.999999999996	3.1888e-06
25110.0	3.46911e-06
25120.0	2.67839e-06
25130.0	3.58179e-06
25139.999999999996	3.81509e-06
25150.0	3.64734e-06
25160.0	4.24581e-06
25170.0	2.91286e-06
25179.999999999996	2.54794e-06
25190.0	2.18665e-06
25200.0	4.8623e-06
25210.0	4.42097e-06
25219.999999999996	4.5205e-06
25230.0	4.50227e-06
25240.0	5.26075e-06
25250.0	7.01853e-06
25259.999999999996	5.10205e-06
25270.0	5.50126e-06
25280.0	6.79856e-06
25290.0	6.62778e-06
25299.999999999996	6.95416e-06
25310.0	5.39716e-06
25320.0	3.2178e-06
25330.0	4.88454e-06
25339.999999999996	7.27561e-06
25350.0	4.87038e-06
25360.0	5.95547e-06
25370.0	6.51976e-06
25379.999999999996	3.6222e-06
25390.0	4.14625e-06
25400.0	8.49902e-06
25410.0	6.4343e-06
25419.999999999996	7.05612e-06
25430.0	6.05828e-06
25440.0	5.21088e-06
25450.0	4.36394e-06
25460.0	2.97138e-06
25470.0	6.35284e-06
25480.0	5.89806e-06
25490.0	5.12409e-06
25500.0	6.31286e-06
25510.0	7.58005e-06
25520.0	9.10131e-06
25530.0	7.17405e-06
25540.0	9.29341e-06
25550.0	1.34227e-05
25560.0	1.40747e-05
25570.0	8.86042e-06
25580.0	3.24315e-06
25590.0	1.05715e-05
25600.0	1.4708e-05
25610.0	6.33094e-07
25620.0	1.27744e-05
25630.0	7.43425e-06
25640.0	1.1817e-05
25650.0	6.44273e-06
25660.0	1.83243e-05
25670.0	1.16157e-05
25680.0	1.52803e-05
25690.0	2.15016e-05
25700.0	2.1958e-05
25710.0	0.0
25720.0	1.22581e-05
25730.0	2.69083e-05
25740.0	1.00397e-05
25750.0	2.04245e-05
25760.0	2.40799e-05
25770.0	2.04937e-05
25780.0	2.39268e-05
25790.0	3.08531e-05
25800.0	1.92386e-05
25810.0	2.5813e-06
25820.0	2.85139e-05
25830.000000000004	3.88321e-05
25840.0	3.38939e-05
25850.0	2.13326e-05
25860.0	1.19306e-05
25870.000000000004	1.50371e-05
25880.0	1.62487e-05
25890.0	1.67821e-05
25900.0	1.43315e-05
25910.000000000004	1.18205e-05
25920.0	6.62356e-06
25930.0	1.47579e-05
25940.0	2.59528e-05
25950.000000000004	2.4725e-05
25960.0	3.35543e-06
25970.0	1.87358e-05
25980.0	2.16464e-05
25990.000000000004	6.78794e-05
26000.0	1.94774e-05
26010.0	1.96127e-05
26020.0	1.97478e-05
26030.000000000004	1.9883e-05
26040.0	2.00181e-05
26050.0	2.01532e-05
26060.0	2.02882e-05
26070.000000000004	2.04231e-05
26080.0	2.0558e-05
26090.0	2.06929e-05
26100.0	2.08277e-05
26110.000000000004	2.09624e-05
26120.0	2.10971e-05
26130.0	2.12318e-05
26140.0	2.13664e-05
26150.000000000004	2.15009e-05
26160.0	2.16354e-05
26170.0	2.17699e-05
26180.0	2.19043e-05
26190.000000000004	2.20387e-05
26200.0	2.21729e-05
26210.0	2.23051e-05
26220.0	2.24371e-05
26230.000000000004	2.2569e-05
26240.0	2.27009e-05
26250.0	2.28327e-05
26260.0	2.29644e-05
26269.999999999996	2.30961e-05
26280.0	2.32277e-05
26290.0	2.33591e-05
26300.0	2.34906e-05
26309.999999999996	2.36219e-05
26320.0	2.37532e-05
26330.0	2.38843e-05
26340.0	2.40155e-05
26349.999999999996	2.41465e-05
26360.0	2.42774e-05
26370.0	2.44083e-05
26380.0	2.45391e-05
26389.999999999996	2.46698e-05
26400.0	2.48005e-05
26410.0	2.49311e-05
26420.0	2.50615e-05
26429.999999999996	2.5192e-05
26440.0	2.53223e-05
26450.0	2.54526e-05
26460.0	2.55827e-05
26469.999999999996	2.57129e-05
26480.0	2.58429e-05
26490.0	2.59729e-05
26500.0	2.61028e-05
26509.999999999996	2.62326e-05
26520.0	2.63623e-05
26530.0	2.64919e-05
26540.0	2.66215e-05
26549.999999999996	2.6751e-05
26560.0	2.68804e-05
26570.0	2.70098e-05
26580.0	2.7139e-05
26589.999999999996	2.72682e-05
26600.0	2.73974e-05
26610.0	2.75264e-05
26620.0	2.76553e-05
26629.999999999996	2.77842e-05
26640.0	2.7913e-05
26650.0	2.80418e-05
26660.0	2.81704e-05
26669.999999999996	2.8299e-05
26680.0	2.84275e-05
26690.0	2.85559e-05
26700.0	2.86843e-05
26710.0	2.8804e-05
26720.0	2.89236e-05
26730.0	2.9043e-05
26740.0	2.91623e-05
26750.0	2.92813e-05
26760.0	2.94003e-05
26770.0	2.95191e-05
26780.0	2.96377e-05
26790.0	2.97562e-05
26800.0	2.98745e-05
26810.0	2.99926e-05
26820.0	3.01106e-05
26830.0	3.02285e-05
26840.0	3.03462e-05
26850.0	3.04637e-05
26860.0	3.05811e-05
26870.0	3.06983e-05
26880.0	3.08153e-05
26890.0	3.09322e-05
26900.0	3.1049e-05
26910.0	3.11655e-05
26920.0	3.1282e-05
26930.0	3.13982e-05
26940.0	3.15143e-05
26950.0	3.16303e-05
26960.0	3.17461e-05
26970.0	3.18617e-05
26980.0	3.19772e-05
26990.0	3.20925e-05
27000.0	3.22077e-05
27010.0	3.22642e-05
27020.0	3.23202e-05
27030.0	3.23755e-05
27040.0	3.24301e-05
27050.0	3.24841e-05
27060.0	3.25374e-05
27070.0	3.25901e-05
27080.000000000004	3.26422e-05
27090.0	3.26936e-05
27100.0	3.27444e-05
27110.0	3.27617e-05
27120.000000000004	3.27781e-05
27130.0	3.27936e-05
27140.0	3.28081e-05
27150.0	3.28218e-05
27160.000000000004	3.28346e-05
27170.0	3.28464e-05
27180.0	3.28574e-05
27190.0	3.28675e-05
27200.000000000004	3.28766e-05
27210.0	3.2914e-05
27220.0	3.29507e-05
27230.0	3.29867e-05
27240.000000000004	3.3022e-05
27250.0	3.30567e-05
27260.0	3.30906e-05
27270.0	3.31239e-05
27280.000000000004	3.31565e-05
27290.0	3.31884e-05
27300.0	3.32197e-05
27310.0	3.33426e-05
27320.000000000004	3.34655e-05
27330.0	3.35883e-05
27340.0	3.37112e-05
27350.0	3.38341e-05
27360.000000000004	3.3957e-05
27370.0	3.40799e-05
27380.0	3.42027e-05
27390.0	3.43256e-05
27400.000000000004	3.44485e-05
27410.0	3.4585e-05
27420.0	3.47216e-05
27430.0	3.48582e-05
27440.000000000004	3.49949e-05
27450.0	3.51318e-05
27460.0	3.52688e-05
27470.0	3.54058e-05
27480.000000000004	3.55429e-05
27490.0	3.56802e-05
27500.0	3.58175e-05
27510.0	3.59549e-05
27519.999999999996	3.60925e-05
27530.0	3.62301e-05
27540.0	3.63678e-05
27550.0	3.65057e-05
27559.999999999996	3.66436e-05
27570.0	3.67816e-05
27580.0	3.69197e-05
27590.0	3.70579e-05
27599.999999999996	3.71962e-05
27610.0	3.73346e-05
27620.0	3.74731e-05
27630.0	3.76117e-05
27639.999999999996	3.77503e-05
27650.0	3.78891e-05
27660.0	3.8028e-05
27670.0	3.8167e-05
27679.999999999996	3.89861e-05
27690.0	4.25309e-05
27700.0	4.60776e-05
27710.0	4.73076e-05
27719.999999999996	4.62177e-05
27730.0	4.51273e-05
27740.0	3.73074e-05
27750.0	2.87303e-05
27759.999999999996	2.05581e-05
27770.0	1.4018e-05
27780.0	7.47132e-06
27790.0	1.73122e-05
27799.999999999996	3.80859e-05
27810.0	5.8913e-05
27820.0	5.55058e-05
27830.0	4.93886e-05
27839.999999999996	4.39149e-05
27850.0	3.9962e-05
27860.0	3.60018e-05
27870.0	3.49507e-05
27879.999999999996	3.5843e-05
27890.0	3.67369e-05
27900.0	4.94793e-05
27910.0	6.22474e-05
27919.999999999996	6.33001e-05
27930.0	3.69456e-05
27940.0	1.05376e-05
27950.0	8.53093e-06
27960.0	1.70179e-05
27970.0	2.55219e-05
27980.0	3.24488e-05
27990.0	3.9388e-05
28000.0	4.37353e-05
28010.0	4.41546e-05
28020.0	4.45743e-05
28030.0	4.0823e-05
28040.0	3.52796e-05
28050.0	2.97292e-05
28060.0	3.08456e-05
28070.0	3.1963e-05
28080.0	3.1021e-05
28090.0	2.69862e-05
28100.0	2.29473e-05
28110.0	2.49381e-05
28120.0	2.95189e-05
28130.0	3.29221e-05
28140.0	2.57004e-05
28150.0	1.84697e-05
28160.0	1.66335e-05
28170.0	2.29045e-05
28180.0	2.91833e-05
28190.0	2.56772e-05
28200.0	1.97217e-05
28210.0	1.46284e-05
28220.0	1.74557e-05
28230.0	2.0281e-05
28240.0	2.29366e-05
28250.0	2.54232e-05
28260.0	2.79075e-05
28270.0	3.25878e-05
28280.0	3.78155e-05
28290.0	4.19289e-05
28300.0	4.16043e-05
28310.0	4.12799e-05
28320.0	4.61753e-05
28330.000000000004	5.6285e-05
28340.0	6.63901e-05
28350.0	5.99145e-05
28360.0	5.16046e-05
28370.000000000004	4.40936e-05
28380.0	3.97615e-05
28390.0	3.54335e-05
28400.0	3.44719e-05
28410.000000000004	3.68731e-05
28420.0	3.9272e-05
28430.0	4.94937e-05
28440.0	6.05809e-05
28450.000000000004	6.74081e-05
28460.0	5.7245e-05
28470.0	4.70894e-05
28480.0	4.38287e-05
28490.000000000004	4.51615e-05
28500.0	4.64934e-05
28510.0	3.49528e-05
28520.0	2.19923e-05
28530.000000000004	1.51134e-05
28540.0	2.24069e-05
28550.0	2.96934e-05
28560.0	3.21759e-05
28570.000000000004	3.14604e-05
28580.0	3.07457e-05
28590.0	2.29001e-05
28600.0	1.50602e-05
28610.000000000004	1.30587e-05
28620.0	2.46564e-05
28630.0	3.62455e-05
28640.0	3.7909e-05
28650.000000000004	3.53198e-05
28660.0	3.27326e-05
28670.0	4.51163e-05
28680.0	5.74879e-05
28690.000000000004	6.43806e-05
28700.0	6.3062e-05
28710.0	6.1744e-05
28720.0	5.09085e-05
28730.000000000004	3.60041e-05
28740.0	2.41056e-05
28750.0	3.91517e-05
28760.0	5.41866e-05
28769.999999999996	6.03204e-05
28780.0	5.31163e-05
28790.0	4.59175e-05
28800.0	4.29704e-05
28809.999999999996	4.18528e-05
28820.0	4.1356e-05
28830.0	4.64322e-05
28840.0	5.15072e-05
28849.999999999996	5.35374e-05
28860.0	5.10029e-05
28870.0	4.8469e-05
28880.0	3.76284e-05
28889.999999999996	2.47185e-05
28900.0	1.29121e-05
28910.0	1.10011e-05
28920.0	9.09096e-06
28929.999999999996	1.84297e-05
28940.0	3.90143e-05
28950.0	5.95847e-05
28960.0	6.86373e-05
28969.999999999996	7.481e-05
28980.0	7.89427e-05
28990.0	7.4935e-05
29000.0	7.09282e-05
29009.999999999996	6.56133e-05
29020.0	5.89905e-05
29030.0	5.23691e-05
29040.0	4.77339e-05
29049.999999999996	4.33207e-05
29060.0	3.96576e-05
29070.0	3.89908e-05
29080.0	3.83245e-05
29089.999999999996	4.51403e-05
29100.0	5.69395e-05
29110.0	6.87345e-05
29120.0	7.48276e-05
29129.999999999996	8.02859e-05
29140.0	8.2138e-05
29150.0	6.95841e-05
29160.0	5.70344e-05
29169.999999999996	4.61419e-05
29180.0	3.6359e-05
29190.0	2.65795e-05
29200.0	3.61175e-05
29210.0	4.77982e-05
29220.0	5.46733e-05
29230.0	5.03404e-05
29240.0	4.60101e-05
29250.0	4.57195e-05
29260.0	4.81196e-05
29270.0	5.05183e-05
29280.0	4.56006e-05
29290.0	4.06846e-05
29300.0	3.6247e-05
29310.0	3.29261e-05
29320.0	2.96064e-05
29330.0	2.85305e-05
29340.0	2.84169e-05
29350.0	2.83034e-05
29360.0	2.95875e-05
29370.0	3.08707e-05
29380.0	3.21122e-05
29390.0	3.32913e-05
29400.0	3.44702e-05
29410.0	3.30279e-05
29420.0	3.04634e-05
29430.0	2.77732e-05
29440.0	2.39515e-05
29450.0	2.01312e-05
29460.0	2.0098e-05
29470.0	2.57424e-05
29480.0	3.1385e-05
29490.0	3.17807e-05
29500.0	2.99265e-05
29510.0	2.93174e-05
29520.0	3.986e-05
29530.0	5.04036e-05
29540.0	5.40226e-05
29550.0	4.72549e-05
29560.0	4.04866e-05
29570.0	3.26375e-05
29580.000000000004	2.45189e-05
29590.0	1.81908e-05
29600.0	2.79595e-05
29610.0	3.77267e-05
29620.000000000004	4.18042e-05
29630.0	4.0193e-05
29640.0	3.85823e-05
29650.0	3.43593e-05
29660.000000000004	2.94824e-05
29670.0	2.72375e-05
29680.0	3.55095e-05
29690.0	4.37822e-05
29700.000000000004	5.49743e-05
29710.0	6.9087e-05
29720.0	8.31977e-05
29730.0	7.80893e-05
29740.000000000004	7.08451e-05
29750.0	6.37448e-05
29760.0	5.72163e-05
29770.0	5.06903e-05
29780.000000000004	4.10769e-05
29790.0	2.94047e-05
29800.0	1.7737e-05
29810.0	2.31394e-05
29820.000000000004	3.04423e-05
29830.0	3.81794e-05
29840.0	4.76632e-05
29850.0	5.71456e-05
29860.000000000004	5.5153e-05
29870.0	4.55131e-05
29880.0	3.58746e-05
29890.0	3.18003e-05
29900.000000000004	2.83466e-05
29910.0	2.72078e-05
29920.0	3.14711e-05
29930.0	3.57327e-05
29940.000000000004	3.93824e-05
29950.0	4.26242e-05
29960.0	4.58664e-05
29970.0	5.20072e-05
29980.000000000004	5.81471e-05
29990.0	6.017e-05
30000.0	5.2593e-05
30010.0	4.50171e-05
30019.999999999996	3.8329e-05
30030.0	3.20243e-05
30040.0	2.57206e-05
30050.0	2.82127e-05
30059.999999999996	3.07039e-05
30070.0	3.57841e-05
30080.0	4.47499e-05
30090.0	5.37165e-05
30099.999999999996	6.15701e-05
30110.0	6.89471e-05
30120.0	7.52037e-05
30130.0	7.13845e-05
30139.999999999996	6.75658e-05
30150.0	6.28728e-05
30160.0	5.6871e-05
30170.0	5.08702e-05
30179.999999999996	4.74817e-05
30190.0	4.47461e-05
30200.0	4.30407e-05
30210.0	5.05776e-05
30219.999999999996	5.81138e-05
30230.0	6.11307e-05
30240.0	5.73717e-05
30250.0	5.3613e-05
30259.999999999996	4.83338e-05
30270.0	4.26762e-05
30280.0	3.83322e-05
30290.0	4.57864e-05
30299.999999999996	5.3238e-05
30310.0	5.69855e-05
30320.0	5.70308e-05
30330.0	5.70762e-05
30339.999999999996	5.57555e-05
30350.0	5.40934e-05
30360.0	5.22897e-05
30370.0	4.99168e-05
30379.999999999996	4.75442e-05
30390.0	4.63687e-05
30400.0	4.63893e-05
30410.0	4.64099e-05
30419.999999999996	4.74233e-05
30430.0	4.85466e-05
30440.0	5.05314e-05
30450.0	5.59683e-05
30460.0	6.14019e-05
30470.0	6.25155e-05
30480.0	6.07518e-05
30490.0	5.8989e-05
30500.0	5.90752e-05
30510.0	5.93671e-05
30520.0	5.59762e-05
30530.0	4.40031e-05
30540.0	3.20343e-05
30550.0	2.4783e-05
30560.0	2.06788e-05
30570.0	1.6576e-05
30580.0	2.82391e-05
30590.0	4.16485e-05
30600.0	5.07231e-05
30610.0	4.96985e-05
30620.0	4.86742e-05
30630.0	4.74376e-05
30640.0	4.60597e-05
30650.0	4.46815e-05
30660.0	4.63632e-05
30670.0	4.8045e-05
30680.0	5.07806e-05
30690.0	5.59716e-05
30700.0	6.11625e-05
30710.0	6.32902e-05
30720.0	6.41036e-05
30730.0	6.49169e-05
30740.0	6.76728e-05
30750.0	7.04292e-05
30760.0	7.12957e-05
30770.0	6.93266e-05
30780.0	6.73569e-05
30790.0	7.06495e-05
30800.0	7.61966e-05
30810.0	8.16733e-05
30820.0	8.6504e-05
30830.000000000004	9.13348e-05
30840.0	9.27565e-05
30850.0	8.90638e-05
30860.0	8.5371e-05
30870.000000000004	7.67462e-05
30880.0	6.68858e-05
30890.0	5.82179e-05
30900.0	6.02448e-05
30910.000000000004	6.22722e-05
30920.0	6.73271e-05
30930.0	7.69266e-05
30940.0	8.65285e-05
30950.000000000004	9.43965e-05
30960.0	0.000101832
30970.0	0.000107952
30980.0	0.000102216
30990.000000000004	9.6482e-05
31000.0	9.09212e-05
31010.0	8.55326e-05
31020.0	8.01454e-05
31030.000000000004	7.9977e-05
31040.0	8.1114e-05
31050.0	8.23836e-05
31060.0	8.41845e-05
31070.000000000004	8.59857e-05
31080.0	8.33887e-05
31090.0	7.63937e-05
31100.0	6.93987e-05
31110.000000000004	7.15245e-05
31120.0	7.46645e-05
31130.0	7.91745e-05
31140.0	8.91733e-05
31150.000000000004	9.91698e-05
31160.0	0.000101253
31170.0	9.80639e-05
31180.0	9.48753e-05
31190.000000000004	9.33301e-05
31200.0	9.19678e-05
31210.0	8.83332e-05
31220.0	7.94024e-05
31230.000000000004	7.04715e-05
31240.0	7.42577e-05
31250.0	8.65204e-05
31260.0	9.8783e-05
31269.999999999996	0.000106013
31280.0	0.00011324
31290.0	0.000114368
31300.0	0.000101257
31309.999999999996	8.81483e-05
31320.0	8.29106e-05
31330.0	8.29169e-05
31340.0	8.29233e-05
31349.999999999996	8.10795e-05
31360.0	7.92357e-05
31370.0	7.9365e-05
31380.0	8.40956e-05
31389.999999999996	8.88262e-05
31400.0	0.000100294
31410.0	0.000114647
31420.0	0.000129
31429.999999999996	0.000125431
31440.0	0.000121862
31450.0	0.000115741
31460.0	0.000105788
31469.999999999996	9.58324e-05
31480.0	9.68236e-05
31490.0	0.000102504
31500.0	0.000107926
31509.999999999996	0.000111011
31520.0	0.000114096
31530.0	0.000116109
31540.0	0.000116512
31549.999999999996	0.000116915
31560.0	0.000115359
31570.0	0.000113313
31580.0	0.000111391
31589.999999999996	0.000110578
31600.0	0.000109765
31610.0	0.000105123
31620.0	9.66495e-05
31629.999999999996	8.81746e-05
31640.0	9.18493e-05
31650.0	9.85574e-05
31660.0	0.000105282
31669.999999999996	0.000112155
31680.0	0.000119026
31690.0	0.000116496
31700.0	0.000104563
31710.0	9.26329e-05
31720.0	8.91109e-05
31730.0	8.76913e-05
31740.0	8.84128e-05
31750.0	9.76953e-05
31760.0	0.00010698
31770.0	0.000112099
31780.0	0.000113055
31790.0	0.00011401
31800.0	0.000112485
31810.0	0.000110684
31820.0	0.000107357
31830.0	9.7914e-05
31840.0	8.84733e-05
31850.0	8.83072e-05
31860.0	9.43222e-05
31870.0	0.000100336
31880.0	0.000107101
31890.0	0.000113951
31900.0	0.000119751
31910.0	0.000123099
31920.0	0.000126447
31930.0	0.000128712
31940.0	0.000130256
31950.0	0.000131799
31960.0	0.000132998
31970.0	0.000134196
31980.0	0.000134142
31990.0	0.000131164
32000.0	0.000128185
32010.0	0.000127173
32020.0	0.000127471
32030.0	0.00012777
32040.0	0.000120019
32050.0	0.000112267
32060.0	0.000103893
32070.0	9.4073e-05
32080.000000000004	8.4253e-05
32090.0	8.51452e-05
32100.0	9.06308e-05
32110.0	9.61163e-05
32120.000000000004	9.37034e-05
32130.0	9.12899e-05
32140.0	9.11085e-05
32150.0	9.42763e-05
32160.000000000004	9.74448e-05
32170.0	9.4225e-05
32180.0	8.82683e-05
32190.0	8.17301e-05
32200.000000000004	6.99803e-05
32210.0	5.82305e-05
32220.0	5.18671e-05
32230.0	5.35885e-05
32240.000000000004	5.53094e-05
32250.0	6.53131e-05
32260.0	7.73909e-05
32270.0	8.82417e-05
32280.000000000004	8.80925e-05
32290.0	8.79432e-05
32300.0	8.6248e-05
32310.0	8.3011e-05
32320.000000000004	7.97729e-05
32330.0	8.34773e-05
32340.0	8.89157e-05
32350.0	9.39097e-05
32360.000000000004	9.48961e-05
32370.0	9.58824e-05
32380.0	9.58518e-05
32390.0	9.48042e-05
32400.000000000004	9.37566e-05
32410.0	9.30857e-05
32420.0	9.25088e-05
32430.0	9.14333e-05
32440.000000000004	8.83629e-05
32450.0	8.52923e-05
32460.0	8.21058e-05
32470.0	7.88049e-05
32480.000000000004	7.55037e-05
32490.0	7.15183e-05
32500.0	6.74575e-05
32510.0	6.5569e-05
32519.999999999996	7.23833e-05
32530.0	7.91967e-05
32540.0	8.18852e-05
32550.0	8.1825e-05
32559.999999999996	8.17648e-05
32570.0	7.6014e-05
32580.0	6.96292e-05
32590.0	6.79186e-05
32599.999999999996	7.71112e-05
32610.0	8.63048e-05
32620.0	9.02151e-05
32630.0	9.06013e-05
32639.999999999996	9.09875e-05
32650.0	9.43405e-05
32660.0	9.76931e-05
32670.0	0.000101994
32679.999999999996	0.000108508
32690.0	0.000115024
32700.0	0.000109581
32710.0	9.90137e-05
32719.999999999996	8.84426e-05
32730.0	8.58853e-05
32740.0	8.33277e-05
32750.0	8.37564e-05
32759.999999999996	9.11497e-05
32770.0	9.85439e-05
32780.0	9.55638e-05
32790.0	8.81354e-05
32800.0	8.07062e-05
32810.0	7.71835e-05
32820.0	7.36595e-05
32830.0	7.03499e-05
32840.0	6.7361e-05
32850.0	6.43711e-05
32860.0	6.09489e-05
32870.0	5.73409e-05
32880.0	5.45024e-05
32890.0	5.85898e-05
32900.0	6.26775e-05
32910.0	6.77263e-05
32920.0	7.42193e-05
32930.0	8.07114e-05
32940.0	8.22171e-05
32950.0	8.24759e-05
32960.0	8.24948e-05
32970.0	8.03582e-05
32980.0	7.82209e-05
32990.0	7.8937e-05
33000.0	8.25065e-05
33010.0	8.60618e-05
33020.0	9.12742e-05
33030.0	9.68995e-05
33040.0	0.000101547
33050.0	0.000102282
33060.0	0.000103017
33070.0	9.84727e-05
33080.0	8.86496e-05
33090.0	7.88313e-05
33100.0	7.68748e-05
33110.0	7.68839e-05
33120.0	7.7233e-05
33130.0	7.89413e-05
33140.0	8.06491e-05
33150.0	8.15044e-05
33160.0	8.15065e-05
33170.0	8.15086e-05
33180.0	8.30312e-05
33190.0	8.47221e-05
33200.0	8.4417e-05
33210.0	7.61191e-05
33220.0	6.78253e-05
33230.0	6.45228e-05
33240.0	6.4545e-05
33250.0	6.45672e-05
33260.0	6.59479e-05
33270.0	6.74795e-05
33280.0	6.64958e-05
33290.0	5.96494e-05
33300.0	5.28048e-05
33310.0	4.74327e-05
33320.0	4.30444e-05
33330.0	3.86573e-05
33340.0	3.76531e-05
33350.0	3.66495e-05
33360.0	3.96909e-05
33370.0	5.21702e-05
33380.0	6.46492e-05
33390.0	6.84401e-05
33400.0	6.85105e-05
33410.0	6.8581e-05
33420.0	6.92587e-05
33430.0	6.99362e-05
33440.0	7.36067e-05
33450.0	8.42524e-05
33460.0	9.48954e-05
33470.0	9.95492e-05
33480.0	0.000101635
33490.0	0.000103719
33500.0	9.14238e-05
33510.0	7.91287e-05
33520.0	7.14241e-05
33530.0	7.06012e-05
33540.0	6.97782e-05
33550.0	7.32967e-05
33560.0	7.86741e-05
33570.0	8.31273e-05
33580.0	7.92766e-05
33590.0	7.54269e-05
33600.0	7.46314e-05
33610.0	7.84191e-05
33620.0	8.22049e-05
33630.0	8.82145e-05
33640.0	9.47804e-05
33650.0	0.00010093
33660.0	0.000103365
33670.0	0.000105799
33680.0	0.000103109
33690.0	9.5295e-05
33700.0	8.74834e-05
33710.0	8.29086e-05
33720.0	7.91449e-05
33730.0	7.51815e-05
33740.0	7.04145e-05
33750.0	6.56499e-05
33760.0	6.22796e-05
33770.0	6.03026e-05
33780.0	5.83266e-05
33790.0	5.57961e-05
33800.0	5.31268e-05
33810.0	5.20688e-05
33820.0	5.74657e-05
33830.0	6.28603e-05
33840.0	6.78916e-05
33850.0	7.25573e-05
33860.0	7.7221e-05
33870.0	7.55114e-05
33880.0	7.30942e-05
33890.0	7.17412e-05
33900.0	7.46462e-05
33910.0	7.75493e-05
33920.0	8.36895e-05
33930.0	9.19844e-05
33940.0	0.000100278
33950.0	9.23422e-05
33960.0	8.26052e-05
33970.0	7.41709e-05
33980.0	6.87743e-05
33990.0	6.338e-05
34000.0	6.60301e-05
34010.0	7.40382e-05
34020.0	8.20428e-05
34030.0	8.05924e-05
34040.0	7.91429e-05
34050.0	7.42602e-05
34060.0	6.13672e-05
34070.0	4.84768e-05
34080.0	4.32175e-05
34090.0	4.12258e-05
34100.0	3.92345e-05
34110.0	4.29621e-05
34120.0	4.6688e-05
34130.0	4.84523e-05
34140.0	4.72753e-05
34150.0	4.60988e-05
34160.0	4.33816e-05
34170.0	4.00038e-05
34180.0	3.66284e-05
34190.0	3.75237e-05
34200.0	3.84188e-05
34210.0	3.92527e-05
34220.0	4.00135e-05
34230.0	4.07735e-05
34240.0	3.9665e-05
34250.0	3.77578e-05
34260.0	3.60139e-05
34270.0	3.57247e-05
34280.0	3.54358e-05
34290.0	3.61704e-05
34300.0	3.84396e-05
34310.0	4.07058e-05
34320.0	4.53899e-05
34330.0	5.06752e-05
34340.0	5.573e-05
34350.0	5.87723e-05
34360.0	6.1812e-05
34370.0	6.04782e-05
34380.0	5.47787e-05
34390.0	4.90854e-05
34400.0	4.36785e-05
34410.0	3.83215e-05
34420.0	3.40966e-05
34430.0	3.43563e-05
34440.0	3.46152e-05
34450.0	3.61726e-05
34460.0	3.90242e-05
34470.0	4.18679e-05
34480.0	4.30432e-05
34490.0	4.40308e-05
34500.0	4.53029e-05
34510.0	4.77066e-05
34520.0	5.01027e-05
34530.0	5.01139e-05
34540.0	4.77498e-05
34550.0	4.53927e-05
34560.0	4.60158e-05
34570.0	4.6967e-05
34580.0	4.753e-05
34590.0	4.65507e-05
34600.0	4.55743e-05
34610.0	4.16939e-05
34620.0	3.58913e-05
34630.0	3.0105e-05
34640.0	2.97252e-05
34650.0	2.99452e-05
34660.0	3.00985e-05
34670.0	3.00979e-05
34680.0	3.00972e-05
34690.0	2.7171e-05
34700.0	2.23078e-05
34710.0	1.74501e-05
34720.0	1.89101e-05
34730.0	2.0364e-05
34740.0	2.53846e-05
34750.0	3.87055e-05
34760.0	5.1973e-05
34770.0	5.6196e-05
34780.0	5.65591e-05
34790.0	5.69201e-05
34800.0	4.15042e-05
34810.0	2.61536e-05
34820.0	1.48701e-05
34830.0	9.63137e-06
34840.0	4.41499e-06
34850.0	5.27522e-06
34860.0	8.72393e-06
34870.0	1.21569e-05
34880.0	1.34271e-05
34890.0	1.4692e-05
34900.0	1.61537e-05
34910.0	1.78989e-05
34920.0	1.9634e-05
34930.0	2.25105e-05
34940.0	2.5862e-05
34950.0	2.89301e-05
34960.0	2.96169e-05
34970.0	3.0299e-05
34980.0	2.97252e-05
34990.0	2.72815e-05
35000.0	2.48526e-05
35010.0	2.3225e-05
35020.0	2.17902e-05
35030.0	2.02185e-05
35040.0	1.73819e-05
35050.0	1.45534e-05
35060.0	1.37079e-05
35070.0	1.48357e-05
35080.0	1.596e-05
35090.0	1.94542e-05
35100.0	2.35289e-05
35110.0	2.64175e-05
35120.0	2.46055e-05
35130.0	2.27995e-05
35140.0	2.21199e-05
35150.0	2.25613e-05
35160.0	2.30011e-05
35170.0	2.42882e-05
35180.0	2.56655e-05
35190.0	2.67398e-05
35200.0	2.66172e-05
35210.0	2.6495e-05
35220.0	2.05795e-05
35230.0	1.0829e-05
35240.0	1.10953e-06
35250.0	9.40973e-08
35260.0	4.55781e-08
35270.0	7.84847e-07
35280.0	4.67188e-06
35290.0	8.54547e-06
35300.0	1.2798e-05
35310.0	1.72521e-05
35320.0	2.16691e-05
35330.0	2.06779e-05
35340.0	1.90993e-05
35350.0	1.73669e-05
35360.0	1.52631e-05
35370.0	1.31769e-05
35380.0	1.18899e-05
35390.0	1.11329e-05
35400.0	1.03822e-05
35410.0	8.60219e-06
35420.0	6.83715e-06
35430.0	5.59825e-06
35440.0	5.55597e-06
35450.0	5.51384e-06
35460.0	6.37388e-06
35470.0	7.61066e-06
35480.0	8.83623e-06
35490.0	8.65577e-06
35500.0	8.47659e-06
35510.0	8.45702e-06
35520.0	8.72605e-06
35530.0	8.98876e-06
35540.0	9.78985e-06
35550.0	1.08062e-05
35560.0	1.18009e-05
35570.0	1.27695e-05
35580.0	1.37177e-05
35590.0	1.23261e-05
35600.0	7.51296e-06
35610.0	2.81288e-06
35620.0	1.02847e-06
35630.0	4.89076e-07
35640.0	0.0
35650.0	0.0
35660.0	0.0
35670.0	0.0
35680.0	0.0
35690.0	0.0
35700.0	0.0
35710.0	0.0
35720.0	0.0
35730.0	0.0
35740.0	0.0
35750.0	5.23592e-08
35760.0	1.45737e-07
35770.0	2.38682e-07
35780.0	7.27413e-07
35790.0	1.31254e-06
35800.0	1.64758e-06
35810.0	9.92648e-07
35820.0	3.40929e-07
35830.0	1.41205e-08
35840.0	0.0
35850.0	0.0
35860.0	0.0
35870.0	0.0
35880.0	0.0
35890.0	0.0
35900.0	0.0
35910.0	0.0
35920.0	0.0
35930.0	0.0
35940.0	0.0
35950.0	0.0
35960.0	0.0
35970.0	0.0
35980.0	0.0
35990.0	0.0
36000.0	0.0
36010.0	0.0
36020.0	0.0
36030.0	0.0
36040.0	0.0
36050.0	0.0
36060.0	0.0
36070.0	0.0
36080.0	0.0
36090.0	0.0
36100.0	0.0
36110.0	0.0
36120.0	0.0
36130.0	0.0
36140.0	0.0
36150.0	0.0
36160.0	0.0
36170.0	0.0
36180.0	0.0
36190.0	0.0
36200.0	0.0
36210.0	0.0
36220.0	0.0
36230.0	0.0
36240.0	0.0
36250.0	0.0
36260.0	0.0
36270.0	0.0
36280.0	0.0
36290.0	0.0
36300.0	0.0
36310.0	0.0
36320.0	0.0
36330.0	5.69207e-08
36340.0	5.77155e-07
36350.0	1.09345e-06
36360.0	1.18493e-06
36370.0	6.46006e-07
36380.0	1.11174e-07
36390.0	0.0
36400.0	0.0
36410.0	0.0
36420.0	0.0
36430.0	0.0
36440.0	2.09634e-07
36450.0	6.17429e-07
36460.0	1.02211e-06
36470.0	7.6241e-07
36480.0	3.40083e-07
36490.0	0.0
36500.0	0.0
36510.0	0.0
36520.0	0.0
36530.0	0.0
36540.0	0.0
36550.0	0.0
36560.0	0.0
36570.0	0.0
36580.0	0.0
36590.0	0.0
36600.0	1.09387e-08
36610.0	2.19428e-08
36620.0	3.28553e-08
36630.0	3.17397e-06
36640.0	6.6348e-06
36650.0	8.80665e-06
36660.0	8.03213e-06
36670.0	7.26367e-06
36680.0	5.47898e-06
36690.0	3.03082e-06
36700.0	6.02868e-07
36710.0	2.36507e-07
36720.0	9.93607e-08
36730.0	0.0
36740.0	0.0
36750.0	0.0
36760.0	0.0
36770.0	0.0
36780.0	0.0
36790.0	0.0
36800.0	0.0
36810.0	1.65346e-08
36820.0	5.83623e-08
36830.0	9.98191e-08
36840.0	3.39055e-06
36850.0	8.03713e-06
36860.0	1.26419e-05
36870.0	1.26448e-05
36880.0	1.26472e-05
36890.0	1.07909e-05
36900.0	6.17469e-06
36910.0	1.60261e-06
36920.0	1.74735e-07
36930.0	8.43039e-08
36940.0	0.0
36950.0	4.84087e-08
36960.0	8.86623e-08
36970.0	1.119e-06
36980.0	3.61867e-06
36990.0	6.0938e-06
37000.0	4.67429e-06
37010.0	2.30779e-06
37020.0	1.87759e-07
37030.0	1.16396e-07
37040.0	4.56611e-08
37050.0	0.0
37060.0	2.41025e-08
37070.0	3.86607e-08
37080.0	5.91471e-07
37090.0	1.27359e-06
37100.0	2.17404e-06
37110.0	5.07531e-06
37120.0	7.95049e-06
37130.0	8.86726e-06
37140.0	7.85048e-06
37150.0	6.84257e-06
37160.0	4.61615e-06
37170.0	2.10507e-06
37180.0	1.04088e-07
37190.0	6.34714e-08
37200.0	2.32373e-08
37210.0	1.57605e-08
37220.0	4.05851e-08
37230.0	6.51808e-08
37240.0	1.00248e-06
37250.0	2.03198e-06
37260.0	2.99718e-06
37270.0	3.73529e-06
37280.0	4.46614e-06
37290.0	4.5694e-06
37300.0	4.25987e-06
37310.0	3.95315e-06
37320.0	3.81764e-06
37330.0	3.70196e-06
37340.0	3.81631e-06
37350.0	4.46129e-06
37360.0	5.09975e-06
37370.0	5.67652e-06
37380.0	6.21082e-06
37390.0	6.73951e-06
37400.0	6.70937e-06
37410.0	6.61814e-06
37420.0	6.86387e-06
37430.0	7.88683e-06
37440.0	8.89871e-06
37450.0	1.09634e-05
37460.0	1.37116e-05
37470.0	1.64293e-05
37480.0	1.74797e-05
37490.0	1.85181e-05
37500.0	1.93548e-05
37510.0	1.95037e-05
37520.0	1.96353e-05
37530.0	1.95932e-05
37540.0	1.94737e-05
37550.0	1.93452e-05
37560.0	1.90666e-05
37570.0	1.87845e-05
37580.0	1.83421e-05
37590.0	1.7672e-05
37600.0	1.70144e-05
37610.0	1.59659e-05
37620.0	1.46278e-05
37630.0	1.33847e-05
37640.0	1.29128e-05
37650.0	1.2444e-05
37660.0	1.24425e-05
37670.0	1.31346e-05
37680.0	1.38211e-05
37690.0	1.44211e-05
37700.0	1.49957e-05
37710.0	1.54967e-05
37720.0	1.53757e-05
37730.0	1.52552e-05
37740.0	1.51518e-05
37750.0	1.50736e-05
37760.0	1.49956e-05
37770.0	1.39823e-05
37780.0	1.27432e-05
37790.0	1.1525e-05
37800.0	1.04162e-05
37810.0	9.34478e-06
37820.0	9.55822e-06
37830.0	1.10534e-05
37840.0	1.25457e-05
37850.0	1.35733e-05
37860.0	1.44833e-05
37870.0	1.52138e-05
37880.0	1.52317e-05
37890.0	1.52496e-05
37900.0	1.47659e-05
37910.0	1.37819e-05
37920.0	1.27996e-05
37930.0	1.27937e-05
37940.0	1.28961e-05
37950.0	1.31428e-05
37960.0	1.39663e-05
37970.0	1.47882e-05
37980.0	1.51342e-05
37990.0	1.51635e-05
38000.0	1.51926e-05
38010.0	1.51322e-05
38020.0	1.50618e-05
38030.0	1.45225e-05
38040.0	1.28904e-05
38050.0	1.1261e-05
38060.0	9.48966e-06
38070.0	7.62493e-06
38080.0	5.76334e-06
38090.0	5.74076e-06
38100.0	5.7182e-06
38110.0	6.11838e-06
38120.0	7.5022e-06
38130.0	8.88334e-06
38140.0	9.92674e-06
38150.0	1.07453e-05
38160.0	1.1562e-05
38170.0	1.11801e-05
38180.0	1.07988e-05
38190.0	1.05814e-05
38200.0	1.07442e-05
38210.0	1.09068e-05
38220.0	1.23665e-05
38230.0	1.43786e-05
38240.0	1.63868e-05
38250.0	1.70026e-05
38260.0	1.7617e-05
38270.0	1.80064e-05
38280.0	1.80593e-05
38290.0	1.8112e-05
38300.0	1.75618e-05
38310.0	1.67542e-05
38320.0	1.57749e-05
38330.0	1.32408e-05
38340.0	1.07111e-05
38350.0	9.15671e-06
38360.0	9.05922e-06
38370.0	8.96191e-06
38380.0	9.73777e-06
38390.0	1.07299e-05
38400.0	1.16243e-05
38410.0	1.16564e-05
38420.0	1.16883e-05
38430.0	1.10416e-05
38440.0	9.71813e-06
38450.0	8.39759e-06
38460.0	7.55448e-06
38470.0	6.83165e-06
38480.0	6.21903e-06
38490.0	6.58568e-06
38500.0	6.95158e-06
38510.0	7.58562e-06
38520.0	8.48681e-06
38530.0	9.38617e-06
38540.0	1.00542e-05
38550.0	1.06633e-05
38560.0	1.11829e-05
38570.0	1.13487e-05
38580.0	1.1514e-05
38590.0	1.14145e-05
38600.0	1.10509e-05
38610.0	1.06879e-05
38620.0	9.63025e-06
38630.0	8.49736e-06
38640.0	7.41872e-06
38650.0	6.55117e-06
38660.0	5.68539e-06
38670.0	6.16731e-06
38680.0	7.54441e-06
38690.0	8.91868e-06
38700.0	8.95461e-06
38710.0	8.84194e-06
38720.0	8.40233e-06
38730.0	7.2008e-06
38740.0	6.00144e-06
38750.0	5.1321e-06
38760.0	4.48238e-06
38770.0	3.83383e-06
38780.0	3.51802e-06
38790.0	3.20286e-06
38800.0	3.16744e-06
38810.0	3.78413e-06
38820.0	4.40014e-06
38830.0	5.51457e-06
38840.0	6.96046e-06
38850.0	8.4044e-06
38860.0	9.18232e-06
38870.0	9.95957e-06
38880.0	1.04378e-05
38890.0	1.02214e-05
38900.0	1.00052e-05
38910.0	9.79868e-06
38920.0	9.59645e-06
38930.0	9.39444e-06
38940.0	1.00855e-05
38950.0	1.07757e-05
38960.0	1.13189e-05
38970.0	1.16424e-05
38980.0	1.19654e-05
38990.0	1.20922e-05
39000.0	1.2135e-05
39010.0	1.22442e-05
39020.0	1.29495e-05
39030.0	1.36542e-05
39040.0	1.37187e-05
39050.0	1.28242e-05
39060.0	1.19307e-05
39070.0	1.04829e-05
39080.0	8.89829e-06
39090.0	7.41136e-06
39100.0	6.78696e-06
39110.0	6.16342e-06
39120.0	6.0742e-06
39130.0	6.51852e-06
39140.0	6.96223e-06
39150.0	7.87869e-06
39160.0	8.91239e-06
39170.0	9.80027e-06
39180.0	1.01078e-05
39190.0	1.04151e-05
39200.0	1.04564e-05
39210.0	1.02323e-05
39220.0	1.00084e-05
39230.0	1.03044e-05
39240.0	1.07299e-05
39250.0	1.11013e-05
39260.0	1.12579e-05
39270.0	1.14143e-05
39280.0	1.16239e-05
39290.0	1.18865e-05
39300.0	1.21489e-05
39310.0	1.22508e-05
39320.0	1.23348e-05
39330.0	1.21545e-05
39340.0	1.09182e-05
39350.0	9.68333e-06
39360.0	7.96836e-06
39370.0	5.93518e-06
39380.0	3.90433e-06
39390.0	3.03042e-06
39400.0	2.28575e-06
39410.0	1.83117e-06
39420.0	2.05135e-06
39430.0	2.27133e-06
39440.0	3.05423e-06
39450.0	4.21128e-06
39460.0	5.36728e-06
39470.0	5.61878e-06
39480.0	5.86999e-06
39490.0	6.00946e-06
39500.0	5.88878e-06
39510.0	5.76826e-06
39520.0	5.64896e-06
39530.0	5.53023e-06
39540.0	5.41167e-06
39550.0	5.60258e-06
39560.0	5.79331e-06
39570.0	6.09006e-06
39580.0	6.63407e-06
39590.0	7.17758e-06
39600.0	7.6204e-06
39610.0	8.02114e-06
39620.0	8.42153e-06
39630.0	8.34368e-06
39640.0	8.2659e-06
39650.0	8.08571e-06
39660.0	7.75186e-06
39670.0	7.41837e-06
39680.0	6.89671e-06
39690.0	6.29464e-06
39700.0	5.76109e-06
39710.0	5.83742e-06
39720.0	5.9137e-06
39730.0	6.38968e-06
39740.0	7.46437e-06
39750.0	8.53814e-06
39760.0	9.51151e-06
39770.0	1.04589e-05
39780.0	1.14239e-05
39790.0	1.25539e-05
39800.0	1.36826e-05
39810.0	1.46239e-05
39820.0	1.53783e-05
39830.0	1.61319e-05
39840.0	1.56058e-05
39850.0	1.4761e-05
39860.0	1.37022e-05
39870.0	1.17874e-05
39880.0	9.87426e-06
39890.0	8.4117e-06
39900.0	7.40005e-06
39910.0	6.38927e-06
39920.0	7.02015e-06
39930.0	8.06031e-06
39940.0	9.20374e-06
39950.0	1.07631e-05
39960.0	1.23216e-05
39970.0	1.33629e-05
39980.0	1.38881e-05
39990.0	1.4413e-05
40000.0	1.34124e-05
40010.0	1.2243e-05
40020.0	1.10283e-05
40030.0	9.62872e-06
40039.99999999999	8.22972e-06
40050.0	7.28293e-06
40060.0	6.63658e-06
40070.0	5.99079e-06
40080.0	5.69126e-06
40090.0	5.43044e-06
40100.0	5.29468e-06
40110.0	5.44999e-06
40119.99999999999	5.60517e-06
40130.0	6.19427e-06
40140.0	7.07165e-06
40150.0	7.94826e-06
40160.0	8.64782e-06
40170.0	9.34709e-06
40180.0	9.95087e-06
40190.0	1.0334e-05
40199.99999999999	1.07169e-05
40210.0	1.10025e-05
40220.0	1.12464e-05
40230.0	1.14901e-05
40240.0	1.14797e-05
40250.0	1.14693e-05
40260.0	1.11269e-05
40270.0	1.00101e-05
40279.99999999999	8.89425e-06
40290.0	8.40559e-06
40300.0	8.18603e-06
40310.0	7.96677e-06
40320.0	8.41511e-06
40330.0	8.86305e-06
40340.0	9.01508e-06
40350.0	8.72318e-06
40359.99999999999	8.43153e-06
40370.0	7.58659e-06
40380.0	6.50552e-06
40390.0	5.45613e-06
40400.0	4.68371e-06
40410.00000000001	3.91197e-06
40420.0	3.43291e-06
40430.0	3.39275e-06
40439.99999999999	3.35264e-06
40450.0	4.08527e-06
40460.0	5.01012e-06
40470.0	5.93205e-06
40480.0	6.83432e-06
40490.00000000001	7.73579e-06
40500.0	8.41285e-06
40510.0	8.86514e-06
40519.99999999999	9.31703e-06
40530.0	9.23197e-06
40540.0	9.01307e-06
40550.0	8.74261e-06
40560.0	8.26501e-06
40570.00000000001	7.78806e-06
40580.0	7.50123e-06
40590.0	7.40408e-06
40599.99999999999	7.30702e-06
40610.0	7.90214e-06
40620.0	8.57372e-06
40630.0	8.91525e-06
40640.0	7.94002e-06
40650.00000000001	6.96565e-06
40660.0	6.16921e-06
40670.0	5.55029e-06
40679.99999999999	4.93193e-06
40690.0	5.18949e-06
40700.0	5.54437e-06
40710.0	6.11152e-06
40720.0	7.53523e-06
40730.00000000001	8.95662e-06
40740.0	9.8308e-06
40750.0	1.03404e-05
40759.99999999999	1.08495e-05
40770.0	1.05731e-05
40780.0	1.02103e-05
40790.0	9.67957e-06
40800.0	8.75641e-06
40810.00000000001	7.83475e-06
40820.0	7.41862e-06
40830.0	7.33899e-06
40839.99999999999	7.25953e-06
40850.0	7.87071e-06
40860.0	8.48088e-06
40870.0	9.19105e-06
40880.0	1.01356e-05
40890.00000000001	1.1079e-05
40900.0	1.1491e-05
40910.0	1.16757e-05
40920.0	1.186e-05
40930.0	1.17479e-05
40940.0	1.16359e-05
40950.0	1.1272e-05
40960.0	1.05298e-05
40970.00000000001	9.78921e-06
40980.0	9.50908e-06
40990.0	9.42556e-06
41000.0	9.34217e-06
41010.0	9.6851e-06
41020.0	1.00276e-05
41030.0	1.01473e-05
41040.0	9.93394e-06
41050.00000000001	9.72096e-06
41060.0	8.61912e-06
41070.0	7.13842e-06
41080.0	5.87303e-06
41090.0	6.52091e-06
41100.0	7.16738e-06
41110.0	8.01756e-06
41120.0	9.17311e-06
41130.00000000001	1.03267e-05
41140.0	1.12219e-05
41150.0	1.20515e-05
41160.0	1.27909e-05
41170.0	1.2729e-05
41180.0	1.26671e-05
41190.0	1.23198e-05
41200.0	1.16873e-05
41210.00000000001	1.10559e-05
41220.0	1.01036e-05
41230.0	9.07311e-06
41240.0	8.18775e-06
41250.0	7.87616e-06
41260.0	7.56508e-06
41270.0	7.39741e-06
41280.0	7.37292e-06
41289.99999999999	7.34845e-06
41300.0	7.46676e-06
41310.0	7.60074e-06
41320.0	7.77327e-06
41330.0	8.10029e-06
41340.0	8.42674e-06
41350.0	8.82796e-06
41360.0	9.30337e-06
41369.99999999999	9.77794e-06
41380.0	1.01186e-05
41390.0	1.04438e-05
41400.0	1.06665e-05
41410.0	1.0482e-05
41420.0	1.02977e-05
41430.0	9.90874e-06
41440.0	9.38402e-06
41449.99999999999	8.8602e-06
41460.0	8.41779e-06
41470.0	7.98508e-06
41480.0	7.84756e-06
41490.0	8.39871e-06
41500.0	8.94863e-06
41510.0	9.55772e-06
41520.0	1.02057e-05
41529.99999999999	1.08526e-05
41540.0	1.14697e-05
41550.0	1.20861e-05
41560.0	1.26022e-05
41570.0	1.28869e-05
41580.0	1.31711e-05
41590.0	1.28842e-05
41600.0	1.23535e-05
41609.99999999999	1.18237e-05
41620.0	1.11043e-05
41630.0	1.03866e-05
41640.0	9.56898e-06
41650.0	8.60134e-06
41660.00000000001	7.6354e-06
41670.0	6.29555e-06
41680.0	4.79655e-06
41689.99999999999	3.30091e-06
41700.0	2.17224e-06
41710.0	1.04556e-06
41720.0	3.1583e-07
41730.0	1.79057e-07
41740.00000000001	4.2527e-08
41750.0	0.0
41760.0	0.0
41769.99999999999	0.0
41780.0	5.95599e-08
41790.0	1.12129e-07
41800.0	1.06471e-06
41810.0	3.36778e-06
41820.00000000001	5.66564e-06
41830.0	6.41414e-06
41840.0	6.77464e-06
41849.99999999999	7.06029e-06
41860.0	6.67935e-06
41870.0	6.2991e-06
41880.0	6.25771e-06
41890.0	6.55433e-06
41900.00000000001	6.8504e-06
41910.0	6.85417e-06
41920.0	6.78697e-06
41929.99999999999	6.66557e-06
41940.0	6.3278e-06
41950.0	5.99119e-06
41960.0	5.67263e-06
41970.0	5.37185e-06
41980.00000000001	5.07226e-06
41990.0	4.97491e-06
42000.0	4.90024e-06
42009.99999999999	4.81833e-06
42020.0	4.70696e-06
42030.0	4.59601e-06
42040.0	4.37863e-06
42050.0	4.09101e-06
42060.00000000001	3.80455e-06
42070.0	3.58769e-06
42080.0	3.37921e-06
42089.99999999999	3.35688e-06
42100.0	4.07257e-06
42110.0	4.78521e-06
42120.0	5.55253e-06
42130.0	6.35496e-06
42140.00000000001	7.15432e-06
42150.0	7.5484e-06
42160.0	7.89639e-06
42170.0	8.09641e-06
42180.0	7.95449e-06
42190.0	7.81311e-06
42200.0	7.56131e-06
42210.0	7.23653e-06
42220.00000000001	6.91323e-06
42230.0	5.82669e-06
42240.0	4.7448e-06
42250.0	3.80247e-06
42260.0	3.17837e-06
42270.0	2.55667e-06
42280.0	2.30888e-06
42290.0	2.22038e-06
42300.00000000001	2.13224e-06
42310.0	2.56962e-06
42320.0	3.00504e-06
42330.0	3.58093e-06
42340.0	4.36812e-06
42350.0	5.1514e-06
42360.0	5.08312e-06
42370.0	4.65336e-06
42380.00000000001	4.18238e-06
42390.0	3.32708e-06
42400.0	2.47559e-06
42410.0	1.81484e-06
42420.0	1.43772e-06
42430.0	1.06229e-06
42440.0	1.20466e-06
42450.0	1.56701e-06
42460.00000000001	1.82155e-06
42470.0	1.12306e-06
42480.0	4.28081e-07
42490.0	1.09388e-08
42500.0	0.0
42510.0	0.0
42520.0	0.0
42530.0	0.0
42539.99999999999	0.0
42550.0	0.0
42560.0	0.0
42570.0	2.90316e-08
42580.0	8.41069e-08
42590.0	1.38923e-07
42600.0	4.0302e-07
42610.0	7.18036e-07
42619.99999999999	9.12706e-07
42630.0	6.33018e-07
42640.0	3.54648e-07
42650.0	1.74452e-07
42660.0	9.18302e-08
42670.0	0.0
42680.0	0.0
42690.0	0.0
42699.99999999999	0.0
42710.0	0.0
42720.0	0.0
42730.0	0.0
42740.0	0.0
42750.0	0.0
42760.0	4.82129e-07
42770.0	9.9964e-07
42779.99999999999	1.32819e-06
42790.0	9.3737e-07
42800.0	5.52815e-07
42810.0	3.1379e-07
42820.0	1.70467e-07
42830.0	2.95931e-08
42840.0	1.05467e-08
42850.0	0.0
42859.99999999999	0.0
42870.0	0.0
42880.0	0.0
42890.0	3.82263e-08
42900.0	9.90713e-08
42910.00000000001	1.58771e-07
42920.0	5.7026e-07
42930.0	9.7406e-07
42939.99999999999	1.34742e-06
42950.0	1.66163e-06
42960.0	1.96941e-06
42970.0	1.98295e-06
42980.0	1.87376e-06
42990.00000000001	1.76637e-06
43000.0	2.30327e-06
43010.0	2.76941e-06
43019.99999999999	2.98404e-06
43030.0	2.86382e-06
43040.0	2.74508e-06
43050.0	2.28143e-06
43060.0	1.70142e-06
43070.00000000001	1.1724e-06
43080.0	7.91754e-07
43090.0	4.38651e-07
43099.99999999999	3.40943e-07
43110.0	5.72945e-07
43120.0	7.7815e-07
43130.0	1.0815e-06
43140.0	1.3931e-06
43150.00000000001	1.63449e-06
43160.0	1.64693e-06
43170.0	1.6411e-06
43179.99999999999	1.48656e-06
43190.0	1.1571e-06
43200.0	8.65472e-07
43210.0	6.94912e-07
43220.0	5.38435e-07
43230.00000000001	4.01653e-07
43240.0	3.83017e-07
43250.0	3.64819e-07
43259.99999999999	3.34218e-07
43270.0	2.92301e-07
43280.0	2.52234e-07
43290.0	1.67703e-07
43300.0	7.65459e-08
43310.00000000001	0.0
43320.0	0.0
43330.0	0.0
43339.99999999999	0.0
43350.0	0.0
43360.0	0.0
43370.0	0.0
43380.0	0.0
43390.00000000001	0.0
43400.0	0.0
43410.0	0.0
43420.0	0.0
43430.0	0.0
43440.0	0.0
43450.0	0.0
43460.0	0.0
43470.00000000001	0.0
43480.0	2.91707e-08
43490.0	4.75987e-08
43500.0	7.06181e-08
43510.0	1.02251e-07
43520.0	1.33868e-07
43530.0	9.19457e-08
43540.0	4.19339e-08
43550.00000000001	0.0
43560.0	0.0
43570.0	0.0
43580.0	0.0
43590.0	0.0
43600.0	0.0
43610.0	0.0
43620.0	0.0
43630.00000000001	0.0
43640.0	0.0
43650.0	0.0
43660.0	2.90736e-08
43670.0	6.91113e-08
43680.0	1.09109e-07
43690.0	1.51916e-07
43700.0	1.9468e-07
43710.00000000001	2.26055e-07
43720.0	2.40212e-07
43730.0	2.54362e-07
43740.0	2.5957e-07
43750.0	2.60954e-07
43760.0	2.64803e-07
43770.0	2.90798e-07
43780.0	3.16793e-07
43789.99999999999	3.29892e-07
43800.0	3.23624e-07
43810.0	3.17355e-07
43820.0	3.05524e-07
43830.0	2.923e-07
43840.0	2.77923e-07
43850.0	2.53175e-07
43860.0	2.28439e-07
43869.99999999999	1.91306e-07
43880.0	1.35583e-07
43890.0	7.98605e-08
43900.0	4.89741e-08
43910.0	2.43078e-08
43920.0	0.0
43930.0	0.0
43940.0	0.0
43949.99999999999	0.0
43960.0	0.0
43970.0	0.0
43980.0	0.0
43990.0	0.0
44000.0	2.35711e-08
44010.0	8.63367e-08
44020.0	1.49102e-07
44029.99999999999	2.01164e-07
44040.0	2.42512e-07
44050.0	2.83879e-07
44060.0	3.21845e-07
44070.0	3.59437e-07
44080.0	4.01631e-07
44090.0	4.62199e-07
44100.0	5.22767e-07
44109.99999999999	5.88563e-07
44120.0	6.57879e-07
44130.0	7.27162e-07
44140.0	7.67638e-07
44150.0	8.04909e-07
44160.00000000001	8.30967e-07
44170.0	8.30856e-07
44180.0	8.30744e-07
44189.99999999999	7.69139e-07
44200.0	6.66604e-07
44210.0	5.64068e-07
44220.0	4.39708e-07
44230.0	3.12919e-07
44240.00000000001	2.08658e-07
44250.0	1.5707e-07
44260.0	1.05506e-07
44269.99999999999	9.39737e-08
44280.0	1.09087e-07
44290.0	1.242e-07
44300.0	2.19811e-07
44310.0	3.15468e-07
44320.00000000001	3.89068e-07
44330.0	4.113e-07
44340.0	4.33532e-07
44349.99999999999	4.46448e-07
44360.0	4.55374e-07
44370.0	4.643e-07
44380.0	4.53873e-07
44390.0	4.43452e-07
44400.00000000001	4.23019e-07
44410.0	3.87575e-07
44420.0	3.52131e-07
44429.99999999999	3.41985e-07
44440.0	3.42677e-07
44450.0	3.4264e-07
44460.0	3.36047e-07
44470.0	3.29455e-07
44480.00000000001	3.17392e-07
44490.0	2.97125e-07
44500.0	2.76859e-07
44509.99999999999	2.51314e-07
44520.0	2.24462e-07
44530.0	1.98667e-07
44540.0	1.82362e-07
44550.0	1.66057e-07
44560.00000000001	1.54272e-07
44570.0	1.47013e-07
44580.0	1.3975e-07
44589.99999999999	1.50095e-07
44600.0	1.64836e-07
44610.0	1.80492e-07
44620.0	2.04373e-07
44630.0	2.28254e-07
44640.00000000001	2.53333e-07
44650.0	2.79587e-07
44660.0	3.05842e-07
44670.0	3.1433e-07
44680.0	3.1837e-07
44690.0	3.30307e-07
44700.0	3.7378e-07
44710.0	4.17274e-07
44720.00000000001	4.70934e-07
44730.0	5.3477e-07
44740.0	5.98607e-07
44750.0	6.4046e-07
44760.0	6.79867e-07
44770.0	7.10221e-07
44780.0	7.04337e-07
44790.0	6.98452e-07
44800.00000000001	6.75936e-07
44810.0	6.42349e-07
44820.0	6.08763e-07
44830.0	5.55811e-07
44840.0	5.00678e-07
44850.0	4.69399e-07
44860.0	4.93732e-07
44870.0	5.18064e-07
44880.00000000001	5.48774e-07
44890.0	5.83737e-07
44900.0	6.187e-07
44910.0	6.566e-07
44920.0	6.94481e-07
44930.0	6.93916e-07
44940.0	6.03621e-07
44950.0	5.13326e-07
44960.00000000001	4.49147e-07
44970.0	4.02362e-07
44980.0	3.556e-07
44990.0	3.376e-07
45000.0	3.19601e-07
45010.0	3.27928e-07
45020.0	3.977e-07
45030.0	4.67472e-07
45039.99999999999	5.43757e-07
45050.0	6.22778e-07
45060.0	7.018e-07
45070.0	7.73443e-07
45080.0	8.45087e-07
45090.0	8.66251e-07
45100.0	8.11549e-07
45110.0	7.56874e-07
45119.99999999999	7.08577e-07
45130.0	6.63007e-07
45140.0	6.19044e-07
45150.0	5.89532e-07
45160.0	5.60019e-07
45170.0	5.45008e-07
45180.0	5.51776e-07
45190.0	5.58544e-07
45199.99999999999	5.31817e-07
45210.0	4.967e-07
45220.0	4.60902e-07
45230.0	4.18985e-07
45240.0	3.77048e-07
45250.0	3.45171e-07
45260.0	3.23323e-07
45270.0	3.01476e-07
45279.99999999999	3.06519e-07
45290.0	3.18296e-07
45300.0	3.32632e-07
45310.0	3.69903e-07
45320.0	4.07174e-07
45330.0	4.64403e-07
45340.0	5.41574e-07
45350.0	6.18744e-07
45359.99999999999	6.67174e-07
45370.0	7.08426e-07
45380.0	7.42349e-07
45390.0	7.47089e-07
45400.0	7.51829e-07
45410.00000000001	7.35477e-07
45420.0	6.98015e-07
45430.0	6.60534e-07
45439.99999999999	6.24555e-07
45450.0	5.88741e-07
45460.0	5.55471e-07
45470.0	5.32359e-07
45480.0	5.09247e-07
45490.00000000001	5.08819e-07
45500.0	5.23527e-07
45510.0	5.38228e-07
45519.99999999999	5.29836e-07
45530.0	5.18874e-07
45540.0	5.0539e-07
45550.0	4.8602e-07
45560.0	4.66641e-07
45570.00000000001	4.4724e-07
45580.0	4.2782e-07
45590.0	4.084e-07
45599.99999999999	4.41245e-07
45610.0	4.74091e-07
45620.0	5.11399e-07
45630.0	5.59171e-07
45640.0	6.06919e-07
45650.00000000001	5.99172e-07
45660.0	5.54486e-07
45670.0	5.098e-07
45679.99999999999	4.84953e-07
45690.0	4.60106e-07
45700.0	4.38004e-07
45710.0	4.2235e-07
45720.0	4.06696e-07
45730.00000000001	3.99485e-07
45740.0	3.95893e-07
45750.0	3.923e-07
45759.99999999999	3.85605e-07
45770.0	3.78914e-07
45780.0	3.73107e-07
45790.0	3.68626e-07
45800.0	3.64144e-07
45810.00000000001	3.81241e-07
45820.0	4.07583e-07
45830.0	4.3324e-07
45839.99999999999	4.5261e-07
45850.0	4.7198e-07
45860.0	4.89785e-07
45870.0	5.05244e-07
45880.0	5.20704e-07
45890.00000000001	5.58948e-07
45900.0	6.02874e-07
45910.0	6.42831e-07
45920.0	6.47138e-07
45930.0	6.51445e-07
45940.0	6.36479e-07
45950.0	6.0222e-07
45960.0	5.67945e-07
45970.00000000001	5.26968e-07
45980.0	4.84312e-07
45990.0	4.49095e-07
46000.0	4.43577e-07
46010.0	4.3806e-07
46020.0	4.52397e-07
46030.0	4.86576e-07
46040.0	5.20755e-07
46050.00000000001	5.81223e-07
46060.0	6.48277e-07
46070.0	7.11445e-07
46080.0	7.59103e-07
46090.0	8.06783e-07
46100.0	8.23578e-07
46110.0	8.09542e-07
46120.0	7.95506e-07
46130.00000000001	7.51274e-07
46140.0	7.03683e-07
46150.0	6.59298e-07
46160.0	6.27743e-07
46170.0	5.96204e-07
46180.0	5.91315e-07
46190.0	6.04164e-07
46200.0	6.17013e-07
46210.00000000001	6.1958e-07
46220.0	6.21004e-07
46230.0	6.23355e-07
46240.0	6.27874e-07
46250.0	6.32392e-07
46260.0	6.62258e-07
46270.0	7.09029e-07
46280.0	7.558e-07
46289.99999999999	7.66803e-07
46300.0	7.77801e-07
46310.0	7.81462e-07
46320.0	7.68e-07
46330.0	7.54538e-07
46340.0	7.42542e-07
46350.0	7.31168e-07
46360.0	7.198e-07
46369.99999999999	7.14911e-07
46380.0	7.10022e-07
46390.0	7.07015e-07
46400.0	7.084e-07
46410.0	7.09785e-07
46420.0	7.10511e-07
46430.0	7.10956e-07
46440.0	7.114e-07
46449.99999999999	7.31089e-07
46460.0	7.50779e-07
46470.0	7.8593e-07
46480.0	8.44309e-07
46490.0	9.02717e-07
46500.0	9.17641e-07
46510.0	9.13987e-07
46520.0	9.08738e-07
46529.99999999999	8.89149e-07
46540.0	8.69561e-07
46550.0	8.50738e-07
46560.0	8.33087e-07
46570.0	8.15435e-07
46580.0	8.02657e-07
46590.0	7.911e-07
46600.0	7.80165e-07
46609.99999999999	7.74819e-07
46620.0	7.69471e-07
46630.0	7.90344e-07
46640.0	8.37409e-07
46650.0	8.84474e-07
46660.00000000001	9.14755e-07
46670.0	9.40833e-07
46680.0	9.60914e-07
46689.99999999999	9.56988e-07
46700.0	9.53062e-07
46710.0	8.92435e-07
46720.0	7.75162e-07
46730.0	6.57888e-07
46740.00000000001	5.84908e-07
46750.0	5.22992e-07
46760.0	4.75013e-07
46769.99999999999	4.82567e-07
46780.0	4.90121e-07
46790.0	5.06394e-07
46800.0	5.31395e-07
46810.0	5.56408e-07
46820.00000000001	5.85509e-07
46830.0	6.15064e-07
46840.0	6.38677e-07
46849.99999999999	6.38562e-07
46860.0	6.38446e-07
46870.0	6.39311e-07
46880.0	6.4083e-07
46890.0	6.42348e-07
46900.00000000001	6.452e-07
46910.0	6.482e-07
46920.0	6.50589e-07
46929.99999999999	6.51552e-07
46940.0	6.52515e-07
46950.0	6.53685e-07
46960.0	6.54992e-07
46970.0	6.563e-07
46980.00000000001	6.58374e-07
46990.0	6.60447e-07
47000.0	6.62971e-07
47009.99999999999	6.66551e-07
47020.0	6.70128e-07
47030.0	6.70085e-07
47040.0	6.68492e-07
47050.0	6.669e-07
47060.00000000001	6.30315e-07
47070.0	5.93729e-07
47080.0	5.51752e-07
47089.99999999999	4.9725e-07
47100.0	4.42748e-07
47110.0	3.89506e-07
47120.0	3.36803e-07
47130.0	2.841e-07
47140.00000000001	3.17149e-07
47150.0	3.50183e-07
47160.0	3.9079e-07
47170.0	4.42752e-07
47180.0	4.94714e-07
47190.0	5.55096e-07
47200.0	6.19087e-07
47210.0	6.76251e-07
47220.00000000001	6.7177e-07
47230.0	6.67288e-07
47240.0	6.49706e-07
47250.0	6.12481e-07
47260.0	5.75256e-07
47270.0	5.78558e-07
47280.0	5.92002e-07
47290.0	6.08017e-07
47300.00000000001	6.47126e-07
47310.0	6.86236e-07
47320.0	7.48871e-07
47330.0	8.35055e-07
47340.0	9.2128e-07
47350.0	9.52135e-07
47360.0	9.69174e-07
47370.0	9.8217e-07
47380.00000000001	9.79022e-07
47390.0	9.75875e-07
47400.0	9.80335e-07
47410.0	9.92416e-07
47420.0	1.00449e-06
47430.0	9.888e-07
47440.0	9.70019e-07
47450.0	9.46575e-07
47460.00000000001	9.04509e-07
47470.0	8.62423e-07
47480.0	8.0535e-07
47490.0	7.33283e-07
47500.0	6.61217e-07
47510.0	6.26005e-07
47520.0	5.94894e-07
47530.0	5.82488e-07
47539.99999999999	6.45021e-07
47550.0	7.07523e-07
47560.0	7.61869e-07
47570.0	8.10785e-07
47580.0	8.59701e-07
47590.0	8.99655e-07
47600.0	9.38629e-07
47610.0	9.7431e-07
47619.99999999999	1.00235e-06
47630.0	1.03038e-06
47640.0	1.0533e-06
47650.0	1.0728e-06
47660.0	1.0923e-06
47670.0	1.08804e-06
47680.0	1.08378e-06
47690.0	1.08035e-06
47699.99999999999	1.07885e-06
47710.0	1.07735e-06
47720.0	1.07698e-06
47730.0	1.07709e-06
47740.0	1.0772e-06
47750.0	1.1047e-06
47760.0	1.1322e-06
47770.0	1.15092e-06
47779.99999999999	1.15648e-06
47790.0	1.16203e-06
47800.0	1.1396e-06
47810.0	1.1052e-06
47820.0	1.0708e-06
47830.0	1.00604e-06
47840.0	9.41281e-07
47850.0	8.77309e-07
47859.99999999999	8.14521e-07
47870.0	7.51703e-07
47880.0	7.1935e-07
47890.0	7.00006e-07
47900.0	6.83675e-07
47910.00000000001	6.94414e-07
47920.0	7.05153e-07
47930.0	7.42157e-07
47939.99999999999	8.1853e-07
47950.0	8.94903e-07
47960.0	9.26197e-07
47970.0	9.462e-07
47980.0	9.63056e-07
47990.00000000001	9.51635e-07
48000.0	9.40208e-07
48010.0	9.01009e-07
48019.99999999999	8.34059e-07
48030.0	7.67109e-07
48040.0	7.23402e-07
48050.0	6.85516e-07
48060.0	6.55608e-07
48070.00000000001	6.57645e-07
48080.0	6.59682e-07
48090.0	6.84573e-07
48099.99999999999	7.32297e-07
48110.0	7.80021e-07
48120.0	8.61786e-07
48130.0	9.47381e-07
48140.0	1.02395e-06
48150.00000000001	1.06465e-06
48160.0	1.10534e-06
48170.0	1.13481e-06
48179.99999999999	1.15304e-06
48190.0	1.17127e-06
48200.0	1.13552e-06
48210.0	1.09378e-06
48220.0	1.05673e-06
48230.00000000001	1.03838e-06
48240.0	1.02004e-06
48250.0	1.0107e-06
48259.99999999999	1.00737e-06
48270.0	1.00403e-06
48280.0	1.00145e-06
48290.0	9.9895e-07
48300.0	9.975e-07
48310.00000000001	9.985e-07
48320.0	9.995e-07
48330.0	1.0086e-06
48339.99999999999	1.0231e-06
48350.0	1.0376e-06
48360.0	9.97867e-07
48370.0	9.58134e-07
48380.0	9.06717e-07
48390.00000000001	8.27931e-07
48400.0	7.49183e-07
48410.0	7.00542e-07
48420.0	6.64771e-07
48430.0	6.29e-07
48440.0	6.12964e-07
48450.0	5.96928e-07
48460.0	6.24256e-07
48470.00000000001	7.16625e-07
48480.0	8.08994e-07
48490.0	8.82286e-07
48500.0	9.47403e-07
48510.0	1.00336e-06
48520.0	9.76982e-07
48530.0	9.50617e-07
48540.0	9.15699e-07
48550.00000000001	8.6796e-07
48560.0	8.2022e-07
48570.0	7.69691e-07
48580.0	7.17968e-07
48590.0	6.72234e-07
48600.0	6.80568e-07
48610.0	6.88901e-07
48620.0	7.00901e-07
48630.00000000001	7.18398e-07
48640.0	7.35896e-07
48650.0	7.71062e-07
48660.0	8.10673e-07
48670.0	8.47263e-07
48680.0	8.56877e-07
48690.0	8.66491e-07
48700.0	8.61323e-07
48710.00000000001	8.41361e-07
48720.0	8.21389e-07
48730.0	7.94594e-07
48740.0	7.66093e-07
48750.0	7.38702e-07
48760.0	7.15743e-07
48770.0	6.92785e-07
48780.0	6.93273e-07
48789.99999999999	7.17243e-07
48800.0	7.41201e-07
48810.0	7.598e-07
48820.0	7.77803e-07
48830.0	7.93371e-07
48840.0	7.99216e-07
48850.0	8.05064e-07
48860.0	8.04999e-07
48869.99999999999	8.01e-07
48880.0	7.97e-07
48890.0	7.87835e-07
48900.0	7.78094e-07
48910.0	7.66219e-07
48920.0	7.45786e-07
48930.0	7.25362e-07
48940.0	7.10041e-07
48949.99999999999	6.98118e-07
48960.0	6.86194e-07
48970.0	7.21231e-07
48980.0	7.61495e-07
48990.0	8.01431e-07
49000.0	8.40542e-07
49010.0	8.79652e-07
49020.0	9.17082e-07
49029.99999999999	9.53391e-07
49040.0	9.897e-07
49050.0	9.94183e-07
49060.0	9.98663e-07
49070.0	9.97774e-07
49080.0	9.8435e-07
49090.0	9.70926e-07
49100.0	9.41574e-07
49109.99999999999	9.05395e-07
49120.0	8.692e-07
49130.0	8.3566e-07
49140.0	8.02121e-07
49150.0	7.75925e-07
49160.00000000001	7.6074e-07
49170.0	7.45555e-07
49180.0	7.31544e-07
49189.99999999999	7.18046e-07
49200.0	7.04873e-07
49210.0	6.94616e-07
49220.0	6.84358e-07
49230.0	6.82182e-07
49240.00000000001	6.92147e-07
49250.0	7.02116e-07
49260.0	7.22099e-07
49269.99999999999	7.46364e-07
49280.0	7.7397e-07
49290.0	8.31589e-07
49300.0	8.89207e-07
49310.0	9.51141e-07
49320.00000000001	1.01948e-06
49330.0	1.08781e-06
49340.0	1.08538e-06
49349.99999999999	1.06523e-06
49360.0	1.04542e-06
49370.0	1.02865e-06
49380.0	1.01188e-06
49390.0	9.98832e-07
49400.00000000001	9.895e-07
49410.0	9.80169e-07
49420.0	9.65627e-07
49429.99999999999	9.4978e-07
49440.0	9.33252e-07
49450.0	9.13984e-07
49460.0	8.94725e-07
49470.0	8.87062e-07
49480.00000000001	8.90985e-07
49490.0	8.94907e-07
49500.0	9.04798e-07
49509.99999999999	9.15359e-07
49520.0	9.24154e-07
49530.0	9.25923e-07
49540.0	9.27692e-07
49550.0	9.2069e-07
49560.00000000001	9.07839e-07
49570.0	8.94987e-07
49580.0	8.39881e-07
49589.99999999999	7.80104e-07
49600.0	7.24767e-07
49610.0	6.87157e-07
49620.0	6.49548e-07
49630.0	6.2537e-07
49640.00000000001	6.10143e-07
49650.0	5.94924e-07
49660.0	5.63634e-07
49670.0	5.30556e-07
49680.0	4.96791e-07
49690.0	4.61421e-07
49700.0	4.26051e-07
49710.0	4.32587e-07
49720.00000000001	4.67043e-07
49730.0	5.015e-07
49740.0	5.57452e-07
49750.0	6.13404e-07
49760.0	6.51932e-07
49770.0	6.49699e-07
49780.0	6.47468e-07
49790.0	6.4086e-07
49800.00000000001	6.3238e-07
49810.0	6.239e-07
49820.0	5.96173e-07
49830.0	5.68447e-07
49840.0	5.48066e-07
49850.0	5.38733e-07
49860.0	5.294e-07
49870.0	5.34139e-07
49880.00000000001	5.44909e-07
49890.0	5.51923e-07
49900.0	5.25187e-07
49910.0	4.98439e-07
49920.0	4.65814e-07
49930.0	4.24358e-07
49940.0	3.82903e-07
49950.0	3.86951e-07
49960.00000000001	4.02395e-07
49970.0	4.19471e-07
49980.0	4.51137e-07
49990.0	4.82803e-07
50000.0	5.0777e-07
50010.0	5.22691e-07
50020.0	5.37612e-07
50030.0	5.55232e-07
50039.99999999999	5.73536e-07
50050.0	5.93589e-07
50060.0	6.2943e-07
50070.0	6.65271e-07
50080.0	6.94491e-07
50090.0	7.17083e-07
50100.0	7.39686e-07
50110.0	7.38999e-07
50119.99999999999	7.32498e-07
50130.0	7.24815e-07
50140.0	7.1241e-07
50150.0	7.00005e-07
50160.0	6.85017e-07
50170.0	6.67434e-07
50180.0	6.4986e-07
50190.0	6.22167e-07
50199.99999999999	5.93347e-07
50210.0	5.64069e-07
50220.0	5.32958e-07
50230.0	5.01847e-07
50240.0	4.65278e-07
50250.0	4.25101e-07
50260.0	3.84923e-07
50270.0	3.53008e-07
50279.99999999999	3.22013e-07
50290.0	3.20989e-07
50300.0	3.90107e-07
50310.0	4.59192e-07
50320.0	5.40401e-07
50330.0	6.2968e-07
50340.0	7.18959e-07
50350.0	7.47036e-07
50359.99999999999	7.68303e-07
50370.0	7.85855e-07
50380.0	7.94707e-07
50390.0	8.03558e-07
50400.0	7.98263e-07
50410.00000000001	7.83531e-07
50420.0	7.688e-07
50430.0	7.24528e-07
50439.99999999999	6.80278e-07
50450.0	6.30656e-07
50460.0	5.685e-07
50470.0	5.06344e-07
50480.0	4.66573e-07
50490.00000000001	4.36394e-07
50500.0	4.062e-07
50510.0	3.87392e-07
50519.99999999999	3.68583e-07
50530.0	3.61331e-07
50540.0	3.71404e-07
50550.0	3.81478e-07
50560.0	3.98104e-07
50570.00000000001	4.17525e-07
50580.0	4.34789e-07
50590.0	4.32678e-07
50599.99999999999	4.30567e-07
50610.0	4.29669e-07
50620.0	4.30592e-07
50630.0	4.31516e-07
50640.0	4.77191e-07
50650.00000000001	5.34042e-07
50660.0	5.90362e-07
50670.0	6.41907e-07
50679.99999999999	6.93453e-07
50690.0	7.12429e-07
50700.0	6.82457e-07
50710.0	6.525e-07
50720.0	6.30918e-07
50730.00000000001	6.11433e-07
50740.0	5.93199e-07
50750.0	5.862e-07
50759.99999999999	5.79198e-07
50770.0	5.72681e-07
50780.0	5.66645e-07
50790.0	5.60609e-07
50800.0	5.5494e-07
50810.00000000001	5.49363e-07
50820.0	5.39335e-07
50830.0	5.1147e-07
50839.99999999999	4.83619e-07
50850.0	4.51155e-07
50860.0	4.14084e-07
50870.0	3.77012e-07
50880.0	3.61135e-07
50890.00000000001	3.47611e-07
50900.0	3.35437e-07
50910.0	3.2863e-07
50920.0	3.21823e-07
50930.0	3.13657e-07
50940.0	3.04583e-07
50950.0	2.95509e-07
50960.0	2.8629e-07
50970.00000000001	2.77061e-07
50980.0	2.81254e-07
50990.0	3.16772e-07
51000.0	3.52289e-07
51010.0	3.96645e-07
51020.0	4.46918e-07
51030.0	4.97168e-07
51040.0	5.35254e-07
51050.00000000001	5.71986e-07
51060.0	6.07876e-07
51070.0	6.41801e-07
51080.0	6.75727e-07
51090.0	6.86645e-07
51100.0	6.82222e-07
51110.0	6.778e-07
51120.0	6.45362e-07
51130.00000000001	6.12924e-07
51140.0	5.64555e-07
51150.0	4.7892e-07
51160.0	3.93245e-07
51170.0	3.38417e-07
51180.0	2.96759e-07
51190.0	2.551e-07
51200.0	2.39141e-07
51210.00000000001	2.23182e-07
51220.0	2.17156e-07
51230.0	2.26045e-07
51240.0	2.34934e-07
51250.0	2.73115e-07
51260.0	3.23848e-07
51270.0	3.70924e-07
51280.0	3.85143e-07
51289.99999999999	3.9937e-07
51300.0	3.97453e-07
51310.0	3.71341e-07
51320.0	3.4523e-07
51330.0	3.04428e-07
51340.0	2.59947e-07
51350.0	2.16171e-07
51360.0	1.78939e-07
51369.99999999999	1.41707e-07
51380.0	1.27564e-07
51390.0	1.36488e-07
51400.0	1.45413e-07
51410.0	1.73738e-07
51420.0	2.06939e-07
51430.0	2.41887e-07
51440.0	2.92688e-07
51449.99999999999	3.43488e-07
51460.0	4.06122e-07
51470.0	4.80602e-07
51480.0	5.55083e-07
51490.0	5.65783e-07
51500.0	5.60514e-07
51510.0	5.52718e-07
51520.0	5.34832e-07
51529.99999999999	5.16947e-07
51540.0	4.90146e-07
51550.0	4.54403e-07
51560.0	4.18678e-07
51570.0	3.889e-07
51580.0	3.59784e-07
51590.0	3.29114e-07
51600.0	2.92234e-07
51609.99999999999	2.55355e-07
51620.0	2.26127e-07
51630.0	2.02021e-07
51640.0	1.77914e-07
51650.0	1.70621e-07
51660.00000000001	1.65198e-07
51670.0	1.60402e-07
51680.0	1.57066e-07
51689.99999999999	1.53732e-07
51700.0	1.56533e-07
51710.0	1.63416e-07
51720.0	1.703e-07
51730.0	1.40121e-07
51740.00000000001	1.09941e-07
51750.0	7.91461e-08
51760.0	4.69615e-08
51769.99999999999	1.47769e-08
51780.0	0.0
51790.0	0.0
51800.0	0.0
51810.0	0.0
51820.00000000001	0.0
51830.0	0.0
51840.0	0.0
51849.99999999999	0.0
51860.0	0.0
51870.0	0.0
51880.0	0.0
51890.0	0.0
51900.00000000001	1.09542e-08
51910.0	2.25464e-08
51920.0	4.46571e-08
51929.99999999999	6.67678e-08
51940.0	8.17724e-08
51950.0	9.37379e-08
51960.0	1.0124e-07
51970.0	6.86912e-08
51980.00000000001	3.6142e-08
51990.0	1.53857e-08
52000.0	1.23472e-08
52009.99999999999	0.0
52020.0	1.33825e-08
52030.0	1.92343e-08
52040.0	2.60866e-08
52050.0	4.19305e-08
52060.00000000001	5.77743e-08
52070.0	8.44097e-08
52080.0	1.21865e-07
52089.99999999999	1.59302e-07
52100.0	1.91714e-07
52110.0	2.22867e-07
52120.0	2.49375e-07
52130.0	2.34146e-07
52140.00000000001	2.18911e-07
52150.0	2.06743e-07
52160.0	1.97634e-07
52170.0	1.88524e-07
52180.0	1.82517e-07
52190.0	1.77286e-07
52200.0	1.68475e-07
52210.0	1.45316e-07
52220.00000000001	1.22168e-07
52230.0	9.89615e-08
52240.0	7.56957e-08
52250.0	5.24299e-08
52260.0	4.80004e-08
52270.0	4.5666e-08
52280.0	4.56254e-08
52290.0	5.47395e-08
52300.00000000001	6.38535e-08
52310.0	7.45654e-08
52320.0	8.6343e-08
52330.0	9.81206e-08
52340.0	1.13669e-07
52350.0	1.29628e-07
52360.0	1.32968e-07
52370.0	1.06857e-07
52380.00000000001	8.07467e-08
52390.0	5.76346e-08
52400.0	3.65224e-08
52410.0	1.54e-08
52420.0	1.05482e-08
52430.0	0.0
52440.0	0.0
52450.0	0.0
52460.00000000001	0.0
52470.0	0.0
52480.0	0.0
52490.0	0.0
52500.0	0.0
52510.0	0.0
52520.0	0.0
52530.0	0.0
52539.99999999999	0.0
52550.0	1.11983e-08
52560.0	2.58992e-08
52570.0	4.06e-08
52580.0	1.27626e-07
52590.0	2.14651e-07
52600.0	2.79895e-07
52610.0	3.12376e-07
52619.99999999999	3.44857e-07
52630.0	3.57777e-07
52640.0	3.62316e-07
52650.0	3.64149e-07
52660.0	3.41672e-07
52670.0	3.19184e-07
52680.0	2.99299e-07
52690.0	2.83302e-07
52699.99999999999	2.67304e-07
52710.0	2.5557e-07
52720.0	2.44903e-07
52730.0	2.33418e-07
52740.0	2.14523e-07
52750.0	1.95638e-07
52760.0	1.75993e-07
52770.0	1.5559e-07
52779.99999999999	1.35187e-07
52790.0	1.38082e-07
52800.0	1.46818e-07
52810.0	1.65577e-07
52820.0	2.24381e-07
52830.0	2.83184e-07
52840.0	3.48138e-07
52850.0	4.19248e-07
52859.99999999999	4.90358e-07
52870.0	5.39163e-07
52880.0	5.82357e-07
52890.0	6.18027e-07
52900.0	6.23656e-07
52910.00000000001	6.29284e-07
52920.0	6.0823e-07
52930.0	5.60445e-07
52939.99999999999	5.12683e-07
52950.0	4.77767e-07
52960.0	4.4428e-07
52970.0	4.12763e-07
52980.0	3.89113e-07
52990.00000000001	3.65462e-07
53000.0	3.38859e-07
53010.0	3.10309e-07
53019.99999999999	2.81759e-07
53030.0	2.46683e-07
53040.0	2.10881e-07
53050.0	1.8093e-07
53060.0	1.6466e-07
53070.00000000001	1.48399e-07
53080.0	1.43539e-07
53090.0	1.4627e-07
53099.99999999999	1.49e-07
53110.0	1.54999e-07
53120.0	1.60998e-07
53130.0	1.70957e-07
53140.0	1.9015e-07
53150.00000000001	2.09343e-07
53160.0	2.3076e-07
53170.0	2.5313e-07
53179.99999999999	2.755e-07
53190.0	2.95533e-07
53200.0	3.15576e-07
53210.0	3.35922e-07
53220.0	3.57e-07
53230.00000000001	3.78078e-07
53240.0	3.84037e-07
53250.0	3.83519e-07
53259.99999999999	3.83e-07
53270.0	3.84346e-07
53280.0	3.85692e-07
53290.0	3.96443e-07
53300.0	4.21294e-07
53310.00000000001	4.46146e-07
53320.0	4.74733e-07
53330.0	5.04935e-07
53339.99999999999	5.34521e-07
53350.0	5.58702e-07
53360.0	5.82882e-07
53370.0	6.08651e-07
53380.0	6.36806e-07
53390.00000000001	6.64974e-07
53400.0	6.60198e-07
53410.0	6.47198e-07
53420.0	6.33983e-07
53430.0	6.18831e-07
53440.0	6.03679e-07
53450.0	5.89364e-07
53460.0	5.75878e-07
53470.00000000001	5.624e-07
53480.0	5.49209e-07
53490.0	5.36091e-07
53500.0	5.19874e-07
53510.0	4.91287e-07
53520.0	4.62687e-07
53530.0	4.34433e-07
53540.0	4.06513e-07
53550.00000000001	3.78592e-07
53560.0	3.82843e-07
53570.0	3.95151e-07
53580.0	4.11364e-07
53590.0	4.43231e-07
53600.0	4.75082e-07
53610.0	5.05736e-07
53620.0	5.35193e-07
53630.00000000001	5.6465e-07
53640.0	5.90763e-07
53650.0	6.16503e-07
53660.0	6.42507e-07
53670.0	6.69503e-07
53680.0	6.96499e-07
53690.0	7.22897e-07
53700.0	7.48897e-07
53710.00000000001	7.74896e-07
53720.0	7.78366e-07
53730.0	7.79327e-07
53740.0	7.70446e-07
53750.0	7.38595e-07
53760.0	7.06744e-07
53770.0	6.72199e-07
53780.0	6.35858e-07
53789.99999999999	5.995e-07
53800.0	5.58204e-07
53810.0	5.16909e-07
53820.0	4.82716e-07
53830.0	4.651e-07
53840.0	4.47484e-07
53850.0	4.7696e-07
53860.0	5.2658e-07
53869.99999999999	5.762e-07
53880.0	6.32384e-07
53890.0	6.88568e-07
53900.0	7.16186e-07
53910.0	7.00888e-07
53920.0	6.85582e-07
53930.0	6.70909e-07
53940.0	6.56505e-07
53949.99999999999	6.421e-07
53960.0	6.27525e-07
53970.0	6.1295e-07
53980.0	5.98916e-07
53990.0	5.85688e-07
54000.0	5.72466e-07
54010.0	5.51537e-07
54020.0	5.27305e-07
54029.99999999999	5.03305e-07
54040.0	4.81383e-07
54050.0	4.59451e-07
54060.0	4.433e-07
54070.0	4.35801e-07
54080.0	4.28302e-07
54090.0	4.24282e-07
54100.0	4.21134e-07
54109.99999999999	4.19883e-07
54120.0	4.35776e-07
54130.0	4.51661e-07
54140.0	4.74271e-07
54150.0	5.03598e-07
54160.00000000001	5.32926e-07
54170.0	5.58363e-07
54180.0	5.82837e-07
54189.99999999999	6.05433e-07
54200.0	6.20579e-07
54210.0	6.35724e-07
54220.0	6.49586e-07
54230.0	6.62163e-07
54240.00000000001	6.7474e-07
54250.0	6.81068e-07
54260.0	6.86698e-07
54269.99999999999	6.87596e-07
54280.0	6.69599e-07
54290.0	6.51603e-07
54300.0	6.02913e-07
54310.0	5.23464e-07
54320.00000000001	4.44052e-07
54330.0	3.88967e-07
54340.0	3.36588e-07
54349.99999999999	2.86582e-07
54360.0	2.46049e-07
54370.0	2.05517e-07
54380.0	1.74249e-07
54390.0	1.4918e-07
54400.00000000001	1.2411e-07
54410.0	1.26306e-07
54420.0	1.31536e-07
54429.99999999999	1.37463e-07
54440.0	1.4502e-07
54450.0	1.5258e-07
54460.0	1.65944e-07
54470.0	1.83172e-07
54480.00000000001	2.004e-07
54490.0	2.24729e-07
54500.0	2.49057e-07
54509.99999999999	2.73057e-07
54520.0	2.9625e-07
54530.0	3.19443e-07
54540.0	3.40841e-07
54550.0	3.61471e-07
54560.00000000001	3.821e-07
54570.0	4.1098e-07
54580.0	4.39875e-07
54589.99999999999	4.72537e-07
54600.0	5.10869e-07
54610.0	5.49202e-07
54620.0	5.85508e-07
54630.0	6.20946e-07
54640.00000000001	6.564e-07
54650.0	6.68824e-07
54660.0	6.81247e-07
54670.0	6.89115e-07
54680.0	6.90152e-07
54690.0	6.91189e-07
54700.0	6.43365e-07
54710.0	5.74573e-07
54720.00000000001	5.0779e-07
54730.0	4.58763e-07
54740.0	4.09735e-07
54750.0	3.75566e-07
54760.0	3.63719e-07
54770.0	3.51867e-07
54780.0	3.42209e-07
54790.0	3.33099e-07
54800.00000000001	3.23548e-07
54810.0	3.1005e-07
54820.0	2.96552e-07
54830.0	2.83397e-07
54840.0	2.70578e-07
54850.0	2.57766e-07
54860.0	1.8601e-07
54870.0	9.94905e-08
54880.00000000001	2.81195e-08
54890.0	1.72328e-08
54900.0	0.0
54910.0	0.0
54920.0	0.0
54930.0	0.0
54940.0	0.0
54950.0	0.0
54960.00000000001	0.0
54970.0	0.0
54980.0	0.0
54990.0	0.0
55000.0	0.0
