5000.0	0.0
5010.0	0.0
5020.0	0.0
5030.0	0.0
5040.0	0.0
5050.0	0.0
5060.0	0.0
5070.0	0.0
5080.0	0.0
5090.0	0.0
5100.0	0.0
5110.0	0.0
5120.0	0.0
5130.0	0.0
5140.0	0.0
5150.0	0.0
5160.0	0.0
5170.0	0.0
5180.0	0.0
5190.0	0.0
5200.0	0.0
5210.0	0.0
5220.0	0.0
5230.0	0.0
5240.0	0.0
5250.0	0.0
5260.0	0.0
5270.0	0.0
5280.0	0.0
5290.0	0.0
5300.0	0.0
5310.0	0.0
5320.0	0.0
5330.0	0.0
5340.0	0.0
5350.0	0.0
5360.0	0.0
5370.0	0.0
5380.0	0.0
5390.0	0.0
5400.0	0.0
5410.0	0.0
5420.0	0.0
5430.0	0.0
5440.0	0.0
5450.0	0.0
5460.0	0.0
5470.0	0.0
5480.0	0.0
5490.0	0.0
5500.0	0.0
5510.0	0.0
5520.000000000001	0.0
5530.000000000001	0.0
5540.000000000001	0.0
5550.000000000001	0.0
5560.000000000001	0.0
5570.000000000001	0.0
5580.000000000001	0.0
5590.000000000001	0.0
5600.000000000001	0.0
5610.000000000001	0.0
5620.000000000001	0.0
5629.999999999999	0.0
5639.999999999999	0.0
5649.999999999999	0.0
5659.999999999999	0.0
5669.999999999999	0.0
5679.999999999999	0.0
5689.999999999999	0.0
5699.999999999999	0.0
5709.999999999999	0.0
5719.999999999999	0.0
5729.999999999999	0.0
5740.0	0.0
5750.0	0.0
5760.0	0.0
5770.0	0.0
5780.0	0.0
5790.0	0.0
5800.0	0.0
5810.0	0.0
5820.0	0.0
5830.0	0.0
5840.0	0.0
5850.0	0.0
5860.0	0.0
5870.0	0.0
5880.0	0.0
5890.0	0.0
5900.0	0.0
5910.0	0.0
5920.0	0.0
5930.0	0.0
5940.0	0.0
5950.0	0.0
5960.0	0.0
5970.0	0.0
5980.0	0.0
5990.0	0.0
6000.0	0.0
6010.0	0.0
6020.0	0.0
6030.0	0.0
6040.0	0.0
6050.0	0.0
6060.0	0.0
6070.0	0.0
6080.0	0.0
6090.0	0.0
6100.0	0.0
6110.0	0.0
6120.0	0.0
6130.0	0.0
6140.0	0.0
6150.0	0.0
6160.0	0.0
6170.0	0.0
6180.0	0.0
6190.0	0.0
6200.0	0.0
6210.0	0.0
6220.0	0.0
6230.0	0.0
6240.0	0.0
6250.0	0.0
6260.0	0.0
6270.0	0.0
6280.0	0.0
6290.0	0.0
6300.0	0.0
6310.0	0.0
6320.0	0.0
6330.0	0.0
6340.0	0.0
6350.0	0.0
6360.0	0.0
6370.0	0.0
6380.0	0.0
6390.0	0.0
6400.0	0.0
6410.0	0.0
6420.0	0.0
6430.0	0.0
6440.0	0.0
6450.0	0.0
6460.0	0.0
6470.0	0.0
6480.0	0.0
6490.0	0.0
6500.0	0.0
6510.0	0.0
6520.0	0.0
6530.0	0.0
6540.0	0.0
6550.0	0.0
6560.0	0.0
6570.0	0.0
6580.0	0.0
6590.0	0.0
6600.0	0.0
6610.0	0.0
6620.0	0.0
6630.0	0.0
6640.0	0.0
6650.0	0.0
6660.0	0.0
6670.0	0.0
6680.0	0.0
6690.0	0.0
6700.0	0.0
6710.0	0.0
6720.0	0.0
6730.0	0.0
6740.0	0.0
6750.0	0.0
6760.0	0.0
6770.000000000001	0.0
6780.000000000001	0.0
6790.000000000001	0.0
6800.000000000001	0.0
6810.000000000001	0.0
6820.000000000001	0.0
6830.000000000001	0.0
6840.000000000001	0.0
6850.000000000001	0.0
6860.000000000001	0.0
6870.000000000001	0.0
6879.999999999999	0.0
6889.999999999999	0.0
6899.999999999999	0.0
6909.999999999999	0.0
6919.999999999999	0.0
6929.999999999999	0.0
6939.999999999999	0.0
6949.999999999999	0.0
6959.999999999999	0.0
6969.999999999999	0.0
6979.999999999999	0.0
6990.0	0.0
7000.0	0.0
7010.0	0.0
7020.0	0.0
7030.0	0.0
7040.0	0.0
7050.0	0.0
7060.0	0.0
7070.0	0.0
7080.0	0.0
7090.0	0.0
7100.0	0.0
7110.0	0.0
7120.0	0.0
7130.0	0.0
7140.0	0.0
7150.0	0.0
7160.0	0.0
7170.0	0.0
7180.0	0.0
7190.0	0.0
7200.0	0.0
7210.0	0.0
7220.0	0.0
7230.0	0.0
7240.0	0.0
7250.0	0.0
7260.0	0.0
7270.0	0.0
7280.0	0.0
7290.0	0.0
7300.0	0.0
7310.0	0.0
7320.0	0.0
7330.0	0.0
7340.0	0.0
7350.0	0.0
7360.0	0.0
7370.0	0.0
7380.0	0.0
7390.0	0.0
7400.0	0.0
7410.0	0.0
7420.0	0.0
7430.0	0.0
7440.0	0.0
7450.0	0.0
7460.0	0.0
7470.0	0.0
7480.0	0.0
7490.0	0.0
7500.0	0.0
7510.0	0.0
7520.0	0.0
7530.0	0.0
7540.0	0.0
7550.0	0.0
7560.0	0.0
7570.0	0.0
7580.0	0.0
7590.0	0.0
7600.0	0.0
7610.0	0.0
7620.0	0.0
7630.0	0.0
7640.0	0.0
7650.0	0.0
7660.0	0.0
7670.0	0.0
7680.0	0.0
7690.0	0.0
7700.0	0.0
7710.0	0.0
7720.0	0.0
7730.0	0.0
7740.0	0.0
7750.0	0.0
7760.0	0.0
7770.0	0.0
7780.0	0.0
7790.0	0.0
7800.0	0.0
7810.0	0.0
7820.0	0.0
7830.0	0.0
7840.0	0.0
7850.0	0.0
7860.0	0.0
7870.0	0.0
7880.0	0.0
7890.0	0.0
7900.0	0.0
7910.0	0.0
7920.0	0.0
7930.0	0.0
7940.0	0.0
7950.0	0.0
7960.0	0.0
7970.0	0.0
7980.0	0.0
7990.0	0.0
8000.0	0.0
8010.0	0.0
8020.000000000001	0.0
8030.000000000001	0.0
8040.000000000001	0.0
8050.000000000001	0.0
8060.000000000001	0.0
8070.000000000001	0.0
8080.000000000001	0.0
8090.000000000001	0.0
8100.000000000001	0.0
8110.000000000001	0.0
8120.000000000001	0.0
8129.999999999999	0.0
8139.999999999999	0.0
8149.999999999999	0.0
8159.999999999999	0.0
8169.999999999999	0.0
8179.999999999999	0.0
8189.999999999999	0.0
8200.0	0.0
8210.0	0.0
8220.0	0.0
8230.0	0.0
8240.0	0.0
8250.0	0.0
8260.0	0.0
8270.0	0.0
8280.0	0.0
8290.0	0.0
8300.0	0.0
8310.0	0.0
8320.0	0.0
8330.0	0.000177892
8340.0	0.000154265
8350.0	0.000142012
8360.0	0.00012128
8370.0	0.000103304
8380.0	8.52954e-05
8390.0	7.66804e-05
8400.0	6.27138e-05
8410.0	6.11983e-05
8420.0	5.93049e-05
8430.0	5.55284e-05
8440.0	5.76435e-05
8450.0	6.50526e-05
8460.0	7.04812e-05
8470.0	6.94866e-05
8480.0	7.65133e-05
8490.0	6.83444e-05
8500.0	6.08058e-05
8510.0	5.06341e-05
8520.0	5.80086e-05
8530.0	5.69779e-05
8540.0	5.92455e-05
8550.0	6.10981e-05
8560.0	8.22344e-05
8570.0	8.62795e-05
8580.0	7.28625e-05
8590.0	8.03994e-05
8600.0	7.26567e-05
8610.0	6.51481e-05
8620.0	4.63276e-05
8630.0	3.9709e-05
8640.0	4.98346e-05
8650.0	4.32807e-05
8660.0	5.59042e-05
8670.0	6.03137e-05
8680.0	6.82566e-05
8690.0	6.55988e-05
8700.0	5.59592e-05
8710.0	5.09867e-05
8720.0	3.89781e-05
8730.0	3.1467e-05
8740.0	1.96728e-05
8750.0	1.27849e-05
8760.0	1.03372e-05
8770.0	1.24576e-05
8780.0	2.12147e-05
8790.0	1.97711e-05
8800.0	2.46133e-05
8810.0	3.0784e-05
8820.0	4.24754e-05
8830.0	3.79355e-05
8840.0	3.38473e-05
8850.0	3.44351e-05
8860.0	3.35656e-05
8870.0	3.00649e-05
8880.0	2.98565e-05
8890.0	3.27948e-05
8900.0	2.8727e-05
8910.0	2.83527e-05
8920.0	2.80605e-05
8930.0	2.30898e-05
8940.0	2.24827e-05
8950.0	2.75329e-05
8960.0	3.35355e-05
8970.0	3.93843e-05
8980.0	3.98869e-05
8990.0	3.90764e-05
9000.0	3.53174e-05
9010.0	2.75798e-05
9020.0	2.09265e-05
9030.0	1.3801e-05
9040.0	1.41889e-05
9050.0	1.42357e-05
9060.0	1.79821e-05
9070.0	1.88866e-05
9080.0	2.30015e-05
9090.0	2.57665e-05
9100.0	2.6184e-05
9110.0	2.28347e-05
9120.0	2.16422e-05
9130.0	2.00638e-05
9140.0	1.79369e-05
9150.0	1.80811e-05
9160.0	1.62151e-05
9170.0	1.45362e-05
9180.0	1.60904e-05
9190.0	1.52956e-05
9200.0	1.37617e-05
9210.0	1.74737e-05
9220.0	1.9342e-05
9230.0	2.22245e-05
9240.0	2.33544e-05
9250.0	2.71747e-05
9260.0	2.68105e-05
9270.0	2.07363e-05
9280.0	2.07015e-05
9290.0	1.802e-05
9300.0	1.86154e-05
9310.0	1.81697e-05
9320.0	2.00088e-05
9330.0	2.36545e-05
9340.0	1.98043e-05
9350.0	1.90136e-05
9360.0	1.6233e-05
9370.0	1.64775e-05
9380.0	1.59108e-05
9390.0	1.44945e-05
9400.0	1.48456e-05
9410.0	1.41063e-05
9420.0	1.27579e-05
9430.0	8.77744e-06
9440.0	6.95823e-06
9450.0	5.91987e-06
9460.0	6.91699e-06
9470.0	6.80677e-06
9480.0	6.64417e-06
9490.0	6.74767e-06
9500.0	7.65972e-06
9510.0	8.32376e-06
9520.0	7.56866e-06
9530.0	9.23112e-06
9540.0	9.02253e-06
9550.0	9.24729e-06
9560.0	8.70194e-06
9570.0	6.67245e-06
9580.0	5.78969e-06
9590.0	6.07358e-06
9600.0	8.76534e-06
9610.0	9.1005e-06
9620.0	9.55093e-06
9630.0	9.54286e-06
9640.0	9.15274e-06
9650.0	9.33119e-06
9660.0	8.29532e-06
9670.0	9.975e-06
9680.0	1.15613e-05
9690.0	1.29588e-05
9700.0	1.27421e-05
9710.0	1.31324e-05
9720.0	1.46898e-05
9730.0	1.33171e-05
9740.0	1.39699e-05
9750.0	1.31155e-05
9760.0	1.37862e-05
9770.0	1.41819e-05
9780.0	1.15386e-05
9790.0	1.12517e-05
9800.0	1.10617e-05
9810.0	1.21933e-05
9820.0	9.61465e-06
9830.0	9.17329e-06
9840.0	1.12829e-05
9850.0	1.07973e-05
9860.0	1.0673e-05
9870.0	9.03404e-06
9880.0	8.85738e-06
9890.0	7.05114e-06
9900.0	4.90005e-06
9910.0	3.59926e-06
9920.0	3.10779e-06
9930.0	5.0014e-06
9940.0	5.36469e-06
9950.0	5.20151e-06
9960.0	5.68269e-06
9970.0	6.01902e-06
9980.0	6.22524e-06
9990.0	6.35716e-06
10000.0	6.29963e-06
10009.999999999998	5.97292e-06
10020.0	7.23224e-06
10029.999999999998	9.05848e-06
10040.0	9.28808e-06
10049.999999999998	9.27948e-06
10060.0	1.081e-05
10069.999999999998	1.26334e-05
10080.0	1.25309e-05
10089.999999999998	1.24228e-05
10100.0	1.18719e-05
10109.999999999998	1.16372e-05
10120.0	1.22229e-05
10129.999999999998	1.09695e-05
10140.0	1.14829e-05
10149.999999999998	1.08498e-05
10160.0	1.08325e-05
10169.999999999998	9.0625e-06
10180.0	8.29246e-06
10189.999999999998	9.71769e-06
10200.0	9.80327e-06
10209.999999999998	1.03439e-05
10220.0	1.07344e-05
10230.0	1.19854e-05
10240.0	1.21777e-05
10250.0	1.14508e-05
10260.0	1.03482e-05
10270.0	8.90258e-06
10280.0	7.76516e-06
10290.0	5.80555e-06
10300.0	3.97483e-06
10310.0	5.05291e-06
10320.0	5.81748e-06
10330.0	7.13856e-06
10340.0	6.48717e-06
10350.0	7.0906e-06
10360.0	8.82309e-06
10370.0	8.85883e-06
10380.0	8.85581e-06
10390.0	8.16604e-06
10400.0	8.41379e-06
10410.0	7.00292e-06
10420.0	4.06505e-06
10430.0	1.8414e-06
10440.0	1.53013e-06
10450.0	2.20839e-06
10460.0	3.65089e-06
10470.0	4.1773e-06
10480.0	4.216e-06
10490.0	4.0597e-06
10500.0	4.55539e-06
10510.0	4.61523e-06
10520.0	3.78522e-06
10530.0	3.58018e-06
10540.0	3.61982e-06
10550.0	3.87125e-06
10560.0	2.79163e-06
10570.0	1.63118e-06
10580.0	1.9015e-06
10590.0	3.91945e-06
10600.0	5.04142e-06
10610.0	5.03055e-06
10620.0	5.00275e-06
10630.0	5.37579e-06
10640.0	4.50758e-06
10650.0	3.4377e-06
10660.0	2.67416e-06
10670.0	2.92426e-06
10680.0	4.39288e-06
10690.0	5.17393e-06
10700.0	5.09584e-06
10710.0	4.86609e-06
10720.0	5.33455e-06
10730.0	5.62701e-06
10740.0	5.54131e-06
10750.0	5.54754e-06
10760.0	6.28004e-06
10770.0	7.23196e-06
10780.0	7.4785e-06
10790.0	7.41427e-06
10800.0	6.68095e-06
10810.0	6.16971e-06
10820.0	5.95914e-06
10830.0	4.68628e-06
10840.0	5.69422e-06
10850.0	7.44148e-06
10860.0	8.82937e-06
10870.0	8.81476e-06
10880.0	8.83202e-06
10890.0	9.32364e-06
10900.0	8.65068e-06
10910.0	8.53738e-06
10920.0	9.6604e-06
10930.0	1.11643e-05
10940.0	1.20167e-05
10950.0	1.29099e-05
10960.0	1.38226e-05
10970.0	1.40021e-05
10980.0	1.40843e-05
10990.0	1.46317e-05
11000.0	1.51907e-05
11010.0	1.44516e-05
11020.0	1.18648e-05
11030.0	9.45813e-06
11040.000000000002	7.35327e-06
11050.0	5.22583e-06
11060.000000000002	3.65972e-06
11070.0	4.19468e-06
11080.000000000002	5.88191e-06
11090.0	7.14357e-06
11100.000000000002	8.41285e-06
11110.0	8.44995e-06
11120.000000000002	8.45207e-06
11130.0	8.33851e-06
11140.000000000002	7.8277e-06
11150.0	7.31054e-06
11160.000000000002	6.6878e-06
11170.0	6.06513e-06
11180.000000000002	5.6368e-06
11190.0	5.22724e-06
11200.000000000002	4.7499e-06
11210.0	4.25208e-06
11220.000000000002	3.82963e-06
11230.0	3.45256e-06
11240.000000000002	3.28663e-06
11250.0	3.34964e-06
11259.999999999998	3.34582e-06
11270.0	3.20975e-06
11279.999999999998	3.07586e-06
11290.0	2.95122e-06
11299.999999999998	2.8292e-06
11310.0	2.7603e-06
11319.999999999998	2.6914e-06
11330.0	2.69248e-06
11339.999999999998	2.70104e-06
11350.0	2.58743e-06
11359.999999999998	2.43505e-06
11370.0	2.36884e-06
11379.999999999998	2.35655e-06
11390.0	2.4432e-06
11399.999999999998	2.64095e-06
11410.0	2.75827e-06
11419.999999999998	2.70991e-06
11430.0	2.66857e-06
11439.999999999998	2.65868e-06
11450.0	2.64278e-06
11459.999999999998	2.4771e-06
11470.0	2.31145e-06
11480.0	2.27855e-06
11490.0	2.26132e-06
11500.0	2.2871e-06
11510.0	2.32719e-06
11520.0	2.45561e-06
11530.0	2.64142e-06
11540.0	2.95944e-06
11550.0	3.43134e-06
11560.0	3.85459e-06
11570.0	4.17327e-06
11580.0	4.4437e-06
11590.0	4.48458e-06
11600.0	4.51982e-06
11610.0	4.37081e-06
11620.0	4.22183e-06
11630.0	4.14326e-06
11640.0	4.0738e-06
11650.0	4.11925e-06
11660.0	4.20478e-06
11670.0	4.31061e-06
11680.0	4.43012e-06
11690.0	4.57048e-06
11700.0	4.73599e-06
11710.0	4.85812e-06
11720.0	4.88324e-06
11730.0	4.92359e-06
11740.0	5.04106e-06
11750.0	5.1526e-06
11760.0	4.98678e-06
11770.0	4.82097e-06
11780.0	4.78984e-06
11790.0	4.77764e-06
11800.0	4.742e-06
11810.0	4.6978e-06
11820.0	4.53542e-06
11830.0	4.29044e-06
11840.0	4.00845e-06
11850.0	3.68023e-06
11860.0	3.34185e-06
11870.0	2.97989e-06
11880.0	2.59345e-06
11890.0	2.07436e-06
11900.0	1.55417e-06
11910.0	9.44316e-07
11920.0	3.34392e-07
11930.0	2.17903e-07
11940.0	1.76575e-07
11950.0	1.68261e-07
11960.0	1.72543e-07
11970.0	2.31713e-07
11980.0	3.30688e-07
11990.0	3.90487e-07
12000.0	3.99481e-07
12010.0	4.27884e-07
12020.0	5.035e-07
12030.0	6.12621e-07
12040.0	9.15886e-07
12050.0	1.21879e-06
12060.0	1.40717e-06
12070.0	1.59557e-06
12080.0	1.61807e-06
12090.0	1.61334e-06
12100.0	1.66438e-06
12110.0	1.73765e-06
12120.0	1.91277e-06
12130.0	2.1645e-06
12140.0	2.27283e-06
12150.0	2.1885e-06
12160.0	2.13619e-06
12170.0	2.16521e-06
12180.0	2.20826e-06
12190.0	2.3386e-06
12200.0	2.46895e-06
12210.0	2.45895e-06
12220.0	2.44813e-06
12230.0	2.49397e-06
12240.0	2.54978e-06
12250.0	2.68286e-06
12260.0	2.84808e-06
12270.0	3.02343e-06
12280.0	3.20666e-06
12290.000000000002	3.34595e-06
12300.0	3.42403e-06
12310.000000000002	3.50962e-06
12320.0	3.61518e-06
12330.000000000002	3.71088e-06
12340.0	3.74024e-06
12350.000000000002	3.76961e-06
12360.0	3.67694e-06
12370.000000000002	3.58244e-06
12380.0	3.4111e-06
12390.000000000002	3.22528e-06
12400.0	3.01898e-06
12410.000000000002	2.80378e-06
12420.0	2.65634e-06
12430.000000000002	2.56361e-06
12440.0	2.46551e-06
12450.000000000002	2.35962e-06
12460.0	2.31371e-06
12470.000000000002	2.43437e-06
12480.0	2.5938e-06
12490.000000000002	3.03575e-06
12500.0	3.47776e-06
12509.999999999998	3.8325e-06
12520.0	4.18511e-06
12529.999999999998	4.43845e-06
12540.0	4.67176e-06
12549.999999999998	4.89061e-06
12560.0	5.10288e-06
12569.999999999998	5.41661e-06
12580.0	5.81536e-06
12589.999999999998	6.12345e-06
12600.0	6.29565e-06
12609.999999999998	6.40104e-06
12620.0	6.31226e-06
12629.999999999998	6.18255e-06
12640.0	5.72787e-06
12649.999999999998	5.27325e-06
12660.0	4.75346e-06
12669.999999999998	4.23156e-06
12680.0	3.83142e-06
12689.999999999998	3.45741e-06
12700.0	3.15995e-06
12709.999999999998	2.89856e-06
12720.0	2.80537e-06
12730.0	2.85819e-06
12740.0	2.83372e-06
12750.0	2.68901e-06
12760.0	2.58278e-06
12770.0	2.59385e-06
12780.0	2.62652e-06
12790.0	2.84755e-06
12800.0	3.06856e-06
12810.0	3.36505e-06
12820.0	3.66474e-06
12830.0	3.91465e-06
12840.0	4.15322e-06
12850.0	4.3056e-06
12860.0	4.41565e-06
12870.0	4.4626e-06
12880.0	4.4528e-06
12890.0	4.38349e-06
12900.0	4.21803e-06
12910.0	4.05697e-06
12920.0	3.91004e-06
12930.0	3.75816e-06
12940.0	3.55837e-06
12950.0	3.3586e-06
12960.0	3.09246e-06
12970.0	2.82281e-06
12980.0	2.56006e-06
12990.0	2.29894e-06
13000.0	2.12789e-06
13010.0	2.00284e-06
13020.0	2.04064e-06
13030.0	2.2302e-06
13040.0	2.54592e-06
13050.0	3.07319e-06
13060.0	3.56329e-06
13070.0	3.92831e-06
13080.0	4.27833e-06
13090.0	4.46767e-06
13100.0	4.65699e-06
13110.0	4.83814e-06
13120.0	5.01878e-06
13130.0	5.31015e-06
13140.0	5.62976e-06
13150.0	5.99584e-06
13160.0	6.38656e-06
13170.0	6.73543e-06
13180.0	7.04377e-06
13190.0	7.25927e-06
13200.0	7.31295e-06
13210.0	7.30019e-06
13220.0	7.05245e-06
13230.0	6.78616e-06
13240.0	6.2953e-06
13250.0	5.80445e-06
13260.0	5.66795e-06
13270.0	5.55717e-06
13280.0	5.70984e-06
13290.0	5.93333e-06
13300.0	6.08823e-06
13310.0	6.2052e-06
13320.0	6.25146e-06
13330.0	6.22694e-06
13340.0	6.15523e-06
13350.0	5.99807e-06
13360.0	5.79517e-06
13370.0	5.42182e-06
13380.0	5.05087e-06
13390.0	4.71303e-06
13400.0	4.37514e-06
13410.0	4.40292e-06
13420.0	4.46106e-06
13430.0	4.40826e-06
13440.0	4.32406e-06
13450.0	4.24599e-06
13460.0	4.17146e-06
13470.0	4.15635e-06
13480.0	4.20284e-06
13490.0	4.22428e-06
13500.0	4.19855e-06
13510.0	4.17534e-06
13520.0	4.16199e-06
13530.0	4.15596e-06
13540.000000000002	4.26728e-06
13550.0	4.3786e-06
13560.000000000002	4.55032e-06
13570.0	4.72771e-06
13580.000000000002	4.73542e-06
13590.0	4.69257e-06
13600.000000000002	4.69166e-06
13610.0	4.71578e-06
13620.000000000002	4.59634e-06
13630.0	4.32273e-06
13640.000000000002	4.00908e-06
13650.0	3.6169e-06
13660.000000000002	3.25727e-06
13670.0	3.03294e-06
13680.000000000002	2.81267e-06
13690.0	2.67049e-06
13700.000000000002	2.52829e-06
13710.0	2.66034e-06
13720.000000000002	2.82096e-06
13730.0	2.92674e-06
13740.000000000002	3.01534e-06
13750.0	3.11811e-06
13759.999999999998	3.22967e-06
13770.0	3.27942e-06
13779.999999999998	3.2604e-06
13790.0	3.22868e-06
13799.999999999998	3.17106e-06
13810.0	3.10544e-06
13819.999999999998	3.00462e-06
13830.0	2.90295e-06
13839.999999999998	2.78185e-06
13850.0	2.66074e-06
13859.999999999998	2.53255e-06
13870.0	2.40356e-06
13879.999999999998	2.13127e-06
13890.0	1.8119e-06
13899.999999999998	1.51598e-06
13910.0	1.23507e-06
13919.999999999998	9.85687e-07
13930.0	7.72574e-07
13939.999999999998	5.79075e-07
13950.0	4.27218e-07
13959.999999999998	2.93581e-07
13970.0	2.4523e-07
13980.0	2.05093e-07
13990.0	4.13096e-07
14000.0	6.21075e-07
14010.0	8.5435e-07
14020.0	1.09079e-06
14030.0	1.28927e-06
14040.0	1.47466e-06
14050.0	1.64817e-06
14060.0	1.8138e-06
14070.0	1.91697e-06
14080.0	1.94553e-06
14090.0	1.97041e-06
14100.0	1.98715e-06
14110.0	2.01314e-06
14120.0	2.08512e-06
14130.0	2.15711e-06
14140.0	2.2294e-06
14150.0	2.30168e-06
14160.0	2.19569e-06
14170.0	2.06515e-06
14180.0	1.85265e-06
14190.0	1.61055e-06
14200.0	1.39011e-06
14210.0	1.18462e-06
14220.0	9.96715e-07
14230.0	8.30624e-07
14240.0	7.0615e-07
14250.0	6.77612e-07
14260.0	6.66336e-07
14270.0	7.4678e-07
14280.0	8.27381e-07
14290.0	9.19403e-07
14300.0	1.01141e-06
14310.0	1.03089e-06
14320.0	1.03955e-06
14330.0	1.03137e-06
14340.0	1.01683e-06
14350.0	1.00708e-06
14360.0	1.00078e-06
14370.0	1.00854e-06
14380.0	1.03435e-06
14390.0	1.05655e-06
14400.0	1.07008e-06
14410.0	1.08153e-06
14420.0	1.0812e-06
14430.0	1.08036e-06
14440.0	9.87421e-07
14450.0	8.94482e-07
14460.0	7.92399e-07
14470.0	6.88829e-07
14480.0	7.52603e-07
14490.0	8.82328e-07
14500.0	9.5445e-07
14510.0	9.83666e-07
14520.0	1.04288e-06
14530.0	1.14199e-06
14540.0	1.23898e-06
14550.0	1.33061e-06
14560.0	1.40756e-06
14570.0	1.39482e-06
14580.0	1.38208e-06
14590.0	1.38998e-06
14600.0	1.39795e-06
14610.0	1.46672e-06
14620.0	1.54603e-06
14630.0	1.629e-06
14640.0	1.71347e-06
14650.0	1.73565e-06
14660.0	1.7097e-06
14670.0	1.75688e-06
14680.0	1.90497e-06
14690.0	2.04881e-06
14700.0	2.1816e-06
14710.0	2.28481e-06
14720.0	2.19335e-06
14730.0	2.10189e-06
14740.0	2.17926e-06
14750.0	2.25872e-06
14760.0	2.34185e-06
14770.0	2.42566e-06
14780.0	2.39223e-06
14790.000000000002	2.30847e-06
14800.0	2.19287e-06
14810.000000000002	2.05182e-06
14820.0	1.90227e-06
14830.000000000002	1.74061e-06
14840.0	1.55907e-06
14850.000000000002	1.32295e-06
14860.0	1.08764e-06
14870.000000000002	8.57955e-07
14880.0	6.28265e-07
14890.000000000002	6.52177e-07
14900.0	6.81559e-07
14910.000000000002	6.55761e-07
14920.0	6.19055e-07
14930.000000000002	6.07725e-07
14940.0	6.07764e-07
14950.000000000002	7.1746e-07
14960.0	9.1818e-07
14970.000000000002	1.22521e-06
14980.0	1.69015e-06
14990.000000000002	2.07928e-06
15000.0	2.2508e-06
15009.999999999998	2.41878e-06
15020.0	2.55932e-06
15029.999999999998	2.69987e-06
15040.0	2.8823e-06
15049.999999999998	3.06603e-06
15060.0	3.21795e-06
15069.999999999998	3.36315e-06
15080.0	3.58401e-06
15089.999999999998	3.84014e-06
15100.0	4.07631e-06
15109.999999999998	4.29529e-06
15120.0	4.39418e-06
15129.999999999998	4.30802e-06
15140.0	4.14034e-06
15149.999999999998	3.72746e-06
15160.0	3.34393e-06
15169.999999999998	3.21009e-06
15180.0	3.07623e-06
15189.999999999998	3.04037e-06
15200.0	3.00848e-06
15209.999999999998	2.86256e-06
15220.0	2.69112e-06
15230.0	2.51411e-06
15240.0	2.3344e-06
15250.0	2.11389e-06
15260.0	1.85698e-06
15270.0	1.58452e-06
15280.0	1.28708e-06
15290.0	1.03347e-06
15300.0	9.18149e-07
15310.0	8.09066e-07
15320.0	7.58585e-07
15330.0	7.08098e-07
15340.0	6.81917e-07
15350.0	6.56952e-07
15360.0	6.26137e-07
15370.0	5.93937e-07
15380.0	6.09834e-07
15390.0	6.50073e-07
15400.0	6.98162e-07
15410.0	7.53507e-07
15420.0	8.20449e-07
15430.0	9.06639e-07
15440.0	9.72199e-07
15450.0	9.6933e-07
15460.0	9.6674e-07
15470.0	9.67054e-07
15480.0	9.67368e-07
15490.0	1.01259e-06
15500.0	1.06049e-06
15510.0	1.10244e-06
15520.0	1.14288e-06
15530.0	1.13553e-06
15540.0	1.10305e-06
15550.0	1.07892e-06
15560.0	1.06278e-06
15570.0	1.02782e-06
15580.0	9.60388e-07
15590.0	8.89651e-07
15600.0	8.07419e-07
15610.0	7.4225e-07
15620.0	8.77009e-07
15630.0	1.01175e-06
15640.0	1.47229e-06
15650.0	1.95565e-06
15660.0	2.48996e-06
15670.0	3.03785e-06
15680.0	3.46739e-06
15690.0	3.83227e-06
15700.0	4.13434e-06
15710.0	4.37414e-06
15720.0	4.61605e-06
15730.0	4.86167e-06
15740.0	5.09138e-06
15750.0	5.2626e-06
15760.0	5.42422e-06
15770.0	5.45872e-06
15780.0	5.49322e-06
15790.0	5.49796e-06
15800.0	5.50032e-06
15810.0	5.27201e-06
15820.0	4.97921e-06
15830.0	4.57824e-06
15840.0	4.11573e-06
15850.0	3.74923e-06
15860.0	3.48135e-06
15870.0	3.29323e-06
15880.0	3.25379e-06
15890.0	3.21486e-06
15900.0	3.17785e-06
15910.0	3.14245e-06
15920.0	3.13173e-06
15930.0	3.12102e-06
15940.0	3.20757e-06
15950.0	3.30294e-06
15960.0	3.37571e-06
15970.0	3.44185e-06
15980.0	3.35873e-06
15990.0	3.18747e-06
16000.0	3.03199e-06
16010.0	2.89335e-06
16020.0	2.7363e-06
16030.0	2.54363e-06
16040.000000000002	2.34251e-06
16050.0	2.10664e-06
16060.000000000002	1.86956e-06
16070.0	1.61005e-06
16080.000000000002	1.35054e-06
16090.0	1.21474e-06
16100.000000000002	1.09145e-06
16110.0	1.07933e-06
16120.000000000002	1.10157e-06
16130.0	1.06748e-06
16140.000000000002	9.98857e-07
16150.0	1.02298e-06
16160.000000000002	1.14931e-06
16170.0	1.27773e-06
16180.000000000002	1.41039e-06
16190.0	1.52526e-06
16200.000000000002	1.56299e-06
16210.0	1.61433e-06
16220.000000000002	1.96563e-06
16230.0	2.31698e-06
16240.000000000002	2.58139e-06
16250.0	2.83608e-06
16259.999999999998	3.09792e-06
16270.0	3.36205e-06
16279.999999999998	3.5954e-06
16290.0	3.80909e-06
16299.999999999998	4.0113e-06
16310.0	4.20035e-06
16319.999999999998	4.39625e-06
16330.0	4.60657e-06
16339.999999999998	4.83104e-06
16350.0	5.12076e-06
16359.999999999998	5.41237e-06
16370.0	5.75681e-06
16379.999999999998	6.10129e-06
16390.0	6.08075e-06
16400.0	6.01532e-06
16410.0	6.0245e-06
16420.0	6.05906e-06
16430.0	6.02902e-06
16440.0	5.95625e-06
16450.0	5.83407e-06
16460.0	5.65337e-06
16470.0	5.50029e-06
16480.0	5.40753e-06
16490.0	5.30615e-06
16500.0	5.16262e-06
16510.0	5.01774e-06
16520.0	4.8227e-06
16530.0	4.62764e-06
16540.0	4.36769e-06
16550.0	4.09904e-06
16560.0	3.8117e-06
16570.0	3.51775e-06
16580.0	3.25203e-06
16590.0	3.00569e-06
16600.0	2.81543e-06
16610.0	2.69394e-06
16620.0	2.55565e-06
16630.0	2.37901e-06
16640.0	2.19711e-06
16650.0	1.98775e-06
16660.0	1.78097e-06
16670.0	1.72767e-06
16680.0	1.67438e-06
16690.0	1.9344e-06
16700.0	2.24013e-06
16710.0	2.73592e-06
16720.0	3.30255e-06
16730.0	3.733e-06
16740.0	4.06669e-06
16750.0	4.35715e-06
16760.0	4.59272e-06
16770.0	4.7807e-06
16780.0	4.85562e-06
16790.0	4.92542e-06
16800.0	4.96668e-06
16810.0	5.00745e-06
16820.0	4.98747e-06
16830.0	4.96748e-06
16840.0	4.83035e-06
16850.0	4.67475e-06
16860.0	4.36277e-06
16870.0	3.98983e-06
16880.0	3.53419e-06
16890.0	3.01747e-06
16900.0	2.62317e-06
16910.0	2.39027e-06
16920.0	2.16319e-06
16930.0	1.95065e-06
16940.0	1.75249e-06
16950.0	1.6406e-06
16960.0	1.52872e-06
16970.0	1.47653e-06
16980.0	1.42441e-06
16990.0	1.41028e-06
17000.0	1.4026e-06
17010.0	1.39762e-06
17020.0	1.39373e-06
17030.0	1.30452e-06
17040.0	1.15005e-06
17050.0	1.01159e-06
17060.0	8.95033e-07
17070.0	7.80298e-07
17080.0	6.70343e-07
17090.0	5.65005e-07
17100.0	4.89533e-07
17110.0	4.14071e-07
17120.0	3.34618e-07
17130.0	2.55125e-07
17140.0	2.05361e-07
17150.0	1.60999e-07
17160.0	1.44605e-07
17170.0	1.40085e-07
17180.0	1.40416e-07
17190.0	1.44592e-07
17200.0	1.80725e-07
17210.0	2.62126e-07
17220.0	3.46999e-07
17230.0	4.41256e-07
17240.0	5.45974e-07
17250.0	7.23745e-07
17260.0	9.01495e-07
17270.0	1.12059e-06
17280.0	1.34047e-06
17290.0	1.59329e-06
17300.0	1.85256e-06
17310.0	2.15706e-06
17320.0	2.48163e-06
17330.0	2.75601e-06
17340.0	2.98911e-06
17350.0	3.22009e-06
17360.0	3.44786e-06
17370.0	3.61349e-06
17380.0	3.60279e-06
17390.0	3.5831e-06
17400.0	3.4953e-06
17410.0	3.4075e-06
17420.0	3.23298e-06
17430.0	3.05598e-06
17440.0	2.84348e-06
17450.0	2.6236e-06
17460.0	2.37679e-06
17470.0	2.11758e-06
17480.0	1.82304e-06
17490.0	1.49847e-06
17500.0	1.21009e-06
17510.0	9.76968e-07
17520.0	7.44479e-07
17530.0	5.13749e-07
17540.0	3.01768e-07
17550.0	2.44958e-07
17560.0	1.88148e-07
17570.0	1.79594e-07
17580.0	1.7286e-07
17590.0	2.80618e-07
17600.0	4.13609e-07
17610.0	4.90155e-07
17620.0	5.39555e-07
17630.0	5.83583e-07
17640.0	6.22865e-07
17650.0	6.86423e-07
17660.0	7.88436e-07
17670.0	8.89816e-07
17680.0	9.89273e-07
17690.0	1.08308e-06
17700.0	1.1254e-06
17710.0	1.16773e-06
17720.0	1.19512e-06
17730.0	1.2218e-06
17740.0	1.24308e-06
17750.0	1.26309e-06
17760.0	1.1842e-06
17770.0	1.05583e-06
17780.0	9.69964e-07
17790.0	9.22985e-07
17800.0	8.8719e-07
17810.0	8.69768e-07
17820.0	8.74935e-07
17830.0	9.53995e-07
17840.0	1.02256e-06
17850.0	9.85003e-07
17860.0	9.47442e-07
17870.0	9.4512e-07
17880.0	9.44815e-07
17890.0	9.09162e-07
17900.0	8.64774e-07
17910.0	8.02155e-07
17920.0	7.30043e-07
17930.0	6.96013e-07
17940.0	6.98042e-07
17950.0	7.11903e-07
17960.0	7.45969e-07
17970.0	7.73353e-07
17980.0	7.77754e-07
17990.0	7.70543e-07
18000.0	6.31896e-07
18010.0	4.93233e-07
18020.0	5.59211e-07
18030.0	6.38923e-07
18040.0	6.38946e-07
18050.0	6.18145e-07
18060.0	6.1616e-07
18070.0	6.24362e-07
18080.0	6.47201e-07
18090.0	6.84413e-07
18100.0	7.44377e-07
18110.0	8.44741e-07
18120.0	9.16728e-07
18130.0	8.86008e-07
18140.0	8.55607e-07
18150.0	8.29351e-07
18160.0	8.03097e-07
18170.0	7.72022e-07
18180.0	7.40578e-07
18190.0	8.32244e-07
18200.0	9.5783e-07
18210.0	1.18412e-06
18220.0	1.46711e-06
18230.0	1.7406e-06
18240.0	2.0045e-06
18250.0	2.21653e-06
18260.0	2.33297e-06
18270.0	2.42858e-06
18280.0	2.44458e-06
18290.0	2.46445e-06
18300.0	2.54155e-06
18310.0	2.61865e-06
18320.0	2.69024e-06
18330.0	2.76134e-06
18340.0	2.77071e-06
18350.0	2.76215e-06
18360.0	2.59055e-06
18370.0	2.32365e-06
18380.0	2.0403e-06
18390.0	1.73968e-06
18400.0	1.45613e-06
18410.0	1.20544e-06
18420.0	9.81462e-07
18430.0	8.65372e-07
18440.0	7.51954e-07
18450.0	6.84537e-07
18460.0	6.17128e-07
18470.0	6.18281e-07
18480.0	6.26186e-07
18490.0	6.49429e-07
18500.0	6.77352e-07
18510.0	7.39324e-07
18520.0	8.21983e-07
18530.0	8.71837e-07
18540.0	8.85865e-07
18550.0	8.9623e-07
18560.0	8.99286e-07
18570.0	9.01718e-07
18580.0	9.0148e-07
18590.0	9.04234e-07
18600.0	9.69531e-07
18610.0	1.03482e-06
18620.0	1.07732e-06
18630.0	1.11734e-06
18640.0	1.10988e-06
18650.0	1.08721e-06
18660.0	1.06367e-06
18670.0	1.03957e-06
18680.0	1.03741e-06
18690.0	1.06007e-06
18700.0	1.07624e-06
18710.0	1.07893e-06
18720.0	1.07981e-06
18730.0	1.07248e-06
18740.0	1.06466e-06
18750.0	1.04398e-06
18760.0	1.0233e-06
18770.0	9.73206e-07
18780.0	9.19572e-07
18790.0	9.61362e-07
18800.0	1.03519e-06
18810.0	1.23418e-06
18820.0	1.51504e-06
18830.0	1.83891e-06
18840.0	2.2131e-06
18850.0	2.59555e-06
18860.0	2.99576e-06
18870.0	3.38942e-06
18880.0	3.75191e-06
18890.0	4.1123e-06
18900.0	4.39987e-06
18910.0	4.68747e-06
18920.0	4.74411e-06
18930.0	4.77042e-06
18940.0	4.74118e-06
18950.0	4.6924e-06
18960.0	4.57175e-06
18970.0	4.40231e-06
18980.0	4.17497e-06
18990.0	3.87733e-06
19000.0	3.59497e-06
19010.0	3.34694e-06
19020.0	3.0998e-06
19030.0	2.8571e-06
19040.0	2.61843e-06
19050.0	2.58606e-06
19060.0	2.55368e-06
19070.0	2.69562e-06
19080.0	2.86247e-06
19090.0	3.24666e-06
19100.0	3.71085e-06
19110.0	4.16384e-06
19120.0	4.60886e-06
19130.0	5.07769e-06
19140.0	5.57644e-06
19150.0	6.12566e-06
19160.0	6.79376e-06
19170.0	7.49528e-06
19180.0	8.37966e-06
19190.0	9.2683e-06
19200.0	1.05587e-05
19210.0	1.18493e-05
19220.0	1.34953e-05
19230.0	1.5196e-05
19240.0	1.70476e-05
19250.0	1.89569e-05
19260.0	2.1124e-05
19270.0	2.34793e-05
19280.0	2.62419e-05
19290.0	2.95367e-05
19300.0	3.31378e-05
19310.0	3.74914e-05
19320.0	4.19847e-05
19330.0	4.72979e-05
19340.0	5.26132e-05
19350.0	5.90332e-05
19360.0	6.54539e-05
19370.0	7.30698e-05
19380.0	8.08837e-05
19390.0	8.99486e-05
19400.0	9.95165e-05
19410.0	0.000109843
19420.0	0.000120746
19430.0	0.000132249
19440.0	0.000144567
19450.0	0.000156939
19460.0	0.000169446
19470.0	0.000181962
19480.0	0.000194524
19490.0	0.000207088
19500.0	0.00021902
19510.0	0.000230945
19520.0	0.000242024
19530.0	0.00025295
19540.0	0.000262526
19550.0	0.000271535
19560.0	0.000279174
19570.0	0.000285738
19580.0	0.000291552
19590.0	0.000296314
19600.0	0.000300527
19610.0	0.000303268
19620.0	0.000305855
19630.0	0.000307386
19640.0	0.000308918
19650.0	0.000309172
19660.0	0.000309404
19670.0	0.000309197
19680.0	0.000308906
19690.0	0.000308444
19700.0	0.000307907
19710.0	0.000307447
19720.0	0.00030705
19730.0	0.000306626
19740.0	0.000306161
19750.0	0.000305666
19760.0	0.000305086
19770.0	0.000304486
19780.0	0.000303738
19790.0	0.000302991
19800.0	0.00030209
19810.0	0.000301185
19820.0	0.000300179
19830.0	0.000299152
19840.0	0.000297942
19850.0	0.000296648
19860.0	0.000295108
19870.0	0.000293362
19880.0	0.000291494
19890.0	0.000289445
19900.0	0.000287455
19910.0	0.000285639
19920.0	0.000283859
19930.0	0.00028236
19940.0	0.000280862
19950.0	0.000279539
19960.0	0.000278222
19970.0	0.000276923
19980.0	0.000275628
19990.0	0.000274371
20000.0	0.000273131
20010.0	0.000271988
20019.999999999996	0.000270927
20030.0	0.000269931
20040.0	0.000269033
20050.0	0.000268171
20059.999999999996	0.000267419
20070.0	0.000266664
20080.0	0.00026588
20090.0	0.000265096
20099.999999999996	0.000264437
20110.0	0.000263782
20120.0	0.00026338
20130.0	0.000263037
20139.999999999996	0.000262768
20150.0	0.000262535
20160.0	0.000262271
20170.0	0.000261978
20179.999999999996	0.000261611
20190.0	0.000261125
20200.0	0.000260592
20210.0	0.000259906
20219.999999999996	0.000259211
20230.0	0.000258435
20240.0	0.000257658
20250.0	0.000256973
20259.999999999996	0.000256294
20270.0	0.000255463
20280.0	0.000254595
20290.0	0.000253395
20299.999999999996	0.000252024
20310.0	0.000250579
20320.0	0.000249066
20330.0	0.000247579
20339.999999999996	0.000246138
20350.0	0.000244716
20360.0	0.000243364
20370.0	0.000242005
20379.999999999996	0.000240576
20390.0	0.000239148
20400.0	0.000237478
20410.0	0.000235793
20419.999999999996	0.00023387
20430.0	0.000231886
20440.0	0.00022986
20450.0	0.000227813
20460.0	0.000225865
20470.0	0.000224015
20480.0	0.000222164
20490.0	0.000220312
20500.0	0.000218438
20510.0	0.000216487
20520.0	0.000214533
20530.0	0.000212544
20540.0	0.000210554
20550.0	0.000208698
20560.0	0.000206852
20570.0	0.000205226
20580.0	0.000203659
20590.0	0.000202196
20600.0	0.000200791
20610.0	0.000199323
20620.0	0.000197792
20630.0	0.000196176
20640.0	0.000194403
20650.0	0.000192626
20660.0	0.000190836
20670.0	0.000189062
20680.0	0.000187516
20690.0	0.00018597
20700.0	0.00018459
20710.0	0.000183223
20720.0	0.00018177
20730.0	0.000180291
20740.0	0.000178673
20750.0	0.000176973
20760.0	0.000175188
20770.0	0.000173313
20780.0	0.000171443
20790.0	0.000169582
20800.0	0.000167745
20810.0	0.000166004
20820.0	0.000164251
20830.000000000004	0.000162298
20840.0	0.000160345
20850.0	0.000158021
20860.0	0.000155661
20870.000000000004	0.00015275
20880.0	0.000149673
20890.0	0.000146351
20900.0	0.00014288
20910.000000000004	0.000139124
20920.0	0.000135059
20930.0	0.000130751
20940.0	0.000125961
20950.000000000004	0.000121032
20960.0	0.000115509
20970.0	0.000109952
20980.0	0.000103697
20990.000000000004	9.74436e-05
21000.0	9.10601e-05
21010.0	8.46613e-05
21020.0	7.84095e-05
21030.000000000004	7.22038e-05
21040.0	6.63349e-05
21050.0	6.06785e-05
21060.0	5.52104e-05
21070.000000000004	4.99519e-05
21080.0	4.49053e-05
21090.0	4.02912e-05
21100.0	3.58309e-05
21110.000000000004	3.20544e-05
21120.0	2.83172e-05
21130.0	2.552e-05
21140.0	2.27222e-05
21150.000000000004	2.0844e-05
21160.0	1.90735e-05
21170.0	1.77569e-05
21180.0	1.65912e-05
21190.000000000004	1.55388e-05
21200.0	1.45598e-05
21210.0	1.36627e-05
21220.0	1.28614e-05
21230.000000000004	1.21751e-05
21240.0	1.17349e-05
21250.0	1.13585e-05
21260.0	1.12828e-05
21269.999999999996	1.12076e-05
21280.0	1.1145e-05
21290.0	1.10825e-05
21300.0	1.09121e-05
21309.999999999996	1.07279e-05
21320.0	1.03638e-05
21330.0	9.93718e-06
21340.0	9.48097e-06
21349.999999999996	9.00504e-06
21360.0	8.54384e-06
21370.0	8.10026e-06
21380.0	7.67668e-06
21389.999999999996	7.29737e-06
21400.0	6.95785e-06
21410.0	6.81919e-06
21420.0	6.66924e-06
21429.999999999996	6.0045e-06
21440.0	5.33961e-06
21450.0	4.7821e-06
21460.0	4.23956e-06
21469.999999999996	3.73968e-06
21480.0	3.25548e-06
21490.0	2.878e-06
21500.0	2.57486e-06
21509.999999999996	2.34448e-06
21520.0	2.2047e-06
21530.0	2.06032e-06
21540.0	1.90539e-06
21549.999999999996	1.74677e-06
21560.0	1.56831e-06
21570.0	1.38683e-06
21580.0	9.77068e-07
21589.999999999996	5.67302e-07
21600.0	6.56039e-07
21610.0	8.20128e-07
21620.0	1.11472e-06
21629.999999999996	1.45906e-06
21640.0	1.74373e-06
21650.0	1.98531e-06
21660.0	2.2042e-06
21669.999999999996	2.3938e-06
21680.0	2.56377e-06
21690.0	2.68628e-06
21700.0	2.8154e-06
21710.0	2.98244e-06
21720.0	3.14912e-06
21730.0	3.22371e-06
21740.0	3.29827e-06
21750.0	3.26238e-06
21760.0	3.20843e-06
21770.0	3.24388e-06
21780.0	3.31482e-06
21790.0	3.25388e-06
21800.0	3.09404e-06
21810.0	2.9586e-06
21820.0	2.85584e-06
21830.0	2.77087e-06
21840.0	2.73102e-06
21850.0	2.70989e-06
21860.0	2.80475e-06
21870.0	2.89958e-06
21880.0	3.2991e-06
21890.0	3.70016e-06
21900.0	4.11401e-06
21910.0	4.53e-06
21920.0	4.93869e-06
21930.0	5.34446e-06
21940.0	5.60719e-06
21950.0	5.75874e-06
21960.0	5.9571e-06
21970.0	6.22037e-06
21980.0	6.51043e-06
21990.0	6.87131e-06
22000.0	7.18964e-06
22010.0	7.22303e-06
22020.0	7.25643e-06
22030.0	7.08431e-06
22040.0	6.90931e-06
22050.0	6.41837e-06
22060.0	5.86798e-06
22070.0	5.34478e-06
22080.000000000004	4.8333e-06
22090.0	4.38577e-06
22100.0	3.98998e-06
22110.0	3.58821e-06
22120.000000000004	3.17785e-06
22130.0	2.76861e-06
22140.0	2.36286e-06
22150.0	1.95274e-06
22160.000000000004	1.51081e-06
22170.0	1.06898e-06
22180.0	8.76497e-07
22190.0	6.8975e-07
22200.000000000004	5.72741e-07
22210.0	4.69696e-07
22220.0	4.22612e-07
22230.0	4.00802e-07
22240.000000000004	4.12146e-07
22250.0	4.51184e-07
22260.0	5.05953e-07
22270.0	5.84213e-07
22280.000000000004	6.52591e-07
22290.0	6.9234e-07
22300.0	7.25773e-07
22310.0	7.09465e-07
22320.000000000004	6.93154e-07
22330.0	6.82202e-07
22340.0	6.71425e-07
22350.0	7.53961e-07
22360.000000000004	8.56414e-07
22370.0	9.79296e-07
22380.0	1.11179e-06
22390.0	1.18836e-06
22400.000000000004	1.21646e-06
22410.0	1.2183e-06
22420.0	1.17937e-06
22430.0	1.12065e-06
22440.000000000004	1.0018e-06
22450.0	8.93353e-07
22460.0	8.75023e-07
22470.0	8.56698e-07
22480.000000000004	9.17264e-07
22490.0	9.81179e-07
22500.0	1.05145e-06
22510.0	1.12316e-06
22519.999999999996	1.21684e-06
22530.0	1.32125e-06
22540.0	1.41347e-06
22550.0	1.49478e-06
22559.999999999996	1.58555e-06
22570.0	1.69159e-06
22580.0	1.80663e-06
22590.0	1.95036e-06
22599.999999999996	2.09089e-06
22610.0	2.2012e-06
22620.0	2.31154e-06
22630.0	2.38264e-06
22639.999999999996	2.45172e-06
22650.0	2.42672e-06
22660.0	2.37917e-06
22670.0	2.28718e-06
22679.999999999996	2.17254e-06
22690.0	2.00774e-06
22700.0	1.7964e-06
22710.0	1.58472e-06
22719.999999999996	1.3724e-06
22730.0	1.18184e-06
22740.0	1.06391e-06
22750.0	9.5601e-07
22759.999999999996	9.54983e-07
22770.0	9.53957e-07
22780.0	9.42097e-07
22790.0	9.29572e-07
22799.999999999996	9.18114e-07
22810.0	9.06927e-07
22820.0	9.27212e-07
22830.0	9.64166e-07
22839.999999999996	1.02352e-06
22850.0	1.10446e-06
22860.0	1.2224e-06
22870.0	1.40468e-06
22879.999999999996	1.56771e-06
22890.0	1.66277e-06
22900.0	1.75234e-06
22910.0	1.776e-06
22919.999999999996	1.79966e-06
22930.0	1.67712e-06
22940.0	1.54409e-06
22950.0	1.43291e-06
22960.0	1.32762e-06
22970.0	1.23301e-06
22980.0	1.14425e-06
22990.0	1.06025e-06
23000.0	9.80958e-07
23010.0	9.04276e-07
23020.0	8.32348e-07
23030.0	7.681e-07
23040.0	7.32316e-07
23050.0	6.96247e-07
23060.0	6.56423e-07
23070.0	6.16599e-07
23080.0	5.91128e-07
23090.0	5.66845e-07
23100.0	5.56301e-07
23110.0	5.49632e-07
23120.0	5.62353e-07
23130.0	5.86174e-07
23140.0	6.32002e-07
23150.0	7.00599e-07
23160.0	7.58396e-07
23170.0	7.95959e-07
23180.0	8.23954e-07
23190.0	8.14433e-07
23200.0	7.96775e-07
23210.0	6.50181e-07
23220.0	5.03622e-07
23230.0	4.39462e-07
23240.0	3.82921e-07
23250.0	3.56562e-07
23260.0	3.3918e-07
23270.0	3.29987e-07
23280.0	3.25667e-07
23290.0	3.2116e-07
23300.0	3.16449e-07
23310.0	3.15957e-07
23320.0	3.23699e-07
23330.000000000004	3.54361e-07
23340.0	4.79935e-07
23350.0	6.06664e-07
23360.0	7.55667e-07
23370.000000000004	9.04671e-07
23380.0	1.07024e-06
23390.0	1.23748e-06
23400.0	1.42829e-06
23410.000000000004	1.6265e-06
23420.0	1.8252e-06
23430.0	2.02424e-06
23440.0	2.22377e-06
23450.000000000004	2.42375e-06
23460.0	2.58535e-06
23470.0	2.66897e-06
23480.0	2.73825e-06
23490.000000000004	2.74458e-06
23500.0	2.74677e-06
23510.0	2.65396e-06
23520.0	2.56118e-06
23530.000000000004	2.46549e-06
23540.0	2.36944e-06
23550.0	2.25557e-06
23560.0	2.13586e-06
23570.000000000004	1.98155e-06
23580.0	1.8051e-06
23590.0	1.61899e-06
23600.0	1.42175e-06
23610.000000000004	1.22176e-06
23620.0	1.01606e-06
23630.0	8.28278e-07
23640.0	7.23816e-07
23650.000000000004	6.20523e-07
23660.0	5.51085e-07
23670.0	4.8163e-07
23680.0	5.70523e-07
23690.000000000004	6.79256e-07
23700.0	6.87037e-07
23710.0	6.60193e-07
23720.0	6.22148e-07
23730.000000000004	5.76644e-07
23740.0	5.41847e-07
23750.0	5.19826e-07
23760.0	5.04068e-07
23769.999999999996	5.0211e-07
23780.0	5.02561e-07
23790.0	5.14936e-07
23800.0	5.28234e-07
23809.999999999996	5.78817e-07
23820.0	6.294e-07
23830.0	6.52162e-07
23840.0	6.71127e-07
23849.999999999996	5.72089e-07
23860.0	4.30633e-07
23870.0	3.81909e-07
23880.0	3.97205e-07
23889.999999999996	4.25767e-07
23900.0	4.70715e-07
23910.0	5.33028e-07
23920.0	6.35256e-07
23929.999999999996	7.40712e-07
23940.0	8.63258e-07
23950.0	9.85337e-07
23960.0	1.07874e-06
23969.999999999996	1.17216e-06
23980.0	1.24014e-06
23990.0	1.30435e-06
24000.0	1.31794e-06
24009.999999999996	1.3125e-06
24020.0	1.28982e-06
24030.0	1.25479e-06
24040.0	1.21514e-06
24049.999999999996	1.16955e-06
24060.0	1.12403e-06
24070.0	1.07869e-06
24080.0	1.02697e-06
24089.999999999996	9.39201e-07
24100.0	8.51649e-07
24110.0	8.02952e-07
24120.0	7.54255e-07
24129.999999999996	6.89191e-07
24140.0	6.21524e-07
24150.0	5.64852e-07
24160.0	5.125e-07
24169.999999999996	5.35488e-07
24180.0	6.14433e-07
24190.0	7.03293e-07
24200.0	8.05338e-07
24210.0	9.21563e-07
24220.0	1.07331e-06
24230.0	1.24593e-06
24240.0	1.54503e-06
24250.0	1.84414e-06
24260.0	2.12953e-06
24270.0	2.41483e-06
24280.0	2.68044e-06
24290.0	2.94268e-06
24300.0	3.16367e-06
24310.0	3.36764e-06
24320.0	3.51544e-06
24330.0	3.61998e-06
24340.0	3.6951e-06
24350.0	3.72977e-06
24360.0	3.76706e-06
24370.0	3.81116e-06
24380.0	3.85428e-06
24390.0	3.89105e-06
24400.0	3.92782e-06
24410.0	3.87448e-06
24420.0	3.82009e-06
24430.0	3.60686e-06
24440.0	3.36434e-06
24450.0	3.06061e-06
24460.0	2.73059e-06
24470.0	2.45551e-06
24480.0	2.2242e-06
24490.0	2.02913e-06
24500.0	1.88575e-06
24510.0	1.75585e-06
24520.0	1.6627e-06
24530.0	1.57815e-06
24540.0	1.55474e-06
24550.0	1.53133e-06
24560.0	1.43714e-06
24570.0	1.3415e-06
24580.000000000004	1.18834e-06
24590.0	1.02382e-06
24600.0	9.90946e-07
24610.0	1.0168e-06
24620.000000000004	1.08463e-06
24630.0	1.18721e-06
24640.0	1.30743e-06
24650.0	1.45378e-06
24660.000000000004	1.62672e-06
24670.0	1.8755e-06
24680.0	2.11796e-06
24690.0	2.31177e-06
24700.000000000004	2.50553e-06
24710.0	2.61577e-06
24720.0	2.72348e-06
24730.0	2.88452e-06
24740.000000000004	3.05671e-06
24750.0	3.17205e-06
24760.0	3.26097e-06
24770.0	3.31822e-06
24780.000000000004	3.34833e-06
24790.0	3.35474e-06
24800.0	3.32473e-06
24810.0	3.29371e-06
24820.000000000004	3.25964e-06
24830.0	3.22063e-06
24840.0	3.13995e-06
24850.0	3.05928e-06
24860.000000000004	3.11404e-06
24870.0	3.17417e-06
24880.0	3.18562e-06
24890.0	3.18624e-06
24900.000000000004	3.3498e-06
24910.0	3.59231e-06
24920.0	3.83982e-06
24930.0	4.09166e-06
24940.000000000004	4.34377e-06
24950.0	4.59633e-06
24960.0	4.82168e-06
24970.0	4.96126e-06
24980.000000000004	5.12462e-06
24990.0	5.50939e-06
25000.0	5.89406e-06
25010.0	5.84623e-06
25019.999999999996	5.77707e-06
25030.0	5.447e-06
25040.0	5.12301e-06
25050.0	5.13396e-06
25059.999999999996	4.55592e-06
25070.0	4.01254e-06
25080.0	3.64671e-06
25090.0	3.17462e-06
25099.999999999996	2.81829e-06
25110.0	2.36502e-06
25120.0	1.76482e-06
25130.0	1.82803e-06
25139.999999999996	2.25902e-06
25150.0	2.7193e-06
25160.0	2.96782e-06
25170.0	4.02271e-06
25179.999999999996	4.41503e-06
25190.0	4.44509e-06
25200.0	4.44241e-06
25210.0	4.98556e-06
25219.999999999996	5.41437e-06
25230.0	5.64537e-06
25240.0	5.56517e-06
25250.0	5.15384e-06
25259.999999999996	4.81247e-06
25270.0	4.39722e-06
25280.0	3.32289e-06
25290.0	3.12691e-06
25299.999999999996	3.48406e-06
25310.0	4.10811e-06
25320.0	3.92839e-06
25330.0	4.04234e-06
25339.999999999996	4.10973e-06
25350.0	4.01636e-06
25360.0	3.88044e-06
25370.0	4.00869e-06
25379.999999999996	4.32358e-06
25390.0	4.80193e-06
25400.0	5.72256e-06
25410.0	5.49981e-06
25419.999999999996	5.01499e-06
25430.0	5.05806e-06
25440.0	5.61103e-06
25450.0	6.24261e-06
25460.0	6.85754e-06
25470.0	7.32593e-06
25480.0	7.60359e-06
25490.0	7.40441e-06
25500.0	6.71819e-06
25510.0	5.52242e-06
25520.0	5.30755e-06
25530.0	5.03048e-06
25540.0	4.43396e-06
25550.0	3.18702e-06
25560.0	2.61993e-06
25570.0	2.37536e-06
25580.0	2.28822e-06
25590.0	1.90876e-06
25600.0	1.83969e-06
25610.0	2.16489e-06
25620.0	2.91019e-06
25630.0	3.64895e-06
25640.0	3.89237e-06
25650.0	3.91922e-06
25660.0	3.91154e-06
25670.0	3.65581e-06
25680.0	3.37105e-06
25690.0	3.13338e-06
25700.0	3.03421e-06
25710.0	3.31616e-06
25720.0	3.1401e-06
25730.0	2.93245e-06
25740.0	3.52959e-06
25750.0	4.14854e-06
25760.0	4.65666e-06
25770.0	5.0565e-06
25780.0	5.38932e-06
25790.0	5.42905e-06
25800.0	5.66493e-06
25810.0	6.0918e-06
25820.0	6.1877e-06
25830.000000000004	6.27105e-06
25840.0	5.88514e-06
25850.0	4.96211e-06
25860.0	4.44948e-06
25870.000000000004	4.12374e-06
25880.0	3.80086e-06
25890.0	3.4102e-06
25900.0	3.68077e-06
25910.000000000004	3.41653e-06
25920.0	3.00127e-06
25930.0	2.76189e-06
25940.0	2.37257e-06
25950.000000000004	1.96964e-06
25960.0	1.63358e-06
25970.0	1.48261e-06
25980.0	1.3283e-06
25990.000000000004	1.2634e-06
26000.0	1.25647e-06
26010.0	1.22822e-06
26020.0	1.32137e-06
26030.000000000004	1.3672e-06
26040.0	1.36313e-06
26050.0	1.39261e-06
26060.0	1.55001e-06
26070.000000000004	1.74707e-06
26080.0	1.9334e-06
26090.0	1.94442e-06
26100.0	2.13371e-06
26110.000000000004	2.56918e-06
26120.0	3.21657e-06
26130.0	3.14311e-06
26140.0	3.40164e-06
26150.000000000004	3.77344e-06
26160.0	4.11128e-06
26170.0	4.12824e-06
26180.0	3.99161e-06
26190.000000000004	3.84081e-06
26200.0	3.82854e-06
26210.0	3.91138e-06
26220.0	3.30153e-06
26230.000000000004	2.42474e-06
26240.0	2.0503e-06
26250.0	1.61581e-06
26260.0	1.3943e-06
26269.999999999996	1.34323e-06
26280.0	1.27832e-06
26290.0	1.68535e-06
26300.0	2.44577e-06
26309.999999999996	3.38615e-06
26320.0	3.832e-06
26330.0	4.45858e-06
26340.0	5.11125e-06
26349.999999999996	5.6987e-06
26360.0	5.90335e-06
26370.0	5.96559e-06
26380.0	6.16713e-06
26389.999999999996	6.64427e-06
26400.0	6.91003e-06
26410.0	6.50943e-06
26420.0	5.81714e-06
26429.999999999996	5.12931e-06
26440.0	5.05202e-06
26450.0	5.45752e-06
26460.0	6.10095e-06
26469.999999999996	6.66982e-06
26480.0	6.89267e-06
26490.0	6.81672e-06
26500.0	6.59177e-06
26509.999999999996	6.51517e-06
26520.0	7.4497e-06
26530.0	8.35842e-06
26540.0	8.96325e-06
26549.999999999996	8.82538e-06
26560.0	7.82232e-06
26570.0	6.87173e-06
26580.0	6.28026e-06
26589.999999999996	6.43319e-06
26600.0	7.01842e-06
26610.0	7.59169e-06
26620.0	7.8551e-06
26629.999999999996	6.53977e-06
26640.0	6.28246e-06
26650.0	6.4804e-06
26660.0	6.76782e-06
26669.999999999996	7.29936e-06
26680.0	7.95696e-06
26690.0	8.38868e-06
26700.0	8.20176e-06
26710.0	8.06953e-06
26720.0	7.6206e-06
26730.0	7.28672e-06
26740.0	7.82833e-06
26750.0	7.31527e-06
26760.0	6.63897e-06
26770.0	5.97301e-06
26780.0	5.52896e-06
26790.0	5.02103e-06
26800.0	4.81292e-06
26810.0	4.79733e-06
26820.0	4.19975e-06
26830.0	4.25043e-06
26840.0	4.08421e-06
26850.0	3.51466e-06
26860.0	3.33405e-06
26870.0	3.57667e-06
26880.0	3.80856e-06
26890.0	3.81379e-06
26900.0	3.78363e-06
26910.0	3.64699e-06
26920.0	3.41477e-06
26930.0	3.08911e-06
26940.0	2.61031e-06
26950.0	2.54983e-06
26960.0	2.75692e-06
26970.0	3.05178e-06
26980.0	2.93754e-06
26990.0	2.90382e-06
27000.0	2.86195e-06
27010.0	2.56198e-06
27020.0	2.15755e-06
27030.0	1.98608e-06
27040.0	2.11733e-06
27050.0	2.64545e-06
27060.0	3.23251e-06
27070.0	3.43222e-06
27080.000000000004	3.28932e-06
27090.0	3.6945e-06
27100.0	3.95051e-06
27110.0	4.37053e-06
27120.000000000004	5.03326e-06
27130.0	5.33821e-06
27140.0	5.50211e-06
27150.0	5.49765e-06
27160.000000000004	5.2928e-06
27170.0	4.74801e-06
27180.0	4.43945e-06
27190.0	4.09395e-06
27200.000000000004	3.43032e-06
27210.0	3.06185e-06
27220.0	2.62131e-06
27230.0	2.18091e-06
27240.000000000004	1.87634e-06
27250.0	1.94828e-06
27260.0	1.88825e-06
27270.0	1.75585e-06
27280.000000000004	1.82336e-06
27290.0	1.82548e-06
27300.0	1.91481e-06
27310.0	2.07379e-06
27320.000000000004	2.11239e-06
27330.0	1.91123e-06
27340.0	1.77301e-06
27350.0	1.74631e-06
27360.000000000004	1.4788e-06
27370.0	1.19449e-06
27380.0	9.70858e-07
27390.0	8.55389e-07
27400.000000000004	9.32656e-07
27410.0	1.02145e-06
27420.0	1.03932e-06
27430.0	9.17303e-07
27440.000000000004	9.20909e-07
27450.0	9.52132e-07
27460.0	1.0363e-06
27470.0	1.21014e-06
27480.000000000004	1.48674e-06
27490.0	1.51449e-06
27500.0	1.42766e-06
27510.0	1.52221e-06
27519.999999999996	1.31294e-06
27530.0	1.23834e-06
27540.0	1.36713e-06
27550.0	1.74462e-06
27559.999999999996	2.40197e-06
27570.0	2.82696e-06
27580.0	2.89604e-06
27590.0	2.61332e-06
27599.999999999996	2.60763e-06
27610.0	2.55917e-06
27620.0	2.37257e-06
27630.0	2.36653e-06
27639.999999999996	2.27862e-06
27650.0	2.10292e-06
27660.0	1.81907e-06
27670.0	1.0661e-06
27679.999999999996	6.22357e-07
27690.0	4.3516e-07
27700.0	4.74111e-07
27710.0	3.92884e-07
27719.999999999996	4.73066e-07
27730.0	5.95774e-07
27740.0	5.68551e-07
27750.0	5.71022e-07
27759.999999999996	6.47337e-07
27770.0	7.53493e-07
27780.0	7.74813e-07
27790.0	9.09599e-07
27799.999999999996	1.21276e-06
27810.0	1.67739e-06
27820.0	2.24389e-06
27830.0	2.48695e-06
27839.999999999996	2.70655e-06
27850.0	3.00949e-06
27860.0	3.51133e-06
27870.0	3.74706e-06
27879.999999999996	3.8291e-06
27890.0	3.80226e-06
27900.0	3.64898e-06
27910.0	3.2624e-06
27919.999999999996	2.74238e-06
27930.0	2.15706e-06
27940.0	1.76328e-06
27950.0	1.44523e-06
27960.0	1.12264e-06
27970.0	6.96624e-07
27980.0	2.94056e-07
27990.0	1.46581e-07
28000.0	2.70082e-07
28010.0	7.00878e-07
28020.0	7.54663e-07
28030.0	7.59374e-07
28040.0	7.59216e-07
28050.0	7.59216e-07
28060.0	7.66572e-07
28070.0	9.25544e-07
28080.0	1.22754e-06
28090.0	1.45581e-06
28100.0	1.57156e-06
28110.0	1.62359e-06
28120.0	1.66402e-06
28130.0	2.03377e-06
28140.0	2.24142e-06
28150.0	2.33339e-06
28160.0	2.3331e-06
28170.0	2.32437e-06
28180.0	2.0617e-06
28190.0	1.77036e-06
28200.0	1.65962e-06
28210.0	1.86389e-06
28220.0	1.66523e-06
28230.0	1.24149e-06
28240.0	8.61011e-07
28250.0	7.20265e-07
28260.0	6.68577e-07
28270.0	6.71355e-07
28280.0	6.83767e-07
28290.0	7.86212e-07
28300.0	7.89363e-07
28310.0	6.91809e-07
28320.0	6.06444e-07
28330.000000000004	7.86648e-07
28340.0	1.11228e-06
28350.0	1.5741e-06
28360.0	2.32188e-06
28370.000000000004	2.73162e-06
28380.0	2.92916e-06
28390.0	3.00016e-06
28400.0	3.47512e-06
28410.000000000004	4.15633e-06
28420.0	4.8582e-06
28430.0	5.44637e-06
28440.0	5.79919e-06
28450.000000000004	6.06805e-06
28460.0	6.20359e-06
28470.0	6.13632e-06
28480.0	6.37288e-06
28490.000000000004	6.51951e-06
28500.0	6.4253e-06
28510.0	5.82057e-06
28520.0	5.05584e-06
28530.000000000004	4.40629e-06
28540.0	3.96333e-06
28550.0	3.91596e-06
28560.0	3.45557e-06
28570.000000000004	2.83453e-06
28580.0	2.16965e-06
28590.0	1.76048e-06
28600.0	1.8376e-06
28610.000000000004	2.07358e-06
28620.0	2.33269e-06
28630.0	2.41322e-06
28640.0	2.59737e-06
28650.000000000004	2.6364e-06
28660.0	2.39696e-06
28670.0	2.30963e-06
28680.0	2.30771e-06
28690.000000000004	2.28274e-06
28700.0	2.13519e-06
28710.0	1.80017e-06
28720.0	1.50073e-06
28730.000000000004	1.27899e-06
28740.0	1.19842e-06
28750.0	7.44736e-07
28760.0	3.74587e-07
28769.999999999996	1.50405e-07
28780.0	1.46795e-07
28790.0	1.17675e-07
28800.0	4.51808e-07
28809.999999999996	1.17431e-06
28820.0	2.17001e-06
28830.0	2.82923e-06
28840.0	3.42403e-06
28849.999999999996	3.99851e-06
28860.0	4.36326e-06
28870.0	4.76635e-06
28880.0	5.01459e-06
28889.999999999996	5.03049e-06
28900.0	5.0273e-06
28910.0	4.95571e-06
28920.0	4.64466e-06
28929.999999999996	3.96981e-06
28940.0	3.73509e-06
28950.0	3.35129e-06
28960.0	2.91176e-06
28969.999999999996	2.5171e-06
28980.0	2.0943e-06
28990.0	1.90363e-06
29000.0	2.01605e-06
29009.999999999996	2.56998e-06
29020.0	2.53491e-06
29030.0	2.83313e-06
29040.0	3.42555e-06
29049.999999999996	3.93218e-06
29060.0	4.43732e-06
29070.0	5.01329e-06
29080.0	5.5629e-06
29089.999999999996	5.56389e-06
29100.0	5.56372e-06
29110.0	5.36165e-06
29120.0	4.97168e-06
29129.999999999996	5.15528e-06
29140.0	5.1302e-06
29150.0	5.06031e-06
29160.0	5.02721e-06
29169.999999999996	4.90123e-06
29180.0	4.42197e-06
29190.0	4.203e-06
29200.0	4.79546e-06
29210.0	4.80667e-06
29220.0	4.76884e-06
29230.0	4.66518e-06
29240.0	4.45777e-06
29250.0	3.78488e-06
29260.0	3.19942e-06
29270.0	2.77106e-06
29280.0	2.57876e-06
29290.0	2.63482e-06
29300.0	2.41388e-06
29310.0	2.0065e-06
29320.0	2.00503e-06
29330.0	1.97053e-06
29340.0	1.79772e-06
29350.0	1.52079e-06
29360.0	1.52501e-06
29370.0	1.78158e-06
29380.0	2.25371e-06
29390.0	2.88299e-06
29400.0	3.03606e-06
29410.0	3.52455e-06
29420.0	4.03032e-06
29430.0	4.34238e-06
29440.0	4.60481e-06
29450.0	4.76944e-06
29460.0	4.95234e-06
29470.0	5.28093e-06
29480.0	5.44028e-06
29490.0	4.89842e-06
29500.0	4.20499e-06
29510.0	4.32204e-06
29520.0	3.88318e-06
29530.0	3.57073e-06
29540.0	3.45464e-06
29550.0	3.54268e-06
29560.0	3.68624e-06
29570.0	3.78897e-06
29580.000000000004	3.80362e-06
29590.0	3.60355e-06
29600.0	4.21188e-06
29610.0	4.53687e-06
29620.000000000004	4.29075e-06
29630.0	4.1592e-06
29640.0	4.03533e-06
29650.0	3.87538e-06
29660.000000000004	3.64869e-06
29670.0	3.25409e-06
29680.0	2.99797e-06
29690.0	2.95716e-06
29700.000000000004	3.21092e-06
29710.0	2.84265e-06
29720.0	2.64803e-06
29730.0	2.55377e-06
29740.000000000004	2.46259e-06
29750.0	2.43355e-06
29760.0	2.34506e-06
29770.0	2.24453e-06
29780.000000000004	2.24804e-06
29790.0	1.9755e-06
29800.0	1.41386e-06
29810.0	6.92685e-07
29820.000000000004	2.43304e-07
29830.0	1.55248e-07
29840.0	2.0092e-07
29850.0	3.52294e-07
29860.000000000004	7.71864e-07
29870.0	1.17248e-06
29880.0	1.39828e-06
29890.0	1.40653e-06
29900.000000000004	1.53067e-06
29910.0	1.71711e-06
29920.0	2.00226e-06
29930.0	2.40544e-06
29940.000000000004	2.47388e-06
29950.0	2.62768e-06
29960.0	2.84007e-06
29970.0	3.08789e-06
29980.000000000004	3.45306e-06
29990.0	3.9677e-06
30000.0	4.37891e-06
30010.0	4.25643e-06
30019.999999999996	4.23493e-06
30030.0	4.10539e-06
30040.0	3.99535e-06
30050.0	4.29438e-06
30059.999999999996	4.20053e-06
30070.0	3.84547e-06
30080.0	3.26548e-06
30090.0	2.50159e-06
30099.999999999996	1.86663e-06
30110.0	1.54574e-06
30120.0	1.59848e-06
30130.0	1.95724e-06
30139.999999999996	2.04386e-06
30150.0	1.98437e-06
30160.0	1.84552e-06
30170.0	1.80969e-06
30179.999999999996	2.13528e-06
30190.0	2.83598e-06
30200.0	3.94707e-06
30210.0	4.52766e-06
30219.999999999996	4.84615e-06
30230.0	4.78099e-06
30240.0	4.14079e-06
30250.0	4.28683e-06
30259.999999999996	4.46308e-06
30270.0	4.75754e-06
30280.0	5.45881e-06
30290.0	5.68268e-06
30299.999999999996	5.59439e-06
30310.0	5.30767e-06
30320.0	5.1e-06
30330.0	5.84204e-06
30339.999999999996	6.82457e-06
30350.0	7.82126e-06
30360.0	8.531e-06
30370.0	9.43983e-06
30379.999999999996	1.00891e-05
30390.0	1.02935e-05
30400.0	1.01531e-05
30410.0	1.01158e-05
30419.999999999996	1.03306e-05
30430.0	1.08729e-05
30440.0	1.05313e-05
30450.0	1.05745e-05
30460.0	1.06932e-05
30470.0	1.05842e-05
30480.0	9.98223e-06
30490.0	9.76412e-06
30500.0	9.85683e-06
30510.0	1.01361e-05
30520.0	9.68659e-06
30530.0	9.40963e-06
30540.0	9.32849e-06
30550.0	9.30602e-06
30560.0	8.90182e-06
30570.0	8.17745e-06
30580.0	7.26404e-06
30590.0	6.64621e-06
30600.0	5.88995e-06
30610.0	5.5189e-06
30620.0	5.71796e-06
30630.0	6.57998e-06
30640.0	7.22557e-06
30650.0	7.5488e-06
30660.0	7.53764e-06
30670.0	8.1199e-06
30680.0	9.12587e-06
30690.0	1.03149e-05
30700.0	1.15142e-05
30710.0	1.24999e-05
30720.0	1.29854e-05
30730.0	1.30139e-05
30740.0	1.26014e-05
30750.0	1.14962e-05
30760.0	1.06803e-05
30770.0	1.0048e-05
30780.0	9.30204e-06
30790.0	9.34976e-06
30800.0	9.33727e-06
30810.0	9.10919e-06
30820.0	8.51772e-06
30830.000000000004	7.94425e-06
30840.0	7.95771e-06
30850.0	8.62533e-06
30860.0	9.58167e-06
30870.000000000004	1.0171e-05
30880.0	1.06532e-05
30890.0	1.11114e-05
30900.0	1.14278e-05
30910.000000000004	1.19181e-05
30920.0	1.26264e-05
30930.0	1.35611e-05
30940.0	1.37667e-05
30950.000000000004	1.39208e-05
30960.0	1.41909e-05
30970.0	1.47471e-05
30980.0	1.57206e-05
30990.000000000004	1.64042e-05
31000.0	1.69045e-05
31010.0	1.73927e-05
31020.0	1.70798e-05
31030.000000000004	1.71003e-05
31040.0	1.77513e-05
31050.0	1.95693e-05
31060.0	2.03202e-05
31070.000000000004	2.04444e-05
31080.0	2.02191e-05
31090.0	2.04094e-05
31100.0	2.06357e-05
31110.000000000004	2.07475e-05
31120.0	2.06926e-05
31130.0	2.04361e-05
31140.0	1.97047e-05
31150.000000000004	1.87921e-05
31160.0	1.79238e-05
31170.0	1.84895e-05
31180.0	1.88912e-05
31190.000000000004	1.91468e-05
31200.0	1.92596e-05
31210.0	1.92102e-05
31220.0	1.88752e-05
31230.000000000004	1.86873e-05
31240.0	1.91796e-05
31250.0	2.02638e-05
31260.0	2.06799e-05
31269.999999999996	2.03438e-05
31280.0	1.91399e-05
31290.0	1.90333e-05
31300.0	1.92232e-05
31309.999999999996	1.96244e-05
31320.0	2.03037e-05
31330.0	2.13717e-05
31340.0	2.22385e-05
31349.999999999996	2.27239e-05
31360.0	2.25951e-05
31370.0	2.28425e-05
31380.0	2.3748e-05
31389.999999999996	2.53351e-05
31400.0	2.66346e-05
31410.0	2.79455e-05
31420.0	2.92735e-05
31429.999999999996	3.06128e-05
31440.0	3.17053e-05
31450.0	3.31454e-05
31460.0	3.49619e-05
31469.999999999996	3.72116e-05
31480.0	3.98932e-05
31490.0	4.19649e-05
31500.0	4.36407e-05
31509.999999999996	4.52261e-05
31520.0	4.63504e-05
31530.0	4.74948e-05
31540.0	4.86479e-05
31549.999999999996	4.96921e-05
31560.0	5.11246e-05
31570.0	5.22136e-05
31580.0	5.28427e-05
31589.999999999996	5.30095e-05
31600.0	5.27963e-05
31610.0	5.26509e-05
31620.0	5.26653e-05
31629.999999999996	5.26028e-05
31640.0	5.23007e-05
31650.0	5.1664e-05
31660.0	5.06309e-05
31669.999999999996	4.91772e-05
31680.0	4.77502e-05
31690.0	4.6357e-05
31700.0	4.49979e-05
31710.0	4.30446e-05
31720.0	4.06769e-05
31730.0	3.79932e-05
31740.0	3.50818e-05
31750.0	3.24944e-05
31760.0	3.01238e-05
31770.0	2.78866e-05
31780.0	2.56528e-05
31790.0	2.28535e-05
31800.0	2.00355e-05
31810.0	1.74752e-05
31820.0	1.57983e-05
31830.0	1.44188e-05
31840.0	1.29729e-05
31850.0	1.13519e-05
31860.0	9.41049e-06
31870.0	8.45879e-06
31880.0	7.84686e-06
31890.0	7.43608e-06
31900.0	7.92395e-06
31910.0	8.44597e-06
31920.0	9.08497e-06
31930.0	9.87105e-06
31940.0	1.02583e-05
31950.0	1.09828e-05
31960.0	1.17983e-05
31970.0	1.2493e-05
31980.0	1.2416e-05
31990.0	1.21252e-05
32000.0	1.16191e-05
32010.0	1.0864e-05
32020.0	9.61163e-06
32030.0	8.26642e-06
32040.0	6.99403e-06
32050.0	6.09982e-06
32060.0	5.98864e-06
32070.0	5.8565e-06
32080.000000000004	5.64761e-06
32090.0	5.61841e-06
32100.0	5.82195e-06
32110.0	5.8864e-06
32120.000000000004	5.78508e-06
32130.0	5.99238e-06
32140.0	6.22923e-06
32150.0	6.79088e-06
32160.000000000004	7.73134e-06
32170.0	7.90108e-06
32180.0	8.26675e-06
32190.0	8.33641e-06
32200.000000000004	7.7669e-06
32210.0	7.53009e-06
32220.0	7.69207e-06
32230.0	8.06224e-06
32240.000000000004	8.44675e-06
32250.0	8.28255e-06
32260.0	7.61341e-06
32270.0	6.67675e-06
32280.000000000004	5.85562e-06
32290.0	5.29507e-06
32300.0	5.40233e-06
32310.0	5.9875e-06
32320.000000000004	6.44842e-06
32330.0	6.6717e-06
32340.0	6.98845e-06
32350.0	7.53534e-06
32360.000000000004	8.63005e-06
32370.0	9.21118e-06
32380.0	9.67553e-06
32390.0	1.01439e-05
32400.000000000004	1.05263e-05
32410.0	1.07051e-05
32420.0	1.05065e-05
32430.0	9.87216e-06
32440.000000000004	9.99891e-06
32450.0	9.95156e-06
32460.0	9.59754e-06
32470.0	8.80203e-06
32480.000000000004	8.47939e-06
32490.0	8.17933e-06
32500.0	7.86299e-06
32510.0	7.48075e-06
32519.999999999996	7.4402e-06
32530.0	8.24339e-06
32540.0	9.35147e-06
32550.0	9.56295e-06
32559.999999999996	9.64258e-06
32570.0	9.66205e-06
32580.0	9.58273e-06
32590.0	9.22599e-06
32599.999999999996	8.74187e-06
32610.0	8.50807e-06
32620.0	8.50096e-06
32630.0	7.98283e-06
32639.999999999996	6.88207e-06
32650.0	5.799e-06
32660.0	4.97652e-06
32670.0	4.26003e-06
32679.999999999996	3.98987e-06
32690.0	4.24926e-06
32700.0	5.13715e-06
32710.0	7.1002e-06
32719.999999999996	8.44822e-06
32730.0	9.60801e-06
32740.0	1.10195e-05
32750.0	1.16096e-05
32759.999999999996	1.23076e-05
32770.0	1.31362e-05
32780.0	1.40903e-05
32790.0	1.49729e-05
32800.0	1.52486e-05
32810.0	1.48369e-05
32820.0	1.36025e-05
32830.0	1.33527e-05
32840.0	1.30789e-05
32850.0	1.2793e-05
32860.0	1.34126e-05
32870.0	1.34722e-05
32880.0	1.36288e-05
32890.0	1.39772e-05
32900.0	1.35596e-05
32910.0	1.35182e-05
32920.0	1.3472e-05
32930.0	1.32301e-05
32940.0	1.29518e-05
32950.0	1.29559e-05
32960.0	1.29274e-05
32970.0	1.26064e-05
32980.0	1.38133e-05
32990.0	1.43003e-05
33000.0	1.45057e-05
33010.0	1.50016e-05
33020.0	1.50612e-05
33030.0	1.5455e-05
33040.0	1.57764e-05
33050.0	1.5069e-05
33060.0	1.43637e-05
33070.0	1.3942e-05
33080.0	1.35641e-05
33090.0	1.23046e-05
33100.0	1.18995e-05
33110.0	1.15149e-05
33120.0	1.10899e-05
33130.0	1.14487e-05
33140.0	1.13711e-05
33150.0	1.14878e-05
33160.0	1.19748e-05
33170.0	1.18525e-05
33180.0	1.17033e-05
33190.0	1.16871e-05
33200.0	1.18911e-05
33210.0	1.13937e-05
33220.0	1.15448e-05
33230.0	1.17055e-05
33240.0	1.12228e-05
33250.0	1.12676e-05
33260.0	1.10307e-05
33270.0	1.07279e-05
33280.0	1.07437e-05
33290.0	1.02541e-05
33300.0	9.6487e-06
33310.0	9.0749e-06
33320.0	8.81503e-06
33330.0	8.06107e-06
33340.0	7.7211e-06
33350.0	7.75864e-06
33360.0	7.31817e-06
33370.0	7.58676e-06
33380.0	7.84174e-06
33390.0	7.90798e-06
33400.0	8.18144e-06
33410.0	8.49138e-06
33420.0	8.65201e-06
33430.0	8.58317e-06
33440.0	8.64623e-06
33450.0	8.44075e-06
33460.0	8.49132e-06
33470.0	9.226e-06
33480.0	8.8906e-06
33490.0	8.89038e-06
33500.0	8.95637e-06
33510.0	8.74899e-06
33520.0	8.21844e-06
33530.0	8.26701e-06
33540.0	8.54608e-06
33550.0	8.27595e-06
33560.0	8.18775e-06
33570.0	7.76257e-06
33580.0	7.14687e-06
33590.0	7.01574e-06
33600.0	6.6792e-06
33610.0	6.33104e-06
33620.0	6.02296e-06
33630.0	5.78173e-06
33640.0	5.08724e-06
33650.0	4.70329e-06
33660.0	4.83831e-06
33670.0	4.44209e-06
33680.0	3.93251e-06
33690.0	3.35958e-06
33700.0	2.7538e-06
33710.0	2.23143e-06
33720.0	2.15468e-06
33730.0	2.30225e-06
33740.0	2.47544e-06
33750.0	2.51108e-06
33760.0	2.36674e-06
33770.0	2.32398e-06
33780.0	2.83611e-06
33790.0	3.45212e-06
33800.0	4.05355e-06
33810.0	4.72207e-06
33820.0	5.69361e-06
33830.0	6.10511e-06
33840.0	6.45883e-06
33850.0	6.79731e-06
33860.0	6.92883e-06
33870.0	7.06769e-06
33880.0	6.93612e-06
33890.0	6.49803e-06
33900.0	6.13152e-06
33910.0	6.26289e-06
33920.0	6.06013e-06
33930.0	5.18096e-06
33940.0	4.8343e-06
33950.0	4.5851e-06
33960.0	4.37563e-06
33970.0	4.16442e-06
33980.0	3.87131e-06
33990.0	3.70433e-06
34000.0	3.69423e-06
34010.0	3.89193e-06
34020.0	3.32959e-06
34030.0	3.25629e-06
34040.0	3.44327e-06
34050.0	3.34672e-06
34060.0	3.2554e-06
34070.0	3.58615e-06
34080.0	4.24104e-06
34090.0	4.78536e-06
34100.0	5.58196e-06
34110.0	6.20593e-06
34120.0	6.63393e-06
34130.0	7.24953e-06
34140.0	7.92331e-06
34150.0	8.49093e-06
34160.0	8.90086e-06
34170.0	9.29329e-06
34180.0	9.01843e-06
34190.0	8.66303e-06
34200.0	8.56204e-06
34210.0	8.44077e-06
34220.0	8.49945e-06
34230.0	8.74359e-06
34240.0	9.19287e-06
34250.0	9.50639e-06
34260.0	1.01721e-05
34270.0	1.07282e-05
34280.0	1.04512e-05
34290.0	1.02473e-05
34300.0	1.02038e-05
34310.0	1.01742e-05
34320.0	9.79559e-06
34330.0	9.21078e-06
34340.0	8.30829e-06
34350.0	7.1172e-06
34360.0	5.80729e-06
34370.0	4.63461e-06
34380.0	4.11539e-06
34390.0	4.36173e-06
34400.0	5.03046e-06
34410.0	5.21158e-06
34420.0	5.57221e-06
34430.0	6.43322e-06
34440.0	7.78624e-06
34450.0	8.90537e-06
34460.0	1.01283e-05
34470.0	1.16982e-05
34480.0	1.26304e-05
34490.0	1.3388e-05
34500.0	1.38156e-05
34510.0	1.37007e-05
34520.0	1.35917e-05
34530.0	1.32235e-05
34540.0	1.24246e-05
34550.0	1.08548e-05
34560.0	9.87566e-06
34570.0	8.83042e-06
34580.0	7.78155e-06
34590.0	7.15105e-06
34600.0	6.68186e-06
34610.0	6.17071e-06
34620.0	5.64495e-06
34630.0	5.45772e-06
34640.0	4.84026e-06
34650.0	4.39169e-06
34660.0	4.34049e-06
34670.0	4.72494e-06
34680.0	4.80014e-06
34690.0	4.72444e-06
34700.0	4.56797e-06
34710.0	4.04317e-06
34720.0	4.10241e-06
34730.0	4.39999e-06
34740.0	4.64095e-06
34750.0	4.70899e-06
34760.0	4.83539e-06
34770.0	4.76523e-06
34780.0	4.10314e-06
34790.0	3.77997e-06
34800.0	3.28952e-06
34810.0	2.70695e-06
34820.0	2.28699e-06
34830.0	1.79865e-06
34840.0	1.24025e-06
34850.0	7.20967e-07
34860.0	6.46112e-07
34870.0	5.11202e-07
34880.0	4.34959e-07
34890.0	4.16853e-07
34900.0	2.37613e-07
34910.0	1.85383e-07
34920.0	2.07918e-07
34930.0	2.86917e-07
34940.0	4.42282e-07
34950.0	4.86806e-07
34960.0	6.17136e-07
34970.0	9.68559e-07
34980.0	8.98773e-07
34990.0	1.02872e-06
35000.0	1.26947e-06
35010.0	1.52968e-06
35020.0	1.55923e-06
35030.0	1.89985e-06
35040.0	2.37284e-06
35050.0	2.63091e-06
35060.0	2.94849e-06
35070.0	3.026e-06
35080.0	2.97787e-06
35090.0	3.2135e-06
35100.0	3.51339e-06
35110.0	3.67119e-06
35120.0	3.70415e-06
35130.0	3.89612e-06
35140.0	3.57538e-06
35150.0	3.12926e-06
35160.0	2.70007e-06
35170.0	2.37947e-06
35180.0	2.12128e-06
35190.0	1.87658e-06
35200.0	1.6087e-06
35210.0	1.08629e-06
35220.0	7.41997e-07
35230.0	5.42802e-07
35240.0	4.7058e-07
35250.0	3.54743e-07
35260.0	3.12324e-07
35270.0	3.1135e-07
35280.0	3.08865e-07
35290.0	3.12014e-07
35300.0	3.21575e-07
35310.0	3.26738e-07
35320.0	3.03109e-07
35330.0	2.99649e-07
35340.0	2.254e-07
35350.0	1.19731e-07
35360.0	1.69776e-07
35370.0	3.09407e-07
35380.0	4.03326e-07
35390.0	4.23001e-07
35400.0	4.19458e-07
35410.0	4.16083e-07
35420.0	4.14681e-07
35430.0	4.17774e-07
35440.0	4.45147e-07
35450.0	7.27695e-07
35460.0	9.34835e-07
35470.0	8.4178e-07
35480.0	6.83804e-07
35490.0	7.4668e-07
35500.0	9.14741e-07
35510.0	1.07123e-06
35520.0	1.25663e-06
35530.0	1.41051e-06
35540.0	1.57382e-06
35550.0	1.82228e-06
35560.0	2.36354e-06
35570.0	2.81628e-06
35580.0	3.19534e-06
35590.0	3.64648e-06
35600.0	3.84415e-06
35610.0	4.06865e-06
35620.0	4.44751e-06
35630.0	5.30265e-06
35640.0	5.68719e-06
35650.0	5.91744e-06
35660.0	5.98818e-06
35670.0	5.04981e-06
35680.0	4.53634e-06
35690.0	4.16001e-06
35700.0	3.77929e-06
35710.0	3.47646e-06
35720.0	3.39912e-06
35730.0	3.32349e-06
35740.0	3.06276e-06
35750.0	3.1173e-06
35760.0	3.19135e-06
35770.0	3.40755e-06
35780.0	3.948e-06
35790.0	4.48225e-06
35800.0	5.20221e-06
35810.0	5.93758e-06
35820.0	6.30093e-06
35830.0	6.0937e-06
35840.0	5.58394e-06
35850.0	4.9278e-06
35860.0	4.50748e-06
35870.0	4.43879e-06
35880.0	4.48378e-06
35890.0	4.55668e-06
35900.0	4.50817e-06
35910.0	4.71368e-06
35920.0	5.12897e-06
35930.0	5.73843e-06
35940.0	6.4663e-06
35950.0	7.28363e-06
35960.0	7.91991e-06
35970.0	8.18236e-06
35980.0	7.9086e-06
35990.0	7.64889e-06
36000.0	7.44087e-06
36010.0	7.32839e-06
36020.0	7.26828e-06
36030.0	6.91967e-06
36040.0	6.47173e-06
36050.0	6.24753e-06
36060.0	6.57894e-06
36070.0	7.04653e-06
36080.0	7.65798e-06
36090.0	8.56153e-06
36100.0	9.0011e-06
36110.0	9.32011e-06
36120.0	9.56815e-06
36130.0	9.67288e-06
36140.0	1.03012e-05
36150.0	1.09283e-05
36160.0	1.1359e-05
36170.0	1.13978e-05
36180.0	1.13472e-05
36190.0	1.13059e-05
36200.0	1.13385e-05
36210.0	1.16755e-05
36220.0	1.18783e-05
36230.0	1.21588e-05
36240.0	1.26921e-05
36250.0	1.24609e-05
36260.0	1.19889e-05
36270.0	1.16373e-05
36280.0	1.1887e-05
36290.0	1.24525e-05
36300.0	1.28275e-05
36310.0	1.30368e-05
36320.0	1.31787e-05
36330.0	1.32916e-05
36340.0	1.29338e-05
36350.0	1.21605e-05
36360.0	1.13214e-05
36370.0	1.07716e-05
36380.0	9.90987e-06
36390.0	8.64746e-06
36400.0	7.32605e-06
36410.0	6.07164e-06
36420.0	5.03808e-06
36430.0	4.26065e-06
36440.0	3.35762e-06
36450.0	2.38887e-06
36460.0	1.70826e-06
36470.0	1.54524e-06
36480.0	1.47199e-06
36490.0	1.22215e-06
36500.0	1.02653e-06
36510.0	1.12161e-06
36520.0	1.07267e-06
36530.0	1.23654e-06
36540.0	1.47282e-06
36550.0	1.54821e-06
36560.0	1.53297e-06
36570.0	1.52402e-06
36580.0	1.5259e-06
36590.0	1.52762e-06
36600.0	1.64507e-06
36610.0	2.18061e-06
36620.0	3.06793e-06
36630.0	3.81968e-06
36640.0	4.19623e-06
36650.0	4.65588e-06
36660.0	5.32751e-06
36670.0	6.10229e-06
36680.0	7.38869e-06
36690.0	8.84177e-06
36700.0	1.02979e-05
36710.0	1.17239e-05
36720.0	1.25626e-05
36730.0	1.29008e-05
36740.0	1.27737e-05
36750.0	1.2544e-05
36760.0	1.2667e-05
36770.0	1.28413e-05
36780.0	1.26917e-05
36790.0	1.20352e-05
36800.0	1.10245e-05
36810.0	9.70812e-06
36820.0	8.12914e-06
36830.0	6.9579e-06
36840.0	6.27909e-06
36850.0	5.91427e-06
36860.0	5.29952e-06
36870.0	5.08171e-06
36880.0	4.90918e-06
36890.0	4.70798e-06
36900.0	4.52232e-06
36910.0	4.83549e-06
36920.0	5.27917e-06
36930.0	5.6854e-06
36940.0	5.75007e-06
36950.0	5.87476e-06
36960.0	6.02898e-06
36970.0	6.19608e-06
36980.0	6.37958e-06
36990.0	7.06055e-06
37000.0	7.90914e-06
37010.0	8.61956e-06
37020.0	9.95776e-06
37030.0	1.1236e-05
37040.0	1.23687e-05
37050.0	1.32359e-05
37060.0	1.46969e-05
37070.0	1.61194e-05
37080.0	1.72992e-05
37090.0	1.78533e-05
37100.0	1.86491e-05
37110.0	1.93961e-05
37120.0	2.00035e-05
37130.0	2.03089e-05
37140.0	2.11353e-05
37150.0	2.19689e-05
37160.0	2.26617e-05
37170.0	2.32484e-05
37180.0	2.46384e-05
37190.0	2.6065e-05
37200.0	2.71446e-05
37210.0	2.76001e-05
37220.0	2.75207e-05
37230.0	2.69558e-05
37240.0	2.59173e-05
37250.0	2.54188e-05
37260.0	2.52855e-05
37270.0	2.5089e-05
37280.0	2.43066e-05
37290.0	2.32094e-05
37300.0	2.20019e-05
37310.0	2.07488e-05
37320.0	1.95475e-05
37330.0	1.9397e-05
37340.0	1.89335e-05
37350.0	1.79852e-05
37360.0	1.65091e-05
37370.0	1.54499e-05
37380.0	1.4545e-05
37390.0	1.37019e-05
37400.0	1.27523e-05
37410.0	1.2721e-05
37420.0	1.28239e-05
37430.0	1.28159e-05
37440.0	1.30797e-05
37450.0	1.4593e-05
37460.0	1.61629e-05
37470.0	1.71044e-05
37480.0	1.77139e-05
37490.0	1.79919e-05
37500.0	1.79025e-05
37510.0	1.73835e-05
37520.0	1.68236e-05
37530.0	1.65162e-05
37540.0	1.61844e-05
37550.0	1.54058e-05
37560.0	1.43084e-05
37570.0	1.3728e-05
37580.0	1.35092e-05
37590.0	1.31663e-05
37600.0	1.38105e-05
37610.0	1.47074e-05
37620.0	1.56108e-05
37630.0	1.60577e-05
37640.0	1.65909e-05
37650.0	1.68607e-05
37660.0	1.68042e-05
37670.0	1.66951e-05
37680.0	1.696e-05
37690.0	1.75633e-05
37700.0	1.84579e-05
37710.0	1.89961e-05
37720.0	1.98783e-05
37730.0	2.07941e-05
37740.0	2.15222e-05
37750.0	2.19322e-05
37760.0	2.29498e-05
37770.0	2.40534e-05
37780.0	2.46453e-05
37790.0	2.46786e-05
37800.0	2.48422e-05
37810.0	2.50138e-05
37820.0	2.4912e-05
37830.0	2.45097e-05
37840.0	2.47448e-05
37850.0	2.53831e-05
37860.0	2.54616e-05
37870.0	2.54026e-05
37880.0	2.59468e-05
37890.0	2.69725e-05
37900.0	2.71263e-05
37910.0	2.63579e-05
37920.0	2.57077e-05
37930.0	2.54558e-05
37940.0	2.47631e-05
37950.0	2.39368e-05
37960.0	2.36846e-05
37970.0	2.4337e-05
37980.0	2.34816e-05
37990.0	2.22653e-05
38000.0	2.12532e-05
38010.0	2.09638e-05
38020.0	2.04373e-05
38030.0	1.97191e-05
38040.0	1.91112e-05
38050.0	1.90568e-05
38060.0	1.81534e-05
38070.0	1.67771e-05
38080.0	1.5407e-05
38090.0	1.5053e-05
38100.0	1.42779e-05
38110.0	1.35339e-05
38120.0	1.29839e-05
38130.0	1.29661e-05
38140.0	1.25195e-05
38150.0	1.19393e-05
38160.0	1.13743e-05
38170.0	1.12574e-05
38180.0	1.09095e-05
38190.0	1.05849e-05
38200.0	1.04172e-05
38210.0	1.06586e-05
38220.0	1.06456e-05
38230.0	1.06487e-05
38240.0	1.08665e-05
38250.0	1.19744e-05
38260.0	1.29605e-05
38270.0	1.39279e-05
38280.0	1.49903e-05
38290.0	1.68719e-05
38300.0	1.83696e-05
38310.0	1.97685e-05
38320.0	2.16452e-05
38330.0	2.45934e-05
38340.0	2.70431e-05
38350.0	2.88531e-05
38360.0	3.00645e-05
38370.0	3.10622e-05
38380.0	3.15959e-05
38390.0	3.17342e-05
38400.0	3.20258e-05
38410.0	3.3536e-05
38420.0	3.4421e-05
38430.0	3.40926e-05
38440.0	3.30869e-05
38450.0	3.30685e-05
38460.0	3.30148e-05
38470.0	3.23925e-05
38480.0	3.17148e-05
38490.0	3.2043e-05
38500.0	3.23908e-05
38510.0	3.19164e-05
38520.0	3.0502e-05
38530.0	3.05542e-05
38540.0	3.11273e-05
38550.0	3.0929e-05
38560.0	2.97494e-05
38570.0	2.97026e-05
38580.0	3.04162e-05
38590.0	3.08412e-05
38600.0	3.09429e-05
38610.0	3.1675e-05
38620.0	3.30364e-05
38630.0	3.45652e-05
38640.0	3.51655e-05
38650.0	3.61298e-05
38660.0	3.76219e-05
38670.0	3.85747e-05
38680.0	3.86099e-05
38690.0	3.9118e-05
38700.0	4.05593e-05
38710.0	4.11413e-05
38720.0	4.06906e-05
38730.0	4.00332e-05
38740.0	3.97025e-05
38750.0	3.94949e-05
38760.0	3.84042e-05
38770.0	3.74738e-05
38780.0	3.78344e-05
38790.0	3.77115e-05
38800.0	3.63063e-05
38810.0	3.44882e-05
38820.0	3.37327e-05
38830.0	3.41874e-05
38840.0	3.42066e-05
38850.0	3.38726e-05
38860.0	3.38385e-05
38870.0	3.4624e-05
38880.0	3.47557e-05
38890.0	3.42442e-05
38900.0	3.4401e-05
38910.0	3.60393e-05
38920.0	3.73185e-05
38930.0	3.76762e-05
38940.0	3.75509e-05
38950.0	3.8445e-05
38960.0	3.89334e-05
38970.0	3.8297e-05
38980.0	3.75145e-05
38990.0	3.77659e-05
39000.0	3.81854e-05
39010.0	3.80736e-05
39020.0	3.73428e-05
39030.0	3.75357e-05
39040.0	3.81478e-05
39050.0	3.85328e-05
39060.0	3.74455e-05
39070.0	3.73085e-05
39080.0	3.78662e-05
39090.0	3.83268e-05
39100.0	3.72721e-05
39110.0	3.69051e-05
39120.0	3.72519e-05
39130.0	3.73932e-05
39140.0	3.58912e-05
39150.0	3.45907e-05
39160.0	3.39563e-05
39170.0	3.39733e-05
39180.0	3.3096e-05
39190.0	3.22059e-05
39200.0	3.17803e-05
39210.0	3.30867e-05
39220.0	3.33958e-05
39230.0	3.32355e-05
39240.0	3.29628e-05
39250.0	3.44639e-05
39260.0	3.46951e-05
39270.0	3.41079e-05
39280.0	3.30978e-05
39290.0	3.40689e-05
39300.0	3.46225e-05
39310.0	3.45962e-05
39320.0	3.37907e-05
39330.0	3.39007e-05
39340.0	3.38368e-05
39350.0	3.33105e-05
39360.0	3.18143e-05
39370.0	3.15871e-05
39380.0	3.20627e-05
39390.0	3.26279e-05
39400.0	3.11519e-05
39410.0	3.04372e-05
39420.0	3.02272e-05
39430.0	3.02256e-05
39440.0	2.87509e-05
39450.0	2.82837e-05
39460.0	2.86697e-05
39470.0	2.97858e-05
39480.0	3.00766e-05
39490.0	2.98752e-05
39500.0	3.0141e-05
39510.0	3.16596e-05
39520.0	3.1916e-05
39530.0	3.11254e-05
39540.0	3.0658e-05
39550.0	3.23017e-05
39560.0	3.33993e-05
39570.0	3.35889e-05
39580.0	3.34931e-05
39590.0	3.43712e-05
39600.0	3.57654e-05
39610.0	3.63411e-05
39620.0	3.63429e-05
39630.0	3.70911e-05
39640.0	3.99519e-05
39650.0	4.18771e-05
39660.0	4.23713e-05
39670.0	4.27606e-05
39680.0	4.50479e-05
39690.0	4.70507e-05
39700.0	4.79575e-05
39710.0	4.8406e-05
39720.0	5.01676e-05
39730.0	5.2298e-05
39740.0	5.41647e-05
39750.0	5.35071e-05
39760.0	5.3901e-05
39770.0	5.49734e-05
39780.0	5.64114e-05
39790.0	5.40472e-05
39800.0	5.27514e-05
39810.0	5.23609e-05
39820.0	5.2504e-05
39830.0	4.97577e-05
39840.0	4.6529e-05
39850.0	4.3389e-05
39860.0	4.12009e-05
39870.0	3.6704e-05
39880.0	3.15051e-05
39890.0	2.63836e-05
39900.0	2.33162e-05
39910.0	1.92712e-05
39920.0	1.46814e-05
39930.0	9.98175e-06
39940.0	7.36693e-06
39950.0	5.66964e-06
39960.0	4.12581e-06
39970.0	2.49728e-06
39980.0	2.7132e-06
39990.0	3.64728e-06
40000.0	4.52204e-06
40010.0	4.7468e-06
40020.0	5.05138e-06
40030.0	5.92573e-06
40039.99999999999	7.25956e-06
40050.0	8.95278e-06
40060.0	1.00272e-05
40070.0	1.17969e-05
40080.0	1.44868e-05
40090.0	1.8493e-05
40100.0	2.09665e-05
40110.0	2.39061e-05
40119.99999999999	2.76645e-05
40130.0	3.25915e-05
40140.0	3.46845e-05
40150.0	3.59344e-05
40160.0	3.70343e-05
40170.0	3.92131e-05
40180.0	4.05632e-05
40190.0	4.04761e-05
40199.99999999999	3.90725e-05
40210.0	4.02657e-05
40220.0	4.15209e-05
40230.0	4.14736e-05
40240.0	3.93923e-05
40250.0	4.00632e-05
40260.0	4.13255e-05
40270.0	4.19389e-05
40279.99999999999	4.06784e-05
40290.0	3.87852e-05
40300.0	3.95128e-05
40310.0	4.09822e-05
40320.0	4.03072e-05
40330.0	3.68062e-05
40340.0	3.50225e-05
40350.0	3.50727e-05
40359.99999999999	3.64859e-05
40370.0	3.66138e-05
40380.0	3.748e-05
40390.0	3.99109e-05
40400.0	4.58273e-05
40410.00000000001	4.76099e-05
40420.0	4.86007e-05
40430.0	5.02471e-05
40439.99999999999	5.57666e-05
40450.0	6.008e-05
40460.0	6.26584e-05
40470.0	6.33844e-05
40480.0	6.541e-05
40490.00000000001	6.88035e-05
40500.0	7.04173e-05
40510.0	6.78899e-05
40519.99999999999	6.86062e-05
40530.0	7.15921e-05
40540.0	7.50036e-05
40550.0	7.66921e-05
40560.0	7.77406e-05
40570.00000000001	8.10833e-05
40580.0	8.65405e-05
40590.0	9.37313e-05
40599.99999999999	9.74023e-05
40610.0	0.000103845
40620.0	0.000113049
40630.0	0.000122946
40640.0	0.000130148
40650.00000000001	0.000137022
40660.0	0.000144875
40670.0	0.000157567
40679.99999999999	0.000169017
40690.0	0.000177857
40700.0	0.000184204
40710.0	0.000194469
40720.0	0.000203781
40730.00000000001	0.000211384
40740.0	0.000216816
40750.0	0.000222068
40759.99999999999	0.000230836
40770.0	0.000239178
40780.0	0.000243483
40790.0	0.000245891
40800.0	0.000251593
40810.00000000001	0.000259356
40820.0	0.000267448
40830.0	0.000273839
40839.99999999999	0.000281942
40850.0	0.000292998
40860.0	0.000309531
40870.0	0.00032148
40880.0	0.000334244
40890.00000000001	0.000349288
40900.0	0.000368812
40910.0	0.000389801
40920.0	0.00040953
40930.0	0.000428187
40940.0	0.000451988
40950.0	0.00047991
40960.0	0.000507576
40970.00000000001	0.000533393
40980.0	0.000562975
40990.0	0.000597105
41000.0	0.00063385
41010.0	0.000671939
41020.0	0.00070558
41030.0	0.000745313
41040.0	0.000789451
41050.00000000001	0.000836431
41060.0	0.000883014
41070.0	0.00093171
41080.0	0.000984385
41090.0	0.00104465
41100.0	0.00110704
41110.0	0.00117013
41120.0	0.0012364
41130.00000000001	0.00131362
41140.0	0.00139739
41150.0	0.00148409
41160.0	0.00157349
41170.0	0.00166782
41180.0	0.00177669
41190.0	0.001892
41200.0	0.00201173
41210.00000000001	0.00214107
41220.0	0.00228453
41230.0	0.00244076
41240.0	0.00260981
41250.0	0.00278982
41260.0	0.00298382
41270.0	0.00319457
41280.0	0.00342578
41289.99999999999	0.00367839
41300.0	0.00394776
41310.0	0.0042369
41320.0	0.00455183
41330.0	0.00490807
41340.0	0.00528749
41350.0	0.00569385
41360.0	0.00614048
41369.99999999999	0.00664334
41380.0	0.00718959
41390.0	0.00777976
41400.0	0.00842593
41410.0	0.00915166
41420.0	0.00994538
41430.0	0.0108087
41440.0	0.0117692
41449.99999999999	0.0128343
41460.0	0.014
41470.0	0.0152746
41480.0	0.0167233
41490.0	0.0183202
41500.0	0.0200691
41510.0	0.0219868
41520.0	0.0241944
41529.99999999999	0.0266274
41540.0	0.0292967
41550.0	0.0322361
41560.0	0.0356353
41570.0	0.0393863
41580.0	0.0435133
41590.0	0.0481058
41600.0	0.0533724
41609.99999999999	0.059193
41620.0	0.0656075
41630.0	0.0728054
41640.0	0.0809782
41650.0	0.0899743
41660.00000000001	0.0998442
41670.0	0.110973
41680.0	0.123422
41689.99999999999	0.136999
41700.0	0.15176
41710.0	0.168301
41720.0	0.186396
41730.0	0.205878
41740.00000000001	0.226774
41750.0	0.249802
41760.0	0.274317
41769.99999999999	0.300174
41780.0	0.327339
41790.0	0.356283
41800.0	0.386223
41810.0	0.417048
41820.00000000001	0.448644
41830.0	0.480714
41840.0	0.512769
41849.99999999999	0.544645
41860.0	0.576037
41870.0	0.60641
41880.0	0.635737
41890.0	0.663817
41900.00000000001	0.690005
41910.0	0.713948
41920.0	0.73603
41929.99999999999	0.756208
41940.0	0.773836
41950.0	0.789168
41960.0	0.802605
41970.0	0.814182
41980.00000000001	0.823251
41990.0	0.830576
42000.0	0.8365
42009.99999999999	0.841151
42020.0	0.844142
42030.0	0.846191
42040.0	0.847428
42050.0	0.847918
42060.00000000001	0.847631
42070.0	0.846989
42080.0	0.846051
42089.99999999999	0.844859
42100.0	0.843509
42110.0	0.842122
42120.0	0.840732
42130.0	0.839392
42140.00000000001	0.838181
42150.0	0.837102
42160.0	0.836168
42170.0	0.835445
42180.0	0.834938
42190.0	0.83461
42200.0	0.834465
42210.0	0.834567
42220.00000000001	0.834873
42230.0	0.835347
42240.0	0.835983
42250.0	0.836848
42260.0	0.837853
42270.0	0.83898
42280.0	0.840219
42290.0	0.841609
42300.00000000001	0.843079
42310.0	0.844621
42320.0	0.846228
42330.0	0.847887
42340.0	0.84957
42350.0	0.85127
42360.0	0.852981
42370.0	0.854681
42380.00000000001	0.856363
42390.0	0.85802
42400.0	0.859633
42410.0	0.861179
42420.0	0.862662
42430.0	0.864076
42440.0	0.865384
42450.0	0.866585
42460.00000000001	0.867682
42470.0	0.868665
42480.0	0.869469
42490.0	0.870117
42500.0	0.870621
42510.0	0.870978
42520.0	0.871088
42530.0	0.871011
42539.99999999999	0.870748
42550.0	0.870286
42560.0	0.869519
42570.0	0.868543
42580.0	0.867347
42590.0	0.865887
42600.0	0.864078
42610.0	0.862012
42619.99999999999	0.859682
42630.0	0.857027
42640.0	0.853984
42650.0	0.850642
42660.0	0.847001
42670.0	0.842979
42680.0	0.83863
42690.0	0.834085
42699.99999999999	0.829403
42710.0	0.824736
42720.0	0.820314
42730.0	0.816225
42740.0	0.812558
42750.0	0.809781
42760.0	0.80772
42770.0	0.806276
42779.99999999999	0.805419
42790.0	0.805293
42800.0	0.805477
42810.0	0.805854
42820.0	0.806296
42830.0	0.806554
42840.0	0.806532
42850.0	0.806161
42859.99999999999	0.805279
42870.0	0.80379
42880.0	0.801951
42890.0	0.799814
42900.0	0.797411
42910.00000000001	0.794904
42920.0	0.792408
42930.0	0.789957
42939.99999999999	0.787614
42950.0	0.785398
42960.0	0.783295
42970.0	0.781311
42980.0	0.779505
42990.00000000001	0.777857
43000.0	0.776349
43010.0	0.774987
43019.99999999999	0.77385
43030.0	0.772877
43040.0	0.772064
43050.0	0.77142
43060.0	0.771023
43070.00000000001	0.770792
43080.0	0.770725
43090.0	0.770842
43099.99999999999	0.771189
43110.0	0.771692
43120.0	0.772348
43130.0	0.773182
43140.0	0.774202
43150.00000000001	0.775351
43160.0	0.776622
43170.0	0.778039
43179.99999999999	0.779582
43190.0	0.781213
43200.0	0.782926
43210.0	0.784716
43220.0	0.786551
43230.00000000001	0.78841
43240.0	0.790282
43250.0	0.79214
43259.99999999999	0.793954
43270.0	0.79571
43280.0	0.797397
43290.0	0.798937
43300.0	0.800355
43310.00000000001	0.801634
43320.0	0.802745
43330.0	0.803596
43339.99999999999	0.804249
43350.0	0.804695
43360.0	0.804885
43370.0	0.804741
43380.0	0.804348
43390.00000000001	0.803701
43400.0	0.802735
43410.0	0.801423
43420.0	0.799849
43430.0	0.798015
43440.0	0.795846
43450.0	0.793382
43460.0	0.790687
43470.00000000001	0.787773
43480.0	0.784583
43490.0	0.781198
43500.0	0.777659
43510.0	0.773981
43520.0	0.770146
43530.0	0.76625
43540.0	0.762312
43550.00000000001	0.758351
43560.0	0.754407
43570.0	0.750531
43580.0	0.746738
43590.0	0.743061
43600.0	0.739583
43610.0	0.736273
43620.0	0.733147
43630.00000000001	0.730268
43640.0	0.72768
43650.0	0.725312
43660.0	0.723162
43670.0	0.721296
43680.0	0.719655
43690.0	0.718157
43700.0	0.716781
43710.00000000001	0.715505
43720.0	0.714202
43730.0	0.712791
43740.0	0.711213
43750.0	0.709243
43760.0	0.706835
43770.0	0.703907
43780.0	0.700362
43789.99999999999	0.695652
43800.0	0.690038
43810.0	0.683457
43820.0	0.675751
43830.0	0.666258
43840.0	0.655494
43850.0	0.643434
43860.0	0.629877
43869.99999999999	0.614379
43880.0	0.597543
43890.0	0.57941
43900.0	0.559756
43910.0	0.538644
43920.0	0.516477
43930.0	0.493356
43940.0	0.469233
43949.99999999999	0.444464
43960.0	0.419318
43970.0	0.393901
43980.0	0.368411
43990.0	0.343194
44000.0	0.318365
44010.0	0.294004
44020.0	0.270562
44029.99999999999	0.248075
44040.0	0.226539
44050.0	0.206016
44060.0	0.187128
44070.0	0.169359
44080.0	0.152734
44090.0	0.137402
44100.0	0.123659
44109.99999999999	0.110976
44120.0	0.0993244
44130.0	0.088867
44140.0	0.0796334
44150.0	0.0712255
44160.00000000001	0.0636
44170.0	0.0568853
44180.0	0.0509632
44189.99999999999	0.045612
44200.0	0.0407916
44210.0	0.0366028
44220.0	0.0328872
44230.0	0.0295314
44240.00000000001	0.0265094
44250.0	0.0239044
44260.0	0.0215727
44269.99999999999	0.0194636
44280.0	0.0175581
44290.0	0.0159206
44300.0	0.0144345
44310.0	0.0130861
44320.00000000001	0.0118734
44330.0	0.0108145
44340.0	0.00984924
44349.99999999999	0.00897029
44360.0	0.00817877
44370.0	0.00748133
44380.0	0.00684019
44390.0	0.0062526
44400.00000000001	0.00572639
44410.0	0.00525685
44420.0	0.00482646
44429.99999999999	0.00443229
44440.0	0.00407808
44450.0	0.00375705
44460.0	0.00346195
44470.0	0.00319133
44480.00000000001	0.00294895
44490.0	0.00272773
44500.0	0.00252227
44509.99999999999	0.00233088
44520.0	0.0021624
44530.0	0.00200552
44540.0	0.00185981
44550.0	0.0017257
44560.00000000001	0.00160256
44570.0	0.00148967
44580.0	0.00138523
44589.99999999999	0.00128774
44600.0	0.00119908
44610.0	0.00111492
44620.0	0.00103544
44630.0	0.000962311
44640.00000000001	0.000895941
44650.0	0.000832817
44660.0	0.000772799
44670.0	0.000717643
44680.0	0.000665575
44690.0	0.000617972
44700.0	0.000574756
44710.0	0.000532855
44720.00000000001	0.000495184
44730.0	0.000459826
44740.0	0.000426394
44750.0	0.000398583
44760.0	0.000371447
44770.0	0.000345372
44780.0	0.00032075
44790.0	0.000299275
44800.00000000001	0.000280818
44810.0	0.000265032
44820.0	0.000251774
44830.0	0.00023797
44840.0	0.000226314
44850.0	0.000216001
44860.0	0.000205614
44870.0	0.000197503
44880.00000000001	0.000188204
44890.0	0.000178211
44900.0	0.000169771
44910.0	0.000161441
44920.0	0.000153646
44930.0	0.000146055
44940.0	0.000136867
44950.0	0.000126676
44960.00000000001	0.00011753
44970.0	0.000109981
44980.0	0.000102827
44990.0	9.64198e-05
45000.0	8.92807e-05
45010.0	8.08511e-05
45020.0	7.6054e-05
45030.0	7.0588e-05
45039.99999999999	6.53051e-05
45050.0	6.09276e-05
45060.0	5.48589e-05
45070.0	4.96891e-05
45080.0	4.5024e-05
45090.0	4.0361e-05
45100.0	3.65163e-05
45110.0	3.25094e-05
45119.99999999999	2.78971e-05
45130.0	2.18307e-05
45140.0	1.81677e-05
45150.0	1.51923e-05
45160.0	1.26319e-05
45170.0	1.04427e-05
45180.0	7.11944e-06
45190.0	5.76047e-06
45199.99999999999	6.59207e-06
45210.0	6.33997e-06
45220.0	6.10715e-06
45230.0	5.71116e-06
45240.0	5.18109e-06
45250.0	5.74263e-06
45260.0	5.95168e-06
45270.0	5.994e-06
45279.99999999999	5.97494e-06
45290.0	5.75698e-06
45300.0	5.26341e-06
45310.0	5.12085e-06
45320.0	6.00478e-06
45330.0	6.03076e-06
45340.0	5.58222e-06
45350.0	5.07101e-06
45359.99999999999	5.14615e-06
45370.0	5.86744e-06
45380.0	6.22207e-06
45390.0	6.20965e-06
45400.0	6.05245e-06
45410.00000000001	5.2251e-06
45420.0	4.61841e-06
45430.0	4.38434e-06
45439.99999999999	4.46257e-06
45450.0	4.45892e-06
45460.0	3.90206e-06
45470.0	2.78465e-06
45480.0	2.28011e-06
45490.00000000001	2.13657e-06
45500.0	2.12021e-06
45510.0	2.09501e-06
45519.99999999999	1.64838e-06
45530.0	1.37648e-06
45540.0	1.29626e-06
45550.0	1.43361e-06
45560.0	1.60736e-06
45570.00000000001	1.92307e-06
45580.0	2.34771e-06
45590.0	2.84743e-06
45599.99999999999	3.01968e-06
45610.0	3.08203e-06
45620.0	3.08665e-06
45630.0	3.10523e-06
45640.0	3.09272e-06
45650.00000000001	3.65095e-06
45660.0	4.50075e-06
45670.0	4.50319e-06
45679.99999999999	4.22248e-06
45690.0	3.87615e-06
45700.0	3.62963e-06
45710.0	4.09461e-06
45720.0	4.23466e-06
45730.00000000001	4.2542e-06
45740.0	4.20495e-06
45750.0	3.8427e-06
45759.99999999999	3.11447e-06
45770.0	2.7739e-06
45780.0	3.27102e-06
45790.0	3.1507e-06
45800.0	2.77935e-06
45810.00000000001	2.45962e-06
45820.0	2.49587e-06
45830.0	3.15946e-06
45839.99999999999	3.44868e-06
45850.0	3.47877e-06
45860.0	3.44765e-06
45870.0	3.13078e-06
45880.0	3.05956e-06
45890.00000000001	3.33552e-06
45900.0	4.12189e-06
45910.0	4.71362e-06
45920.0	5.00749e-06
45930.0	5.16908e-06
45940.0	5.9382e-06
45950.0	6.87849e-06
45960.0	7.70425e-06
45970.00000000001	8.31226e-06
45980.0	8.61953e-06
45990.0	8.60685e-06
46000.0	8.25447e-06
46010.0	7.56426e-06
46020.0	6.99826e-06
46030.0	6.33957e-06
46040.0	5.35817e-06
46050.00000000001	3.86317e-06
46060.0	3.1925e-06
46070.0	2.5423e-06
46080.0	1.98397e-06
46090.0	1.61391e-06
46100.0	9.20433e-07
46110.0	5.79972e-07
46120.0	5.10536e-07
46130.00000000001	5.10413e-07
46140.0	5.104e-07
46150.0	5.09199e-07
46160.0	4.37343e-07
46170.0	7.5412e-08
46180.0	1.31215e-08
46190.0	0.0
46200.0	0.0
46210.00000000001	0.0
46220.0	0.0
46230.0	0.0
46240.0	0.0
46250.0	0.0
46260.0	0.0
46270.0	1.20205e-08
46280.0	2.51887e-08
46289.99999999999	2.77986e-07
46300.0	6.24837e-07
46310.0	8.95297e-07
46320.0	9.21277e-07
46330.0	9.21946e-07
46340.0	9.4818e-07
46350.0	9.86967e-07
46360.0	1.01789e-06
46369.99999999999	1.02021e-06
46380.0	1.01719e-06
46390.0	9.58136e-07
46400.0	7.11328e-07
46410.0	1.44524e-06
46420.0	2.73295e-06
46430.0	4.37066e-06
46440.0	5.88247e-06
46449.99999999999	7.08314e-06
46460.0	8.34312e-06
46470.0	9.7767e-06
46480.0	1.1412e-05
46490.0	1.27427e-05
46500.0	1.39644e-05
46510.0	1.50978e-05
46520.0	1.51851e-05
46529.99999999999	1.53505e-05
46540.0	1.55034e-05
46550.0	1.55755e-05
46560.0	1.54775e-05
46570.0	1.52705e-05
46580.0	1.50435e-05
46590.0	1.49014e-05
46600.0	1.58754e-05
46609.99999999999	1.6435e-05
46620.0	1.66055e-05
46630.0	1.65379e-05
46640.0	1.62666e-05
46650.0	1.64563e-05
46660.00000000001	1.72165e-05
46670.0	1.86834e-05
46680.0	1.97193e-05
46689.99999999999	2.06055e-05
46700.0	2.13591e-05
46710.0	2.17527e-05
46720.0	2.30019e-05
46730.0	2.43921e-05
46740.00000000001	2.56074e-05
46750.0	2.61075e-05
46760.0	2.6434e-05
46769.99999999999	2.66299e-05
46780.0	2.67315e-05
46790.0	2.7241e-05
46800.0	2.7137e-05
46810.0	2.65662e-05
46820.00000000001	2.56285e-05
46830.0	2.48269e-05
46840.0	2.42768e-05
46849.99999999999	2.39629e-05
46860.0	2.38816e-05
46870.0	2.29785e-05
46880.0	2.20178e-05
46890.0	2.11781e-05
46900.00000000001	2.07342e-05
46910.0	2.08996e-05
46920.0	2.11904e-05
46929.99999999999	2.14104e-05
46940.0	2.11239e-05
46950.0	2.12087e-05
46960.0	2.15642e-05
46970.0	2.2156e-05
46980.00000000001	2.29134e-05
46990.0	2.33927e-05
47000.0	2.35774e-05
47009.99999999999	2.35067e-05
47020.0	2.39911e-05
47030.0	2.44958e-05
47040.0	2.49342e-05
47050.0	2.52355e-05
47060.00000000001	2.49764e-05
47070.0	2.47046e-05
47080.0	2.47316e-05
47089.99999999999	2.54385e-05
47100.0	2.58913e-05
47110.0	2.60649e-05
47120.0	2.5843e-05
47130.0	2.49735e-05
47140.00000000001	2.41294e-05
47150.0	2.34223e-05
47160.0	2.26827e-05
47170.0	2.13899e-05
47180.0	1.98153e-05
47190.0	1.79833e-05
47200.0	1.6072e-05
47210.0	1.48994e-05
47220.00000000001	1.42527e-05
47230.0	1.37214e-05
47240.0	1.31813e-05
47250.0	1.27743e-05
47260.0	1.26104e-05
47270.0	1.28233e-05
47280.0	1.34718e-05
47290.0	1.37204e-05
47300.00000000001	1.34769e-05
47310.0	1.29286e-05
47320.0	1.22169e-05
47330.0	1.14269e-05
47340.0	1.08353e-05
47350.0	1.01911e-05
47360.0	9.12797e-06
47370.0	7.77382e-06
47380.00000000001	6.60747e-06
47390.0	5.81861e-06
47400.0	5.7873e-06
47410.0	6.31571e-06
47420.0	6.77845e-06
47430.0	7.09504e-06
47440.0	7.32001e-06
47450.0	7.84842e-06
47460.00000000001	8.48703e-06
47470.0	9.11658e-06
47480.0	9.31831e-06
47490.0	9.03015e-06
47500.0	8.40428e-06
47510.0	7.52143e-06
47520.0	6.75844e-06
47530.0	5.85881e-06
47539.99999999999	4.88489e-06
47550.0	3.87054e-06
47560.0	2.51988e-06
47570.0	1.45006e-06
47580.0	7.93088e-07
47590.0	7.30588e-07
47600.0	7.30284e-07
47610.0	7.29347e-07
47619.99999999999	6.55832e-07
47630.0	3.81616e-07
47640.0	3.65176e-07
47650.0	5.1008e-07
47660.0	7.10913e-07
47670.0	7.13619e-07
47680.0	7.09549e-07
47690.0	6.43045e-07
47699.99999999999	5.92508e-07
47710.0	9.64888e-07
47720.0	1.24044e-06
47730.0	1.37953e-06
47740.0	1.37969e-06
47750.0	1.36354e-06
47760.0	1.17077e-06
47770.0	1.04567e-06
47779.99999999999	1.11703e-06
47790.0	1.25575e-06
47800.0	1.22183e-06
47810.0	1.02497e-06
47820.0	6.61702e-07
47830.0	9.94972e-07
47840.0	1.6784e-06
47850.0	2.33342e-06
47859.99999999999	2.44403e-06
47870.0	2.45109e-06
47880.0	2.42675e-06
47890.0	2.5533e-06
47900.0	3.22418e-06
47910.00000000001	3.92353e-06
47920.0	4.27171e-06
47930.0	4.19474e-06
47939.99999999999	3.60418e-06
47950.0	2.77432e-06
47960.0	2.26445e-06
47970.0	2.16978e-06
47980.0	2.18023e-06
47990.00000000001	2.16305e-06
48000.0	1.80281e-06
48010.0	1.00094e-06
48019.99999999999	3.2503e-07
48030.0	1.58125e-07
48040.0	1.75585e-07
48050.0	1.76511e-07
48060.0	1.76511e-07
48070.00000000001	1.76297e-07
48080.0	1.79305e-07
48090.0	1.89429e-07
48099.99999999999	2.2469e-07
48110.0	2.38816e-07
48120.0	2.31621e-07
48130.0	2.03247e-07
48140.0	1.29254e-07
48150.00000000001	9.44136e-08
48160.0	9.35745e-08
48170.0	9.35745e-08
48179.99999999999	9.34873e-08
48190.0	8.27445e-08
48200.0	5.86914e-08
48210.0	1.84348e-08
48220.0	1.02584e-08
48230.00000000001	0.0
48240.0	0.0
48250.0	0.0
48259.99999999999	0.0
48270.0	0.0
48280.0	0.0
48290.0	0.0
48300.0	0.0
48310.00000000001	0.0
48320.0	0.0
48330.0	0.0
48339.99999999999	0.0
48350.0	0.0
48360.0	0.0
48370.0	0.0
48380.0	0.0
48390.00000000001	1.10118e-08
48400.0	1.52214e-08
48410.0	1.04949e-07
48420.0	2.76007e-07
48430.0	5.36154e-07
48440.0	9.19543e-07
48450.0	1.18641e-06
48460.0	1.50206e-06
48470.00000000001	1.93907e-06
48480.0	2.67012e-06
48490.0	3.13939e-06
48500.0	3.38693e-06
48510.0	3.42572e-06
48520.0	3.32594e-06
48530.0	3.13392e-06
48540.0	2.95835e-06
48550.00000000001	2.86864e-06
48560.0	2.84253e-06
48570.0	2.69418e-06
48580.0	2.38161e-06
48590.0	1.84772e-06
48600.0	1.83159e-06
48610.0	2.5787e-06
48620.0	3.66842e-06
48630.00000000001	4.4475e-06
48640.0	4.998e-06
48650.0	5.26935e-06
48660.0	5.37259e-06
48670.0	5.58409e-06
48680.0	6.09557e-06
48690.0	6.27246e-06
48700.0	6.05326e-06
48710.00000000001	5.65843e-06
48720.0	4.56222e-06
48730.0	3.52445e-06
48740.0	2.80201e-06
48750.0	2.52806e-06
48760.0	2.63353e-06
48770.0	2.8213e-06
48780.0	2.94651e-06
48789.99999999999	2.99322e-06
48800.0	3.73158e-06
48810.0	4.8806e-06
48820.0	6.24823e-06
48830.0	7.10993e-06
48840.0	7.69759e-06
48850.0	8.06986e-06
48860.0	8.2828e-06
48869.99999999999	8.14699e-06
48880.0	7.91206e-06
48890.0	7.50638e-06
48900.0	6.74081e-06
48910.0	5.72809e-06
48920.0	4.50865e-06
48930.0	3.23748e-06
48940.0	2.37628e-06
48949.99999999999	1.91456e-06
48960.0	1.71101e-06
48970.0	1.69901e-06
48980.0	1.69273e-06
48990.0	1.97312e-06
49000.0	2.82631e-06
49010.0	4.33816e-06
49020.0	6.02127e-06
49029.99999999999	7.41765e-06
49040.0	8.53551e-06
49050.0	9.37156e-06
49060.0	1.02105e-05
49070.0	1.11768e-05
49080.0	1.23462e-05
49090.0	1.38086e-05
49100.0	1.51404e-05
49109.99999999999	1.56653e-05
49120.0	1.56534e-05
49130.0	1.54991e-05
49140.0	1.61804e-05
49150.0	1.69934e-05
49160.00000000001	1.77122e-05
49170.0	1.79343e-05
49180.0	1.67016e-05
49189.99999999999	1.50238e-05
49200.0	1.31413e-05
49210.0	1.12851e-05
49220.0	9.71403e-06
49230.0	8.21922e-06
49240.00000000001	6.69301e-06
49250.0	4.81251e-06
49260.0	3.29466e-06
49269.99999999999	2.21874e-06
49280.0	1.68695e-06
49290.0	2.2909e-06
49300.0	2.59806e-06
49310.0	2.73277e-06
49320.00000000001	2.77848e-06
49330.0	2.93997e-06
49340.0	3.24752e-06
49349.99999999999	3.66225e-06
49360.0	4.14565e-06
49370.0	3.90029e-06
49380.0	3.4779e-06
49390.0	2.93157e-06
49400.00000000001	2.29151e-06
49410.0	2.05559e-06
49420.0	1.88967e-06
49429.99999999999	1.72971e-06
49440.0	1.51191e-06
49450.0	1.11334e-06
49460.0	5.75516e-07
49470.0	1.91693e-08
49480.00000000001	1.15873e-08
49490.0	0.0
49500.0	0.0
49509.99999999999	0.0
49520.0	0.0
49530.0	0.0
49540.0	1.00512e-08
49550.0	1.1409e-08
49560.00000000001	4.72187e-08
49570.0	4.80802e-07
49580.0	1.0315e-06
49589.99999999999	1.44551e-06
49600.0	1.83732e-06
49610.0	2.28445e-06
49620.0	2.77442e-06
49630.0	3.29042e-06
49640.00000000001	3.79644e-06
49650.0	4.09049e-06
49660.0	4.20691e-06
49670.0	4.24605e-06
49680.0	3.90323e-06
49690.0	3.69571e-06
49700.0	3.67181e-06
49710.0	3.69009e-06
49720.00000000001	3.63618e-06
49730.0	3.54555e-06
49740.0	3.45907e-06
49750.0	3.58209e-06
49760.0	4.07494e-06
49770.0	4.5317e-06
49780.0	4.74995e-06
49790.0	4.56921e-06
49800.00000000001	4.24588e-06
49810.0	3.85458e-06
49820.0	3.44508e-06
49830.0	3.03477e-06
49840.0	2.63001e-06
49850.0	2.15887e-06
49860.0	1.5308e-06
49870.0	7.90705e-07
49880.00000000001	3.02747e-07
49890.0	5.38213e-08
49900.0	1.47759e-08
49910.0	1.03184e-08
49920.0	0.0
49930.0	0.0
49940.0	0.0
49950.0	0.0
49960.00000000001	1.74018e-08
49970.0	5.05308e-08
49980.0	1.90005e-07
49990.0	2.20625e-07
50000.0	2.22038e-07
50010.0	2.22038e-07
50020.0	2.22038e-07
50030.0	2.22038e-07
50039.99999999999	2.22038e-07
50050.0	2.22038e-07
50060.0	2.22038e-07
50070.0	2.11805e-07
50080.0	1.55036e-07
50090.0	1.55622e-08
50100.0	1.11388e-08
50110.0	1.24525e-08
50119.99999999999	1.60046e-08
50130.0	1.98946e-08
50140.0	2.04211e-08
50150.0	2.13825e-08
50160.0	2.78219e-08
50170.0	5.10597e-08
50180.0	5.66126e-08
50190.0	5.80731e-08
50199.99999999999	5.8036e-08
50210.0	5.78247e-08
50220.0	5.49717e-08
50230.0	5.13302e-08
50240.0	4.78775e-08
50250.0	4.75989e-08
50260.0	4.64137e-08
50270.0	3.5836e-08
50279.99999999999	1.39579e-08
50290.0	1.08737e-08
50300.0	0.0
50310.0	0.0
50320.0	0.0
50330.0	0.0
50340.0	0.0
50350.0	0.0
50359.99999999999	0.0
50370.0	0.0
50380.0	0.0
50390.0	0.0
50400.0	0.0
50410.00000000001	0.0
50420.0	0.0
50430.0	0.0
50439.99999999999	0.0
50450.0	0.0
50460.0	0.0
50470.0	0.0
50480.0	0.0
50490.00000000001	0.0
50500.0	0.0
50510.0	0.0
50519.99999999999	0.0
50530.0	0.0
50540.0	0.0
50550.0	0.0
50560.0	0.0
50570.00000000001	0.0
50580.0	1.00065e-08
50590.0	1.00254e-08
50599.99999999999	1.25815e-08
50610.0	2.48161e-08
50620.0	4.51279e-08
50630.0	7.19151e-08
50640.0	1.14527e-07
50650.00000000001	1.80332e-07
50660.0	2.47441e-07
50670.0	2.67184e-07
50679.99999999999	2.6996e-07
50690.0	2.70189e-07
50700.0	2.69709e-07
50710.0	2.67125e-07
50720.0	2.58661e-07
50730.00000000001	4.13975e-07
50740.0	7.45326e-07
50750.0	1.04222e-06
50759.99999999999	1.17437e-06
50770.0	1.21608e-06
50780.0	1.2011e-06
50790.0	1.20227e-06
50800.0	1.28802e-06
50810.00000000001	1.74559e-06
50820.0	2.7877e-06
50830.0	4.16106e-06
50839.99999999999	5.13132e-06
50850.0	5.77454e-06
50860.0	6.14376e-06
50870.0	6.73058e-06
50880.0	7.55075e-06
50890.00000000001	8.31513e-06
50900.0	8.52186e-06
50910.0	8.4829e-06
50920.0	7.87641e-06
50930.0	6.77108e-06
50940.0	5.39116e-06
50950.0	4.26887e-06
50960.0	3.48329e-06
50970.00000000001	2.94698e-06
50980.0	2.20272e-06
50990.0	1.28163e-06
51000.0	6.59475e-07
51010.0	4.6676e-07
51020.0	4.11151e-07
51030.0	3.95298e-07
51040.0	3.93406e-07
51050.00000000001	3.90099e-07
51060.0	3.36678e-07
51070.0	1.7312e-07
51080.0	2.9009e-08
51090.0	1.28945e-08
51100.0	1.09356e-08
51110.0	1.0139e-08
51120.0	0.0
51130.00000000001	0.0
51140.0	1.06691e-08
51150.0	3.11135e-08
51160.0	1.20496e-07
51170.0	3.86386e-07
51180.0	7.57034e-07
51190.0	9.58906e-07
51200.0	9.94597e-07
51210.00000000001	9.95192e-07
51220.0	1.00031e-06
51230.0	1.10581e-06
51240.0	1.36472e-06
51250.0	1.93216e-06
51260.0	2.77534e-06
51270.0	3.31963e-06
51280.0	3.33564e-06
51289.99999999999	3.06193e-06
51300.0	3.04118e-06
51310.0	3.14043e-06
51320.0	3.28308e-06
51330.0	3.52794e-06
51340.0	3.5389e-06
51350.0	3.28726e-06
51360.0	2.72115e-06
51369.99999999999	1.77835e-06
51380.0	1.24056e-06
51390.0	1.01054e-06
51400.0	9.18399e-07
51410.0	8.02742e-07
51420.0	6.71856e-07
51430.0	5.07529e-07
51440.0	2.56812e-07
51449.99999999999	1.28038e-07
51460.0	7.34661e-08
51470.0	7.14458e-08
51480.0	7.05635e-08
51490.0	4.97098e-08
51500.0	2.73415e-08
51510.0	1.06999e-08
51520.0	1.0138e-08
51529.99999999999	0.0
51540.0	0.0
51550.0	0.0
51560.0	0.0
51570.0	0.0
51580.0	0.0
51590.0	0.0
51600.0	1.06428e-08
51609.99999999999	2.20563e-08
51620.0	5.5014e-08
51630.0	1.25162e-07
51640.0	1.80313e-07
51650.0	2.42634e-07
51660.00000000001	3.2315e-07
51670.0	4.43342e-07
51680.0	6.6511e-07
51689.99999999999	1.03064e-06
51700.0	1.44935e-06
51710.0	1.61442e-06
51720.0	1.65401e-06
51730.0	1.62938e-06
51740.00000000001	1.56425e-06
51750.0	1.50996e-06
51760.0	1.45539e-06
51769.99999999999	1.52485e-06
51780.0	1.72057e-06
51790.0	1.49803e-06
51800.0	1.0893e-06
51810.0	7.2975e-07
51820.00000000001	5.67778e-07
51830.0	5.35255e-07
51840.0	5.22483e-07
51849.99999999999	5.20229e-07
51860.0	5.20177e-07
51870.0	5.07389e-07
51880.0	2.8267e-07
51890.0	2.25646e-08
51900.00000000001	1.09319e-08
51910.0	1.11139e-08
51920.0	5.33e-08
51929.99999999999	1.94603e-07
51940.0	5.80858e-07
51950.0	7.9728e-07
51960.0	9.8879e-07
51970.0	1.20752e-06
51980.00000000001	1.55789e-06
51990.0	2.02307e-06
52000.0	2.56044e-06
52009.99999999999	3.14348e-06
52020.0	3.6617e-06
52030.0	4.03304e-06
52040.0	4.29865e-06
52050.0	4.51715e-06
52060.00000000001	5.37768e-06
52070.0	6.44487e-06
52080.0	7.66744e-06
52089.99999999999	9.0122e-06
52100.0	9.76956e-06
52110.0	1.02485e-05
52120.0	1.06689e-05
52130.0	1.13e-05
52140.00000000001	1.23667e-05
52150.0	1.33512e-05
52160.0	1.41421e-05
52170.0	1.45577e-05
52180.0	1.46171e-05
52190.0	1.4442e-05
52200.0	1.42735e-05
52210.0	1.48125e-05
52220.00000000001	1.60776e-05
52230.0	1.72609e-05
52240.0	1.81322e-05
52250.0	1.84731e-05
52260.0	1.84893e-05
52270.0	1.8335e-05
52280.0	1.80762e-05
52290.0	1.78427e-05
52300.00000000001	1.72574e-05
52310.0	1.61833e-05
52320.0	1.45083e-05
52330.0	1.22416e-05
52340.0	1.01608e-05
52350.0	8.38261e-06
52360.0	7.03966e-06
52370.0	6.57707e-06
52380.00000000001	6.19203e-06
52390.0	5.69447e-06
52400.0	4.81088e-06
52410.0	4.17811e-06
52420.0	3.84264e-06
52430.0	3.7304e-06
52440.0	3.67916e-06
52450.0	3.73698e-06
52460.00000000001	3.87959e-06
52470.0	3.98987e-06
52480.0	3.62773e-06
52490.0	3.47445e-06
52500.0	3.84552e-06
52510.0	4.82271e-06
52520.0	6.25434e-06
52530.0	7.84286e-06
52539.99999999999	9.345e-06
52550.0	1.06202e-05
52560.0	1.13941e-05
52570.0	1.18736e-05
52580.0	1.24173e-05
52590.0	1.32941e-05
52600.0	1.44452e-05
52610.0	1.55573e-05
52619.99999999999	1.65634e-05
52630.0	1.73733e-05
52640.0	1.79111e-05
52650.0	1.87912e-05
52660.0	2.01176e-05
52670.0	2.20765e-05
52680.0	2.408e-05
52690.0	2.58946e-05
52699.99999999999	2.7357e-05
52710.0	2.80363e-05
52720.0	2.79141e-05
52730.0	2.76698e-05
52740.0	2.75167e-05
52750.0	2.77624e-05
52760.0	2.77731e-05
52770.0	2.74476e-05
52779.99999999999	2.67615e-05
52790.0	2.59394e-05
52800.0	2.5078e-05
52810.0	2.46045e-05
52820.0	2.48166e-05
52830.0	2.64133e-05
52840.0	2.77465e-05
52850.0	2.86666e-05
52859.99999999999	2.90036e-05
52870.0	2.86738e-05
52880.0	2.81196e-05
52890.0	2.74492e-05
52900.0	2.67988e-05
52910.00000000001	2.62441e-05
52920.0	2.52777e-05
52930.0	2.37714e-05
52939.99999999999	2.14729e-05
52950.0	1.95661e-05
52960.0	1.81146e-05
52970.0	1.72179e-05
52980.0	1.72418e-05
52990.00000000001	1.83699e-05
53000.0	1.98427e-05
53010.0	2.13884e-05
53019.99999999999	2.26164e-05
53030.0	2.41109e-05
53040.0	2.58619e-05
53050.0	2.78712e-05
53060.0	3.0042e-05
53070.00000000001	3.2304e-05
53080.0	3.4336e-05
53090.0	3.58842e-05
53099.99999999999	3.61439e-05
53110.0	3.63675e-05
53120.0	3.6789e-05
53130.0	3.76953e-05
53140.0	3.86234e-05
53150.00000000001	3.94063e-05
53160.0	3.98502e-05
53170.0	3.95817e-05
53179.99999999999	3.83289e-05
53190.0	3.70811e-05
53200.0	3.60241e-05
53210.0	3.53751e-05
53220.0	3.45053e-05
53230.00000000001	3.32895e-05
53240.0	3.16644e-05
53250.0	2.94567e-05
53259.99999999999	2.68103e-05
53270.0	2.43622e-05
53280.0	2.24196e-05
53290.0	2.16484e-05
53300.0	2.17236e-05
53310.00000000001	2.2166e-05
53320.0	2.27177e-05
53330.0	2.31304e-05
53339.99999999999	2.32822e-05
53350.0	2.35202e-05
53360.0	2.41554e-05
53370.0	2.59275e-05
53380.0	2.79355e-05
53390.00000000001	2.99053e-05
53400.0	3.14579e-05
53410.0	3.20188e-05
53420.0	3.22814e-05
53430.0	3.24869e-05
53440.0	3.30474e-05
53450.0	3.48582e-05
53460.0	3.71316e-05
53470.00000000001	3.94963e-05
53480.0	4.10848e-05
53490.0	4.20139e-05
53500.0	4.25669e-05
53510.0	4.28483e-05
53520.0	4.30684e-05
53530.0	4.38185e-05
53540.0	4.4805e-05
53550.00000000001	4.58103e-05
53560.0	4.55915e-05
53570.0	4.46913e-05
53580.0	4.35595e-05
53590.0	4.24924e-05
53600.0	4.17074e-05
53610.0	4.16428e-05
53620.0	4.21988e-05
53630.00000000001	4.33206e-05
53640.0	4.36199e-05
53650.0	4.34684e-05
53660.0	4.31764e-05
53670.0	4.32433e-05
53680.0	4.37061e-05
53690.0	4.45807e-05
53700.0	4.58909e-05
53710.00000000001	4.77418e-05
53720.0	4.88293e-05
53730.0	4.92958e-05
53740.0	4.93418e-05
53750.0	4.97328e-05
53760.0	5.05455e-05
53770.0	5.15804e-05
53780.0	5.27873e-05
53789.99999999999	5.42564e-05
53800.0	5.52498e-05
53810.0	5.56828e-05
53820.0	5.55185e-05
53830.0	5.55951e-05
53840.0	5.59813e-05
53850.0	5.64805e-05
53860.0	5.69339e-05
53869.99999999999	5.70759e-05
53880.0	5.68836e-05
53890.0	5.62991e-05
53900.0	5.52088e-05
53910.0	5.43952e-05
53920.0	5.43342e-05
53930.0	5.49745e-05
53940.0	5.62084e-05
53949.99999999999	5.74539e-05
53960.0	5.86478e-05
53970.0	5.96665e-05
53980.0	6.01066e-05
53990.0	6.02483e-05
54000.0	6.05162e-05
54010.0	6.09818e-05
54020.0	6.14086e-05
54029.99999999999	6.11106e-05
54040.0	6.02499e-05
54050.0	5.8909e-05
54060.0	5.75744e-05
54070.0	5.64267e-05
54080.0	5.5934e-05
54090.0	5.6462e-05
54100.0	5.85718e-05
54109.99999999999	6.07888e-05
54120.0	6.30404e-05
54130.0	6.5249e-05
54140.0	6.75961e-05
54150.0	7.00395e-05
54160.00000000001	7.25765e-05
54170.0	7.52153e-05
54180.0	7.81691e-05
54189.99999999999	8.07216e-05
54200.0	8.26242e-05
54210.0	8.33493e-05
54220.0	8.38443e-05
54230.0	8.45468e-05
54240.00000000001	8.55945e-05
54250.0	8.72241e-05
54260.0	8.98888e-05
54269.99999999999	9.32059e-05
54280.0	9.69611e-05
54290.0	0.000100321
54300.0	0.000103763
54310.0	0.000107624
54320.00000000001	0.000112095
54330.0	0.000117164
54340.0	0.000122614
54349.99999999999	0.000128385
54360.0	0.000134447
54370.0	0.000139662
54380.0	0.000144327
54390.0	0.000148951
54400.00000000001	0.000154207
54410.0	0.000160534
54420.0	0.000167448
54429.99999999999	0.000174958
54440.0	0.000183212
54450.0	0.000191752
54460.0	0.000200287
54470.0	0.000209017
54480.00000000001	0.000218736
54490.0	0.000230377
54500.0	0.00024331
54509.99999999999	0.000257455
54520.0	0.000273083
54530.0	0.000290055
54540.0	0.000307823
54550.0	0.000326256
54560.00000000001	0.000345949
54570.0	0.00036739
54580.0	0.000390287
54589.99999999999	0.000414496
54600.0	0.000439271
54610.0	0.000464357
54620.0	0.000489604
54630.0	0.000514871
54640.00000000001	0.000540095
54650.0	0.000566172
54660.0	0.000593287
54670.0	0.00062178
54680.0	0.00065111
54690.0	0.000680707
54700.0	0.000710602
54710.0	0.000741063
54720.00000000001	0.000771548
54730.0	0.000802254
54740.0	0.000833213
54750.0	0.000864421
54760.0	0.00089519
54770.0	0.000924409
54780.0	0.000951571
54790.0	0.00097608
54800.00000000001	0.000997704
54810.0	0.00101688
54820.0	0.00103365
54830.0	0.00104712
54840.0	0.00105804
54850.0	0.00106606
54860.0	0.00107076
54870.0	0.00106955
54880.00000000001	0.00106542
54890.0	0.00105821
54900.0	0.00104745
54910.0	0.00103312
54920.0	0.00101643
54930.0	0.000997468
54940.0	0.000975989
54950.0	0.000951129
54960.00000000001	0.000924761
54970.0	0.000897414
54980.0	0.000869942
54990.0	0.0
55000.0	0.0
