5000.0	0.0
5010.0	0.0
5020.0	0.0
5030.0	0.0
5040.0	0.0
5050.0	0.0
5060.0	0.0
5070.0	0.0
5080.0	0.0
5090.0	0.0
5100.0	0.0
5110.0	0.0
5120.0	0.0
5130.0	0.0
5140.0	0.0
5150.0	0.0
5160.0	0.0
5170.0	0.0
5180.0	0.0
5190.0	0.0
5200.0	0.0
5210.0	0.0
5220.0	0.0
5230.0	0.0
5240.0	0.0
5250.0	0.0
5260.0	0.0
5270.0	0.0
5280.0	0.0
5290.0	0.0
5300.0	0.0
5310.0	0.0
5320.0	0.0
5330.0	0.0
5340.0	0.0
5350.0	0.0
5360.0	0.0
5370.0	0.0
5380.0	0.0
5390.0	0.0
5400.0	0.0
5410.0	0.0
5420.0	0.0
5430.0	0.0
5440.0	0.0
5450.0	0.0
5460.0	0.0
5470.0	0.0
5480.0	0.0
5490.0	0.0
5500.0	0.0
5510.0	0.0
5520.000000000001	0.0
5530.000000000001	0.0
5540.000000000001	0.0
5550.000000000001	0.0
5560.000000000001	0.0
5570.000000000001	0.0
5580.000000000001	0.0
5590.000000000001	0.0
5600.000000000001	0.0
5610.000000000001	0.0
5620.000000000001	0.0
5629.999999999999	0.0
5639.999999999999	0.0
5649.999999999999	0.0
5659.999999999999	0.0
5669.999999999999	0.0
5679.999999999999	0.0
5689.999999999999	0.0
5699.999999999999	0.0
5709.999999999999	0.0
5719.999999999999	0.0
5729.999999999999	0.0
5740.0	0.0
5750.0	0.0
5760.0	0.0
5770.0	0.0
5780.0	0.0
5790.0	0.0
5800.0	0.0
5810.0	0.0
5820.0	0.0
5830.0	0.0
5840.0	0.0
5850.0	0.0
5860.0	0.0
5870.0	0.0
5880.0	0.0
5890.0	0.0
5900.0	0.0
5910.0	0.0
5920.0	0.0
5930.0	0.0
5940.0	0.0
5950.0	0.0
5960.0	0.0
5970.0	0.0
5980.0	0.0
5990.0	0.0
6000.0	0.0
6010.0	0.0
6020.0	0.0
6030.0	0.0
6040.0	0.0
6050.0	0.0
6060.0	0.0
6070.0	0.0
6080.0	0.0
6090.0	0.0
6100.0	0.0
6110.0	0.0
6120.0	0.0
6130.0	0.0
6140.0	0.0
6150.0	0.0
6160.0	0.0
6170.0	0.0
6180.0	0.0
6190.0	0.0
6200.0	0.0
6210.0	0.0
6220.0	0.0
6230.0	0.0
6240.0	0.0
6250.0	0.0
6260.0	0.0
6270.0	0.0
6280.0	0.0
6290.0	0.0
6300.0	0.0
6310.0	0.0
6320.0	0.0
6330.0	0.0
6340.0	0.0
6350.0	0.0
6360.0	0.0
6370.0	0.0
6380.0	0.0
6390.0	0.0
6400.0	0.0
6410.0	0.0
6420.0	0.0
6430.0	0.0
6440.0	0.0
6450.0	0.0
6460.0	0.0
6470.0	0.0
6480.0	0.0
6490.0	0.0
6500.0	0.0
6510.0	0.0
6520.0	0.0
6530.0	0.0
6540.0	0.0
6550.0	0.0
6560.0	0.0
6570.0	0.0
6580.0	0.0
6590.0	0.0
6600.0	0.0
6610.0	0.0
6620.0	0.0
6630.0	0.0
6640.0	0.0
6650.0	0.0
6660.0	0.0
6670.0	0.0
6680.0	0.0
6690.0	0.0
6700.0	0.0
6710.0	0.0
6720.0	0.0
6730.0	0.0
6740.0	0.0
6750.0	0.0
6760.0	0.0
6770.000000000001	0.0
6780.000000000001	0.0
6790.000000000001	0.0
6800.000000000001	0.0
6810.000000000001	0.0
6820.000000000001	0.0
6830.000000000001	0.0
6840.000000000001	0.0
6850.000000000001	0.0
6860.000000000001	0.0
6870.000000000001	0.0
6879.999999999999	0.0
6889.999999999999	0.0
6899.999999999999	0.0
6909.999999999999	0.0
6919.999999999999	0.0
6929.999999999999	0.0
6939.999999999999	0.0
6949.999999999999	0.0
6959.999999999999	0.0
6969.999999999999	0.0
6979.999999999999	0.0
6990.0	0.0
7000.0	0.0
7010.0	0.0
7020.0	0.0
7030.0	0.0
7040.0	0.0
7050.0	0.0
7060.0	0.0
7070.0	0.0
7080.0	0.0
7090.0	0.0
7100.0	0.0
7110.0	0.0
7120.0	0.0
7130.0	0.0
7140.0	0.0
7150.0	0.0
7160.0	0.0
7170.0	0.0
7180.0	0.0
7190.0	0.0
7200.0	0.0
7210.0	0.0
7220.0	0.0
7230.0	0.0
7240.0	0.0
7250.0	0.0
7260.0	0.0
7270.0	0.0
7280.0	0.0
7290.0	0.0
7300.0	0.0
7310.0	0.0
7320.0	0.0
7330.0	0.0
7340.0	0.0
7350.0	0.0
7360.0	0.0
7370.0	0.0
7380.0	0.0
7390.0	0.0
7400.0	0.0
7410.0	0.0
7420.0	0.0
7430.0	0.0
7440.0	0.0
7450.0	0.0
7460.0	0.0
7470.0	0.0
7480.0	0.0
7490.0	0.0
7500.0	0.0
7510.0	0.0
7520.0	0.0
7530.0	0.0
7540.0	0.0
7550.0	0.0
7560.0	0.0
7570.0	0.0
7580.0	0.0
7590.0	0.0
7600.0	0.0
7610.0	0.0
7620.0	0.0
7630.0	0.0
7640.0	0.0
7650.0	0.0
7660.0	0.0
7670.0	0.0
7680.0	0.0
7690.0	0.0
7700.0	0.0
7710.0	0.0
7720.0	0.0
7730.0	0.0
7740.0	0.0
7750.0	0.0
7760.0	0.0
7770.0	0.0
7780.0	0.0
7790.0	0.0
7800.0	0.0
7810.0	0.0
7820.0	0.0
7830.0	0.0
7840.0	0.0
7850.0	0.0
7860.0	0.0
7870.0	0.0
7880.0	0.0
7890.0	0.0
7900.0	0.0
7910.0	0.0
7920.0	0.0
7930.0	0.0
7940.0	0.0
7950.0	0.0
7960.0	0.0
7970.0	0.0
7980.0	0.0
7990.0	0.0
8000.0	0.0
8010.0	0.0
8020.000000000001	0.0
8030.000000000001	0.0
8040.000000000001	0.0
8050.000000000001	0.0
8060.000000000001	0.0
8070.000000000001	0.0
8080.000000000001	0.0
8090.000000000001	0.0
8100.000000000001	0.0
8110.000000000001	0.0
8120.000000000001	0.0
8129.999999999999	0.0
8139.999999999999	0.0
8149.999999999999	0.0
8159.999999999999	0.0
8169.999999999999	0.0
8179.999999999999	0.0
8189.999999999999	0.0
8200.0	0.0
8210.0	0.0
8220.0	0.0
8230.0	0.0
8240.0	0.0
8250.0	0.0
8260.0	0.0
8270.0	0.0
8280.0	0.0
8290.0	0.0
8300.0	0.0
8310.0	0.0
8320.0	0.0
8330.0	0.000204546
8340.0	0.000205423
8350.0	0.000202326
8360.0	0.000193275
8370.0	0.000183724
8380.0	0.00017638
8390.0	0.000179403
8400.0	0.000182974
8410.0	0.00018695
8420.0	0.00017668
8430.0	0.000167989
8440.0	0.000162946
8450.0	0.000142428
8460.0	0.000118936
8470.0	0.000108175
8480.0	0.000103597
8490.0	0.000104382
8500.0	0.000101711
8510.0	9.77086e-05
8520.0	9.14428e-05
8530.0	9.52638e-05
8540.0	0.000102552
8550.0	0.000104369
8560.0	0.000101919
8570.0	9.51173e-05
8580.0	0.000104727
8590.0	0.000115984
8600.0	0.000126086
8610.0	0.000133676
8620.0	0.000139953
8630.0	0.000145029
8640.0	0.000146437
8650.0	0.000143447
8660.0	0.000137509
8670.0	0.00013241
8680.0	0.000131701
8690.0	0.000138573
8700.0	0.000149512
8710.0	0.000143914
8720.0	0.000138181
8730.0	0.000132258
8740.0	0.000120353
8750.0	0.000110115
8760.0	0.000112462
8770.0	0.000113109
8780.0	0.000112574
8790.0	0.000101564
8800.0	9.37236e-05
8810.0	9.15209e-05
8820.0	8.38829e-05
8830.0	7.65199e-05
8840.0	7.95217e-05
8850.0	7.84796e-05
8860.0	7.41214e-05
8870.0	7.13968e-05
8880.0	6.63806e-05
8890.0	5.65755e-05
8900.0	5.14438e-05
8910.0	4.90776e-05
8920.0	5.42115e-05
8930.0	5.80115e-05
8940.0	6.05247e-05
8950.0	5.98565e-05
8960.0	5.79215e-05
8970.0	5.37729e-05
8980.0	5.30757e-05
8990.0	5.42e-05
9000.0	5.81218e-05
9010.0	6.33716e-05
9020.0	7.01273e-05
9030.0	7.49951e-05
9040.0	7.74669e-05
9050.0	7.37458e-05
9060.0	7.81701e-05
9070.0	8.67367e-05
9080.0	8.58172e-05
9090.0	8.34006e-05
9100.0	7.89828e-05
9110.0	8.42195e-05
9120.0	9.17118e-05
9130.0	9.97109e-05
9140.0	0.000101997
9150.0	0.000100533
9160.0	9.35446e-05
9170.0	8.85094e-05
9180.0	8.65985e-05
9190.0	8.26286e-05
9200.0	7.91353e-05
9210.0	8.076e-05
9220.0	8.3036e-05
9230.0	8.58172e-05
9240.0	7.28281e-05
9250.0	6.00735e-05
9260.0	4.91501e-05
9270.0	4.47433e-05
9280.0	4.33655e-05
9290.0	4.68172e-05
9300.0	4.85163e-05
9310.0	4.86163e-05
9320.0	4.53281e-05
9330.0	4.3502e-05
9340.0	4.56962e-05
9350.0	5.06474e-05
9360.0	5.6231e-05
9370.0	5.62145e-05
9380.0	5.56374e-05
9390.0	5.4459e-05
9400.0	5.55815e-05
9410.0	5.66038e-05
9420.0	5.6438e-05
9430.0	5.85605e-05
9440.0	6.16444e-05
9450.0	6.04212e-05
9460.0	5.74213e-05
9470.0	5.21772e-05
9480.0	4.28157e-05
9490.0	3.54313e-05
9500.0	3.76395e-05
9510.0	3.94948e-05
9520.0	4.10877e-05
9530.0	3.81337e-05
9540.0	3.69678e-05
9550.0	3.84674e-05
9560.0	3.68001e-05
9570.0	3.55228e-05
9580.0	3.95874e-05
9590.0	4.23828e-05
9600.0	4.42484e-05
9610.0	4.40418e-05
9620.0	4.38118e-05
9630.0	4.36573e-05
9640.0	4.65159e-05
9650.0	5.00092e-05
9660.0	5.14135e-05
9670.0	4.92072e-05
9680.0	4.38848e-05
9690.0	4.17064e-05
9700.0	3.9198e-05
9710.0	3.54787e-05
9720.0	3.75067e-05
9730.0	4.18313e-05
9740.0	4.59588e-05
9750.0	5.05936e-05
9760.0	5.57427e-05
9770.0	5.2498e-05
9780.0	4.89406e-05
9790.0	4.72956e-05
9800.0	4.73309e-05
9810.0	4.81908e-05
9820.0	4.9115e-05
9830.0	4.86588e-05
9840.0	4.65543e-05
9850.0	4.12666e-05
9860.0	3.65766e-05
9870.0	3.55972e-05
9880.0	3.41371e-05
9890.0	3.24997e-05
9900.0	3.51504e-05
9910.0	3.74525e-05
9920.0	3.92639e-05
9930.0	4.04917e-05
9940.0	4.14128e-05
9950.0	4.1661e-05
9960.0	4.23619e-05
9970.0	4.33761e-05
9980.0	4.4972e-05
9990.0	4.53943e-05
10000.0	4.38435e-05
10009.999999999998	3.9303e-05
10020.0	3.40805e-05
10029.999999999998	3.00584e-05
10040.0	2.61766e-05
10049.999999999998	2.24084e-05
10060.0	2.30683e-05
10069.999999999998	2.33339e-05
10080.0	2.22774e-05
10089.999999999998	2.30519e-05
10100.0	2.40107e-05
10109.999999999998	2.11967e-05
10120.0	1.9449e-05
10129.999999999998	1.87243e-05
10140.0	1.86805e-05
10149.999999999998	1.91235e-05
10160.0	2.05583e-05
10169.999999999998	2.43685e-05
10180.0	2.87965e-05
10189.999999999998	2.76542e-05
10200.0	2.7896e-05
10209.999999999998	2.97005e-05
10220.0	3.41899e-05
10230.0	3.7845e-05
10240.0	3.77734e-05
10250.0	3.7935e-05
10260.0	3.83429e-05
10270.0	4.17926e-05
10280.0	4.40486e-05
10290.0	4.4716e-05
10300.0	4.27259e-05
10310.0	4.04514e-05
10320.0	3.92653e-05
10330.0	3.72286e-05
10340.0	3.46365e-05
10350.0	2.73972e-05
10360.0	2.31781e-05
10370.0	2.373e-05
10380.0	2.4196e-05
10390.0	2.43048e-05
10400.0	2.28173e-05
10410.0	2.24392e-05
10420.0	2.29174e-05
10430.0	2.15668e-05
10440.0	2.09598e-05
10450.0	2.19e-05
10460.0	2.13549e-05
10470.0	2.02661e-05
10480.0	1.90305e-05
10490.0	1.91276e-05
10500.0	2.04351e-05
10510.0	2.1352e-05
10520.0	2.22534e-05
10530.0	2.32003e-05
10540.0	2.25331e-05
10550.0	2.13242e-05
10560.0	2.16059e-05
10570.0	2.14338e-05
10580.0	2.07771e-05
10590.0	2.04456e-05
10600.0	2.05268e-05
10610.0	2.16121e-05
10620.0	2.11153e-05
10630.0	1.98549e-05
10640.0	1.959e-05
10650.0	1.85965e-05
10660.0	1.66878e-05
10670.0	1.70304e-05
10680.0	1.73904e-05
10690.0	1.6294e-05
10700.0	1.7019e-05
10710.0	1.88647e-05
10720.0	2.06602e-05
10730.0	2.14306e-05
10740.0	2.0681e-05
10750.0	2.01018e-05
10760.0	1.92457e-05
10770.0	1.69885e-05
10780.0	1.5937e-05
10790.0	1.57644e-05
10800.0	1.43514e-05
10810.0	1.37344e-05
10820.0	1.45859e-05
10830.0	1.35231e-05
10840.0	1.21337e-05
10850.0	1.24843e-05
10860.0	1.25809e-05
10870.0	1.24593e-05
10880.0	1.29986e-05
10890.0	1.4638e-05
10900.0	1.84917e-05
10910.0	2.04875e-05
10920.0	2.18426e-05
10930.0	2.40835e-05
10940.0	2.55511e-05
10950.0	2.6238e-05
10960.0	2.58548e-05
10970.0	2.49615e-05
10980.0	2.31047e-05
10990.0	2.28413e-05
11000.0	2.34538e-05
11010.0	2.55389e-05
11020.0	2.5848e-05
11030.0	2.40469e-05
11040.000000000002	2.32452e-05
11050.0	2.25764e-05
11060.000000000002	2.1766e-05
11070.0	2.05907e-05
11080.000000000002	1.92376e-05
11090.0	1.92349e-05
11100.000000000002	1.89905e-05
11110.0	1.84076e-05
11120.000000000002	1.89954e-05
11130.0	1.95678e-05
11140.000000000002	1.8971e-05
11150.0	1.86652e-05
11160.000000000002	1.85596e-05
11170.0	1.85146e-05
11180.000000000002	1.86426e-05
11190.0	1.90559e-05
11200.000000000002	1.98321e-05
11210.0	2.06552e-05
11220.000000000002	2.11484e-05
11230.0	2.15518e-05
11240.000000000002	2.1882e-05
11250.0	2.13926e-05
11259.999999999998	2.09575e-05
11270.0	2.07269e-05
11279.999999999998	2.00736e-05
11290.0	1.93019e-05
11299.999999999998	1.88228e-05
11310.0	1.74209e-05
11319.999999999998	1.51375e-05
11330.0	1.37441e-05
11339.999999999998	1.27321e-05
11350.0	1.2403e-05
11359.999999999998	1.27227e-05
11370.0	1.33366e-05
11379.999999999998	1.3938e-05
11390.0	1.50376e-05
11399.999999999998	1.66966e-05
11410.0	1.8705e-05
11419.999999999998	2.03994e-05
11430.0	2.10138e-05
11439.999999999998	2.23226e-05
11450.0	2.40017e-05
11459.999999999998	2.54601e-05
11470.0	2.61125e-05
11480.0	2.56982e-05
11490.0	2.51563e-05
11500.0	2.46483e-05
11510.0	2.43657e-05
11520.0	2.30444e-05
11530.0	2.10479e-05
11540.0	1.92121e-05
11550.0	1.79918e-05
11560.0	1.77333e-05
11570.0	1.71214e-05
11580.0	1.63371e-05
11590.0	1.52022e-05
11600.0	1.55115e-05
11610.0	1.69296e-05
11620.0	1.77313e-05
11630.0	1.77671e-05
11640.0	1.64278e-05
11650.0	1.58194e-05
11660.0	1.56132e-05
11670.0	1.63655e-05
11680.0	1.70294e-05
11690.0	1.76136e-05
11700.0	1.76989e-05
11710.0	1.78092e-05
11720.0	1.80757e-05
11730.0	1.91731e-05
11740.0	2.0429e-05
11750.0	1.97702e-05
11760.0	1.98287e-05
11770.0	2.06501e-05
11780.0	2.07032e-05
11790.0	2.02844e-05
11800.0	1.88745e-05
11810.0	1.7903e-05
11820.0	1.71397e-05
11830.0	1.60653e-05
11840.0	1.53043e-05
11850.0	1.49353e-05
11860.0	1.21615e-05
11870.0	9.69111e-06
11880.0	9.84181e-06
11890.0	1.05914e-05
11900.0	1.17001e-05
11910.0	1.21461e-05
11920.0	1.26715e-05
11930.0	1.33142e-05
11940.0	1.35325e-05
11950.0	1.37756e-05
11960.0	1.45969e-05
11970.0	1.4593e-05
11980.0	1.39903e-05
11990.0	1.48456e-05
12000.0	1.57114e-05
12010.0	1.65206e-05
12020.0	1.64064e-05
12030.0	1.59968e-05
12040.0	1.56076e-05
12050.0	1.53258e-05
12060.0	1.51357e-05
12070.0	1.5159e-05
12080.0	1.50558e-05
12090.0	1.46543e-05
12100.0	1.48415e-05
12110.0	1.51676e-05
12120.0	1.46937e-05
12130.0	1.43441e-05
12140.0	1.41195e-05
12150.0	1.37775e-05
12160.0	1.33799e-05
12170.0	1.28776e-05
12180.0	1.22086e-05
12190.0	1.1518e-05
12200.0	1.16535e-05
12210.0	1.22582e-05
12220.0	1.34177e-05
12230.0	1.42356e-05
12240.0	1.48721e-05
12250.0	1.51296e-05
12260.0	1.47204e-05
12270.0	1.39319e-05
12280.0	1.33563e-05
12290.000000000002	1.27971e-05
12300.0	1.22608e-05
12310.000000000002	1.18203e-05
12320.0	1.14308e-05
12330.000000000002	1.11541e-05
12340.0	1.0742e-05
12350.000000000002	1.02369e-05
12360.0	9.85822e-06
12370.000000000002	9.70366e-06
12380.0	9.91601e-06
12390.000000000002	9.85676e-06
12400.0	9.72338e-06
12410.000000000002	9.62844e-06
12420.0	9.6647e-06
12430.000000000002	9.80701e-06
12440.0	9.82208e-06
12450.000000000002	9.49164e-06
12460.0	8.49528e-06
12470.000000000002	7.80075e-06
12480.0	7.35639e-06
12490.000000000002	7.91751e-06
12500.0	8.45529e-06
12509.999999999998	8.97081e-06
12520.0	8.68883e-06
12529.999999999998	8.30557e-06
12540.0	7.88189e-06
12549.999999999998	7.55813e-06
12560.0	7.32738e-06
12569.999999999998	7.64368e-06
12580.0	8.22416e-06
12589.999999999998	9.09994e-06
12600.0	9.41036e-06
12609.999999999998	9.32495e-06
12620.0	8.34766e-06
12629.999999999998	7.29283e-06
12640.0	6.26474e-06
12649.999999999998	6.9017e-06
12660.0	7.81133e-06
12669.999999999998	9.07975e-06
12680.0	9.53659e-06
12689.999999999998	9.70981e-06
12700.0	9.48413e-06
12709.999999999998	9.25974e-06
12720.0	9.03623e-06
12730.0	8.88144e-06
12740.0	8.93557e-06
12750.0	9.31465e-06
12760.0	9.7538e-06
12770.0	1.02407e-05
12780.0	1.08747e-05
12790.0	1.04718e-05
12800.0	9.27717e-06
12810.0	8.96581e-06
12820.0	8.74889e-06
12830.0	8.63665e-06
12840.0	8.23672e-06
12850.0	7.76931e-06
12860.0	7.50887e-06
12870.0	7.21379e-06
12880.0	6.88749e-06
12890.0	6.15793e-06
12900.0	5.21587e-06
12910.0	3.88085e-06
12920.0	3.59487e-06
12930.0	3.75799e-06
12940.0	3.96229e-06
12950.0	4.40087e-06
12960.0	5.08737e-06
12970.0	6.43055e-06
12980.0	7.80977e-06
12990.0	9.04004e-06
13000.0	9.80569e-06
13010.0	1.03274e-05
13020.0	1.07328e-05
13030.0	1.09377e-05
13040.0	1.08932e-05
13050.0	1.13338e-05
13060.0	1.20869e-05
13070.0	1.35737e-05
13080.0	1.42946e-05
13090.0	1.45355e-05
13100.0	1.37898e-05
13110.0	1.33758e-05
13120.0	1.34489e-05
13130.0	1.38592e-05
13140.0	1.43164e-05
13150.0	1.4606e-05
13160.0	1.51377e-05
13170.0	1.58442e-05
13180.0	1.59733e-05
13190.0	1.56635e-05
13200.0	1.46172e-05
13210.0	1.44994e-05
13220.0	1.46119e-05
13230.0	1.4332e-05
13240.0	1.34213e-05
13250.0	1.1974e-05
13260.0	1.09033e-05
13270.0	9.96615e-06
13280.0	9.25107e-06
13290.0	8.97705e-06
13300.0	8.86537e-06
13310.0	8.64968e-06
13320.0	8.26233e-06
13330.0	7.70327e-06
13340.0	7.07271e-06
13350.0	6.73747e-06
13360.0	7.1697e-06
13370.0	7.79056e-06
13380.0	8.45018e-06
13390.0	8.39509e-06
13400.0	8.27127e-06
13410.0	8.06663e-06
13420.0	7.40304e-06
13430.0	6.70273e-06
13440.0	6.13781e-06
13450.0	6.01939e-06
13460.0	6.16644e-06
13470.0	6.63636e-06
13480.0	6.96878e-06
13490.0	7.11053e-06
13500.0	7.40198e-06
13510.0	7.80143e-06
13520.0	8.48876e-06
13530.0	9.11335e-06
13540.000000000002	9.69511e-06
13550.0	9.94945e-06
13560.000000000002	1.02007e-05
13570.0	1.04542e-05
13580.000000000002	1.05747e-05
13590.0	1.05174e-05
13600.000000000002	9.74866e-06
13610.0	8.91418e-06
13620.000000000002	8.02665e-06
13630.0	7.30023e-06
13640.000000000002	6.56229e-06
13650.0	5.78358e-06
13660.000000000002	5.39079e-06
13670.0	5.1792e-06
13680.000000000002	5.24455e-06
13690.0	5.31936e-06
13700.000000000002	5.40313e-06
13710.0	5.7564e-06
13720.000000000002	6.17775e-06
13730.0	6.69366e-06
13740.000000000002	6.77177e-06
13750.0	6.65648e-06
13759.999999999998	6.58385e-06
13770.0	6.79162e-06
13779.999999999998	7.31149e-06
13790.0	7.63644e-06
13799.999999999998	7.9829e-06
13810.0	8.4791e-06
13819.999999999998	9.05724e-06
13830.0	9.66979e-06
13839.999999999998	1.00476e-05
13850.0	1.02804e-05
13859.999999999998	1.03232e-05
13870.0	1.0829e-05
13879.999999999998	1.13723e-05
13890.0	1.16954e-05
13899.999999999998	1.1484e-05
13910.0	1.09289e-05
13919.999999999998	1.04522e-05
13930.0	1.01935e-05
13939.999999999998	1.02724e-05
13950.0	1.04081e-05
13959.999999999998	1.05145e-05
13970.0	1.041e-05
13980.0	1.03819e-05
13990.0	1.04119e-05
14000.0	9.86908e-06
14010.0	9.30381e-06
14020.0	8.74125e-06
14030.0	8.8249e-06
14040.0	9.09904e-06
14050.0	9.16806e-06
14060.0	8.89136e-06
14070.0	8.30515e-06
14080.0	7.7515e-06
14090.0	7.11452e-06
14100.0	6.28713e-06
14110.0	5.5884e-06
14120.0	5.02756e-06
14130.0	5.26094e-06
14140.0	5.5952e-06
14150.0	6.03561e-06
14160.0	6.381e-06
14170.0	6.74757e-06
14180.0	7.20624e-06
14190.0	7.13889e-06
14200.0	6.8146e-06
14210.0	6.67242e-06
14220.0	7.10517e-06
14230.0	8.25003e-06
14240.0	9.5688e-06
14250.0	1.07557e-05
14260.0	1.13915e-05
14270.0	1.16059e-05
14280.0	1.15573e-05
14290.0	1.10074e-05
14300.0	1.03997e-05
14310.0	9.70711e-06
14320.0	9.54766e-06
14330.0	9.58254e-06
14340.0	9.87119e-06
14350.0	1.0296e-05
14360.0	1.08188e-05
14370.0	1.0768e-05
14380.0	1.05476e-05
14390.0	1.00598e-05
14400.0	9.77041e-06
14410.0	9.57583e-06
14420.0	9.55935e-06
14430.0	9.70522e-06
14440.0	9.98859e-06
14450.0	1.05874e-05
14460.0	1.1015e-05
14470.0	1.10411e-05
14480.0	1.02434e-05
14490.0	9.1346e-06
14500.0	8.13814e-06
14510.0	7.52923e-06
14520.0	7.30605e-06
14530.0	7.5154e-06
14540.0	7.7889e-06
14550.0	8.0932e-06
14560.0	8.21154e-06
14570.0	8.20906e-06
14580.0	7.77277e-06
14590.0	7.32172e-06
14600.0	6.85346e-06
14610.0	7.2046e-06
14620.0	7.74423e-06
14630.0	8.42825e-06
14640.0	8.95402e-06
14650.0	9.38188e-06
14660.0	9.54905e-06
14670.0	9.69326e-06
14680.0	9.80576e-06
14690.0	1.01944e-05
14700.0	1.06367e-05
14710.0	1.10386e-05
14720.0	1.15167e-05
14730.0	1.20465e-05
14740.0	1.22827e-05
14750.0	1.24091e-05
14760.0	1.2362e-05
14770.0	1.25233e-05
14780.0	1.28394e-05
14790.000000000002	1.36312e-05
14800.0	1.444e-05
14810.000000000002	1.52622e-05
14820.0	1.56107e-05
14830.000000000002	1.58345e-05
14840.0	1.58672e-05
14850.000000000002	1.55775e-05
14860.0	1.51161e-05
14870.000000000002	1.42755e-05
14880.0	1.37538e-05
14890.000000000002	1.35324e-05
14900.0	1.32984e-05
14910.000000000002	1.29157e-05
14920.0	1.21872e-05
14930.000000000002	1.16745e-05
14940.0	1.12653e-05
14950.000000000002	1.093e-05
14960.0	1.07605e-05
14970.000000000002	1.07744e-05
14980.0	1.09819e-05
14990.000000000002	1.11934e-05
15000.0	1.13302e-05
15009.999999999998	1.1296e-05
15020.0	1.11605e-05
15029.999999999998	1.08139e-05
15040.0	1.03491e-05
15049.999999999998	9.73001e-06
15060.0	8.94219e-06
15069.999999999998	8.20893e-06
15080.0	7.79867e-06
15089.999999999998	7.50201e-06
15100.0	7.27812e-06
15109.999999999998	7.11538e-06
15120.0	6.91857e-06
15129.999999999998	6.6692e-06
15140.0	6.28791e-06
15149.999999999998	5.94234e-06
15160.0	5.92923e-06
15169.999999999998	6.139e-06
15180.0	6.51736e-06
15189.999999999998	6.71348e-06
15200.0	6.77953e-06
15209.999999999998	6.62083e-06
15220.0	6.45477e-06
15230.0	6.30147e-06
15240.0	6.24453e-06
15250.0	6.22372e-06
15260.0	6.2351e-06
15270.0	6.53801e-06
15280.0	6.81017e-06
15290.0	6.95945e-06
15300.0	6.84142e-06
15310.0	6.58466e-06
15320.0	6.07838e-06
15330.0	5.65324e-06
15340.0	5.31316e-06
15350.0	4.92481e-06
15360.0	4.47069e-06
15370.0	3.85853e-06
15380.0	3.45718e-06
15390.0	3.16117e-06
15400.0	2.84194e-06
15410.0	2.55479e-06
15420.0	2.30721e-06
15430.0	2.26372e-06
15440.0	2.37397e-06
15450.0	2.86494e-06
15460.0	3.39587e-06
15470.0	3.94868e-06
15480.0	4.36142e-06
15490.0	4.7817e-06
15500.0	5.21283e-06
15510.0	5.44419e-06
15520.0	5.62798e-06
15530.0	5.82283e-06
15540.0	5.96626e-06
15550.0	6.0729e-06
15560.0	5.90438e-06
15570.0	5.61327e-06
15580.0	5.12281e-06
15590.0	4.59908e-06
15600.0	4.14397e-06
15610.0	4.13469e-06
15620.0	4.13625e-06
15630.0	4.14693e-06
15640.0	3.89008e-06
15650.0	3.56093e-06
15660.0	3.12137e-06
15670.0	2.66593e-06
15680.0	2.23209e-06
15690.0	2.02219e-06
15700.0	2.1923e-06
15710.0	2.73901e-06
15720.0	3.25265e-06
15730.0	3.67365e-06
15740.0	3.8735e-06
15750.0	4.16899e-06
15760.0	4.55623e-06
15770.0	5.55995e-06
15780.0	6.63224e-06
15790.0	7.78475e-06
15800.0	8.90208e-06
15810.0	1.00118e-05
15820.0	1.11174e-05
15830.0	1.20426e-05
15840.0	1.28802e-05
15850.0	1.42084e-05
15860.0	1.55065e-05
15870.0	1.67636e-05
15880.0	1.75915e-05
15890.0	1.81506e-05
15900.0	1.80504e-05
15910.0	1.77132e-05
15920.0	1.72161e-05
15930.0	1.67332e-05
15940.0	1.61584e-05
15950.0	1.54339e-05
15960.0	1.45469e-05
15970.0	1.353e-05
15980.0	1.20965e-05
15990.0	1.09592e-05
16000.0	1.00575e-05
16010.0	9.48443e-06
16020.0	9.1009e-06
16030.0	9.05005e-06
16040.000000000002	9.20069e-06
16050.0	9.41967e-06
16060.000000000002	9.60112e-06
16070.0	9.93219e-06
16080.000000000002	1.04036e-05
16090.0	1.05903e-05
16100.000000000002	1.06779e-05
16110.0	1.06013e-05
16120.000000000002	1.03477e-05
16130.0	1.00323e-05
16140.000000000002	9.90374e-06
16150.0	9.81181e-06
16160.000000000002	9.7603e-06
16170.0	9.51079e-06
16180.000000000002	9.12869e-06
16190.0	8.45472e-06
16200.000000000002	7.74422e-06
16210.0	7.04614e-06
16220.000000000002	7.05236e-06
16230.0	7.3023e-06
16240.000000000002	7.86844e-06
16250.0	8.36586e-06
16259.999999999998	8.76653e-06
16270.0	8.87345e-06
16279.999999999998	8.72652e-06
16290.0	8.41834e-06
16299.999999999998	8.25458e-06
16310.0	8.26021e-06
16319.999999999998	8.52547e-06
16330.0	9.18392e-06
16339.999999999998	9.8695e-06
16350.0	1.01898e-05
16359.999999999998	1.02431e-05
16370.0	1.00954e-05
16379.999999999998	9.51555e-06
16390.0	8.97994e-06
16400.0	8.55579e-06
16410.0	8.31695e-06
16420.0	8.13857e-06
16430.0	7.94383e-06
16440.0	7.74443e-06
16450.0	7.54093e-06
16460.0	6.99675e-06
16470.0	6.42885e-06
16480.0	5.87204e-06
16490.0	5.31223e-06
16500.0	4.7599e-06
16510.0	4.28764e-06
16520.0	3.8106e-06
16530.0	3.32845e-06
16540.0	3.26208e-06
16550.0	3.30114e-06
16560.0	3.47185e-06
16570.0	3.71234e-06
16580.0	3.99191e-06
16590.0	4.33601e-06
16600.0	4.68213e-06
16610.0	5.03084e-06
16620.0	5.49938e-06
16630.0	6.13495e-06
16640.0	7.24581e-06
16650.0	8.67186e-06
16660.0	1.0283e-05
16670.0	1.16379e-05
16680.0	1.2726e-05
16690.0	1.34283e-05
16700.0	1.35544e-05
16710.0	1.35126e-05
16720.0	1.33688e-05
16730.0	1.33208e-05
16740.0	1.33408e-05
16750.0	1.34266e-05
16760.0	1.33541e-05
16770.0	1.30069e-05
16780.0	1.22558e-05
16790.0	1.13449e-05
16800.0	1.02542e-05
16810.0	9.54647e-06
16820.0	9.15993e-06
16830.0	9.45275e-06
16840.0	9.73222e-06
16850.0	9.88873e-06
16860.0	9.62992e-06
16870.0	9.19404e-06
16880.0	8.63751e-06
16890.0	8.2714e-06
16900.0	8.09321e-06
16910.0	8.13338e-06
16920.0	8.13469e-06
16930.0	7.97636e-06
16940.0	7.63551e-06
16950.0	7.2097e-06
16960.0	6.80023e-06
16970.0	6.44629e-06
16980.0	6.15686e-06
16990.0	6.12156e-06
17000.0	6.1272e-06
17010.0	6.12602e-06
17020.0	5.82082e-06
17030.0	5.3328e-06
17040.0	4.49931e-06
17050.0	3.81924e-06
17060.0	3.34898e-06
17070.0	3.26202e-06
17080.0	3.23791e-06
17090.0	3.11938e-06
17100.0	2.88269e-06
17110.0	2.5667e-06
17120.0	2.25844e-06
17130.0	1.98139e-06
17140.0	1.75468e-06
17150.0	1.60959e-06
17160.0	1.54472e-06
17170.0	1.76335e-06
17180.0	2.25796e-06
17190.0	2.97132e-06
17200.0	3.34559e-06
17210.0	3.64668e-06
17220.0	3.84147e-06
17230.0	4.07486e-06
17240.0	4.32585e-06
17250.0	4.60211e-06
17260.0	4.83933e-06
17270.0	5.04017e-06
17280.0	5.25768e-06
17290.0	5.48941e-06
17300.0	5.75036e-06
17310.0	5.76481e-06
17320.0	5.68292e-06
17330.0	5.73874e-06
17340.0	5.84419e-06
17350.0	6.0041e-06
17360.0	5.97695e-06
17370.0	5.86517e-06
17380.0	5.59357e-06
17390.0	5.38807e-06
17400.0	5.22264e-06
17410.0	5.16259e-06
17420.0	5.04698e-06
17430.0	4.8596e-06
17440.0	4.39469e-06
17450.0	3.85644e-06
17460.0	3.26223e-06
17470.0	2.72803e-06
17480.0	2.23276e-06
17490.0	1.98635e-06
17500.0	1.88014e-06
17510.0	1.98781e-06
17520.0	2.21171e-06
17530.0	2.44402e-06
17540.0	2.57187e-06
17550.0	2.67579e-06
17560.0	2.76177e-06
17570.0	3.06487e-06
17580.0	3.45806e-06
17590.0	3.99962e-06
17600.0	4.39399e-06
17610.0	4.75015e-06
17620.0	5.17758e-06
17630.0	5.58872e-06
17640.0	5.98544e-06
17650.0	6.21261e-06
17660.0	6.45825e-06
17670.0	6.77466e-06
17680.0	7.13072e-06
17690.0	7.51334e-06
17700.0	7.98823e-06
17710.0	8.24881e-06
17720.0	8.28695e-06
17730.0	8.38366e-06
17740.0	8.48463e-06
17750.0	8.57629e-06
17760.0	8.50423e-06
17770.0	8.35769e-06
17780.0	8.33132e-06
17790.0	8.27508e-06
17800.0	8.18238e-06
17810.0	8.01636e-06
17820.0	7.78431e-06
17830.0	7.38109e-06
17840.0	6.89731e-06
17850.0	6.36288e-06
17860.0	5.68674e-06
17870.0	5.15761e-06
17880.0	4.84008e-06
17890.0	4.78274e-06
17900.0	4.78103e-06
17910.0	4.74313e-06
17920.0	4.54939e-06
17930.0	4.24543e-06
17940.0	3.67799e-06
17950.0	3.13129e-06
17960.0	2.63024e-06
17970.0	2.3561e-06
17980.0	2.1936e-06
17990.0	2.2547e-06
18000.0	2.23068e-06
18010.0	2.13566e-06
18020.0	1.89316e-06
18030.0	1.61427e-06
18040.0	1.28125e-06
18050.0	1.04187e-06
18060.0	8.6582e-07
18070.0	9.03019e-07
18080.0	1.00888e-06
18090.0	1.18216e-06
18100.0	1.39397e-06
18110.0	1.55254e-06
18120.0	1.56876e-06
18130.0	1.60138e-06
18140.0	1.64507e-06
18150.0	1.73167e-06
18160.0	1.82952e-06
18170.0	1.94036e-06
18180.0	2.14019e-06
18190.0	2.371e-06
18200.0	2.6503e-06
18210.0	2.88469e-06
18220.0	3.09098e-06
18230.0	3.20969e-06
18240.0	3.29713e-06
18250.0	3.342e-06
18260.0	3.33629e-06
18270.0	3.31088e-06
18280.0	3.2539e-06
18290.0	3.11277e-06
18300.0	2.91542e-06
18310.0	2.83335e-06
18320.0	2.75569e-06
18330.0	2.68353e-06
18340.0	2.71154e-06
18350.0	2.83892e-06
18360.0	3.31662e-06
18370.0	3.87596e-06
18380.0	4.49967e-06
18390.0	4.91766e-06
18400.0	5.34392e-06
18410.0	5.80619e-06
18420.0	6.23396e-06
18430.0	6.59263e-06
18440.0	6.5606e-06
18450.0	6.41812e-06
18460.0	6.17312e-06
18470.0	5.75021e-06
18480.0	5.19199e-06
18490.0	4.36216e-06
18500.0	3.5745e-06
18510.0	2.82005e-06
18520.0	2.21934e-06
18530.0	1.64073e-06
18540.0	1.08633e-06
18550.0	8.65366e-07
18560.0	7.8225e-07
18570.0	9.472e-07
18580.0	1.09517e-06
18590.0	1.24318e-06
18600.0	1.57996e-06
18610.0	1.96461e-06
18620.0	2.41087e-06
18630.0	2.8925e-06
18640.0	3.4442e-06
18650.0	4.21702e-06
18660.0	5.0956e-06
18670.0	6.04064e-06
18680.0	6.96579e-06
18690.0	7.80561e-06
18700.0	8.51616e-06
18710.0	9.02129e-06
18720.0	9.39061e-06
18730.0	9.39391e-06
18740.0	9.19258e-06
18750.0	8.83863e-06
18760.0	8.43354e-06
18770.0	7.93287e-06
18780.0	7.263e-06
18790.0	6.38091e-06
18800.0	5.41384e-06
18810.0	4.36362e-06
18820.0	3.5607e-06
18830.0	2.97478e-06
18840.0	2.90042e-06
18850.0	2.90503e-06
18860.0	2.98983e-06
18870.0	3.15938e-06
18880.0	3.34574e-06
18890.0	3.36889e-06
18900.0	3.36972e-06
18910.0	3.34749e-06
18920.0	3.41613e-06
18930.0	3.43887e-06
18940.0	3.30969e-06
18950.0	2.98493e-06
18960.0	2.55521e-06
18970.0	2.00575e-06
18980.0	1.54003e-06
18990.0	1.1761e-06
19000.0	9.95441e-07
19010.0	8.90844e-07
19020.0	9.22979e-07
19030.0	1.12667e-06
19040.0	1.43208e-06
19050.0	1.72305e-06
19060.0	2.05834e-06
19070.0	2.45706e-06
19080.0	2.83254e-06
19090.0	3.17973e-06
19100.0	3.4336e-06
19110.0	3.61201e-06
19120.0	3.73721e-06
19130.0	3.70825e-06
19140.0	3.66271e-06
19150.0	3.59477e-06
19160.0	3.38453e-06
19170.0	3.16979e-06
19180.0	3.17309e-06
19190.0	3.2217e-06
19200.0	3.30792e-06
19210.0	3.36066e-06
19220.0	3.39558e-06
19230.0	3.39884e-06
19240.0	3.49161e-06
19250.0	3.65037e-06
19260.0	4.05457e-06
19270.0	4.47249e-06
19280.0	4.90376e-06
19290.0	5.29878e-06
19300.0	5.59899e-06
19310.0	5.677e-06
19320.0	5.70458e-06
19330.0	5.71588e-06
19340.0	5.81916e-06
19350.0	6.09701e-06
19360.0	6.57551e-06
19370.0	7.12278e-06
19380.0	7.67752e-06
19390.0	8.22057e-06
19400.0	8.751e-06
19410.0	9.26211e-06
19420.0	9.41455e-06
19430.0	9.46839e-06
19440.0	9.38878e-06
19450.0	8.98039e-06
19460.0	8.48961e-06
19470.0	7.96587e-06
19480.0	7.31752e-06
19490.0	6.58623e-06
19500.0	5.9101e-06
19510.0	5.21561e-06
19520.0	4.49085e-06
19530.0	3.87105e-06
19540.0	3.33259e-06
19550.0	3.04716e-06
19560.0	2.9069e-06
19570.0	2.88058e-06
19580.0	3.31726e-06
19590.0	3.81143e-06
19600.0	4.37077e-06
19610.0	4.98145e-06
19620.0	5.55251e-06
19630.0	5.72676e-06
19640.0	5.75459e-06
19650.0	5.64714e-06
19660.0	5.38877e-06
19670.0	5.11526e-06
19680.0	4.84064e-06
19690.0	4.54514e-06
19700.0	4.23481e-06
19710.0	3.86562e-06
19720.0	3.52584e-06
19730.0	3.21805e-06
19740.0	3.2744e-06
19750.0	3.58495e-06
19760.0	4.45665e-06
19770.0	5.57039e-06
19780.0	6.8094e-06
19790.0	8.00467e-06
19800.0	9.02437e-06
19810.0	9.81927e-06
19820.0	1.03502e-05
19830.0	1.07842e-05
19840.0	1.10675e-05
19850.0	1.12229e-05
19860.0	1.12941e-05
19870.0	1.07579e-05
19880.0	1.00681e-05
19890.0	9.14632e-06
19900.0	7.96518e-06
19910.0	6.72794e-06
19920.0	5.54794e-06
19930.0	4.66178e-06
19940.0	3.99382e-06
19950.0	3.75522e-06
19960.0	3.61763e-06
19970.0	3.63403e-06
19980.0	3.7612e-06
19990.0	3.93119e-06
20000.0	4.13684e-06
20010.0	4.26173e-06
20019.999999999996	4.31608e-06
20030.0	4.46958e-06
20040.0	4.68681e-06
20050.0	5.02406e-06
20059.999999999996	5.22974e-06
20070.0	5.34668e-06
20080.0	5.15374e-06
20090.0	4.90744e-06
20099.999999999996	4.60643e-06
20110.0	4.24898e-06
20120.0	3.91939e-06
20130.0	3.68192e-06
20139.999999999996	3.47063e-06
20150.0	3.26821e-06
20160.0	3.00301e-06
20170.0	2.64868e-06
20179.999999999996	2.18651e-06
20190.0	1.93653e-06
20200.0	1.8159e-06
20210.0	1.98656e-06
20219.999999999996	2.18425e-06
20230.0	2.3968e-06
20240.0	2.55809e-06
20250.0	2.70593e-06
20259.999999999996	2.83449e-06
20270.0	3.02698e-06
20280.0	3.26673e-06
20290.0	3.63612e-06
20299.999999999996	4.03471e-06
20310.0	4.45377e-06
20320.0	4.71056e-06
20330.0	4.93694e-06
20339.999999999996	5.11774e-06
20350.0	5.382e-06
20360.0	5.66887e-06
20370.0	5.93861e-06
20379.999999999996	6.15134e-06
20390.0	6.31687e-06
20400.0	6.25119e-06
20410.0	6.12764e-06
20419.999999999996	5.91728e-06
20430.0	5.75491e-06
20440.0	5.6218e-06
20450.0	5.5728e-06
20460.0	5.48637e-06
20470.0	5.36354e-06
20480.0	5.1228e-06
20490.0	4.88117e-06
20500.0	4.66954e-06
20510.0	4.53428e-06
20520.0	4.44599e-06
20530.0	4.49962e-06
20540.0	4.53907e-06
20550.0	4.56231e-06
20560.0	4.53551e-06
20570.0	4.49332e-06
20580.0	4.42973e-06
20590.0	4.42048e-06
20600.0	4.44554e-06
20610.0	4.58601e-06
20620.0	4.72492e-06
20630.0	4.86176e-06
20640.0	5.00784e-06
20650.0	5.16982e-06
20660.0	5.38364e-06
20670.0	5.64155e-06
20680.0	5.9287e-06
20690.0	6.30708e-06
20700.0	6.66617e-06
20710.0	6.99374e-06
20720.0	7.24145e-06
20730.0	7.43962e-06
20740.0	7.50656e-06
20750.0	7.55219e-06
20760.0	7.58112e-06
20770.0	7.45765e-06
20780.0	7.28934e-06
20790.0	7.05028e-06
20800.0	6.7258e-06
20810.0	6.36074e-06
20820.0	5.92822e-06
20830.000000000004	5.51791e-06
20840.0	5.12794e-06
20850.0	4.80337e-06
20860.0	4.5e-06
20870.000000000004	4.2308e-06
20880.0	4.01148e-06
20890.0	3.83862e-06
20900.0	3.91895e-06
20910.000000000004	4.17756e-06
20920.0	4.62873e-06
20930.0	5.2646e-06
20940.0	5.932e-06
20950.000000000004	6.61123e-06
20960.0	6.94842e-06
20970.0	7.09958e-06
20980.0	7.11571e-06
20990.000000000004	7.12662e-06
21000.0	7.1309e-06
21010.0	7.09403e-06
21020.0	7.01796e-06
21030.000000000004	6.83477e-06
21040.0	6.53519e-06
21050.0	6.16323e-06
21060.0	5.80822e-06
21070.000000000004	5.4749e-06
21080.0	5.17434e-06
21090.0	5.30732e-06
21100.0	5.54808e-06
21110.000000000004	5.76064e-06
21120.0	5.93151e-06
21130.0	6.07163e-06
21140.0	6.09276e-06
21150.000000000004	6.06577e-06
21160.0	5.96012e-06
21170.0	5.7531e-06
21180.0	5.49292e-06
21190.000000000004	5.11513e-06
21200.0	4.71258e-06
21210.0	4.28839e-06
21220.0	3.89598e-06
21230.000000000004	3.6057e-06
21240.0	3.52852e-06
21250.0	3.57782e-06
21260.0	3.69839e-06
21269.999999999996	3.99189e-06
21280.0	4.32383e-06
21290.0	4.69513e-06
21300.0	5.09748e-06
21309.999999999996	5.43826e-06
21320.0	5.60925e-06
21330.0	5.77754e-06
21340.0	5.93785e-06
21349.999999999996	5.997e-06
21360.0	5.9635e-06
21370.0	5.81842e-06
21380.0	5.61172e-06
21389.999999999996	5.39493e-06
21400.0	5.18182e-06
21410.0	5.01902e-06
21420.0	4.88594e-06
21429.999999999996	4.76048e-06
21440.0	4.74159e-06
21450.0	4.87396e-06
21460.0	4.98336e-06
21469.999999999996	5.08347e-06
21480.0	5.16824e-06
21490.0	5.15108e-06
21500.0	5.06281e-06
21509.999999999996	4.89778e-06
21520.0	4.71055e-06
21530.0	4.48841e-06
21540.0	4.26569e-06
21549.999999999996	4.05767e-06
21560.0	3.92984e-06
21570.0	3.83629e-06
21580.0	3.771e-06
21589.999999999996	3.78578e-06
21600.0	3.81362e-06
21610.0	3.85751e-06
21620.0	3.99066e-06
21629.999999999996	4.14899e-06
21640.0	4.24039e-06
21650.0	4.3246e-06
21660.0	4.40185e-06
21669.999999999996	4.43163e-06
21680.0	4.42452e-06
21690.0	4.34078e-06
21700.0	4.1927e-06
21710.0	4.00674e-06
21720.0	3.72101e-06
21730.0	3.38134e-06
21740.0	2.98048e-06
21750.0	2.60706e-06
21760.0	2.34634e-06
21770.0	2.40751e-06
21780.0	2.53641e-06
21790.0	2.70651e-06
21800.0	2.97746e-06
21810.0	3.18257e-06
21820.0	3.29952e-06
21830.0	3.38423e-06
21840.0	3.46e-06
21850.0	3.52907e-06
21860.0	3.65467e-06
21870.0	3.81741e-06
21880.0	4.00741e-06
21890.0	4.0941e-06
21900.0	4.01691e-06
21910.0	3.91241e-06
21920.0	3.77467e-06
21930.0	3.51295e-06
21940.0	3.32851e-06
21950.0	3.20415e-06
21960.0	3.10118e-06
21970.0	2.99564e-06
21980.0	2.88325e-06
21990.0	2.76372e-06
22000.0	2.63668e-06
22010.0	2.47661e-06
22020.0	2.33395e-06
22030.0	2.20719e-06
22040.0	2.14013e-06
22050.0	2.15747e-06
22060.0	2.35362e-06
22070.0	2.52022e-06
22080.000000000004	2.67382e-06
22090.0	2.82518e-06
22100.0	3.0325e-06
22110.0	3.3e-06
22120.000000000004	3.64048e-06
22130.0	4.04831e-06
22140.0	4.61298e-06
22150.0	5.12652e-06
22160.000000000004	5.60426e-06
22170.0	5.90305e-06
22180.0	6.0163e-06
22190.0	5.89444e-06
22200.000000000004	5.70876e-06
22210.0	5.50716e-06
22220.0	5.29478e-06
22230.0	5.06999e-06
22240.000000000004	4.8381e-06
22250.0	4.66403e-06
22260.0	4.40687e-06
22270.0	4.02562e-06
22280.000000000004	3.64772e-06
22290.0	3.29032e-06
22300.0	3.01993e-06
22310.0	2.84834e-06
22320.000000000004	2.74935e-06
22330.0	2.87676e-06
22340.0	3.04962e-06
22350.0	3.29003e-06
22360.000000000004	3.5269e-06
22370.0	3.74071e-06
22380.0	3.8249e-06
22390.0	3.93316e-06
22400.000000000004	4.0622e-06
22410.0	4.22615e-06
22420.0	4.33493e-06
22430.0	4.32057e-06
22440.000000000004	4.33378e-06
22450.0	4.33982e-06
22460.0	4.18703e-06
22470.0	3.98506e-06
22480.000000000004	3.73304e-06
22490.0	3.4708e-06
22500.0	3.18165e-06
22510.0	2.82622e-06
22519.999999999996	2.4625e-06
22530.0	2.09439e-06
22540.0	1.71938e-06
22550.0	1.41119e-06
22559.999999999996	1.18317e-06
22570.0	9.47687e-07
22580.0	7.26806e-07
22590.0	5.56674e-07
22599.999999999996	4.12975e-07
22610.0	2.83963e-07
22620.0	1.22458e-07
22630.0	2.34542e-08
22639.999999999996	1.2629e-08
22650.0	1.02669e-08
22660.0	0.0
22670.0	0.0
22679.999999999996	0.0
22690.0	0.0
22700.0	1.54692e-08
22710.0	4.90688e-08
22719.999999999996	1.29584e-07
22730.0	4.05071e-07
22740.0	7.47854e-07
22750.0	1.13214e-06
22759.999999999996	1.75107e-06
22770.0	2.56219e-06
22780.0	3.27892e-06
22790.0	4.02714e-06
22799.999999999996	4.85022e-06
22810.0	5.67525e-06
22820.0	6.48452e-06
22830.0	7.16837e-06
22839.999999999996	7.7573e-06
22850.0	8.25495e-06
22860.0	8.43618e-06
22870.0	8.55188e-06
22879.999999999996	8.59294e-06
22890.0	8.33415e-06
22900.0	7.94707e-06
22910.0	7.67463e-06
22919.999999999996	7.39715e-06
22930.0	7.11409e-06
22940.0	6.89549e-06
22950.0	6.74813e-06
22960.0	6.78076e-06
22970.0	6.97108e-06
22980.0	7.25525e-06
22990.0	7.72008e-06
23000.0	8.25286e-06
23010.0	8.87645e-06
23020.0	9.65294e-06
23030.0	1.05059e-05
23040.0	1.1518e-05
23050.0	1.26213e-05
23060.0	1.37839e-05
23070.0	1.50964e-05
23080.0	1.64699e-05
23090.0	1.79376e-05
23100.0	1.93964e-05
23110.0	2.08495e-05
23120.0	2.2285e-05
23130.0	2.37164e-05
23140.0	2.51444e-05
23150.0	2.6543e-05
23160.0	2.79217e-05
23170.0	2.92662e-05
23180.0	3.05504e-05
23190.0	3.18039e-05
23200.0	3.29967e-05
23210.0	3.41442e-05
23220.0	3.52501e-05
23230.0	3.65209e-05
23240.0	3.7893e-05
23250.0	3.94594e-05
23260.0	4.12459e-05
23270.0	4.31589e-05
23280.0	4.53862e-05
23290.0	4.78024e-05
23300.0	5.04216e-05
23310.0	5.32626e-05
23320.0	5.61917e-05
23330.000000000004	5.92774e-05
23340.0	6.25003e-05
23350.0	6.57919e-05
23360.0	6.90591e-05
23370.000000000004	7.23017e-05
23380.0	7.55139e-05
23390.0	7.85954e-05
23400.0	8.15874e-05
23410.000000000004	8.43626e-05
23420.0	8.69304e-05
23430.0	8.93667e-05
23440.0	9.14129e-05
23450.000000000004	9.33052e-05
23460.0	9.49692e-05
23470.0	9.62827e-05
23480.0	9.74045e-05
23490.000000000004	9.80825e-05
23500.0	9.84459e-05
23510.0	9.85793e-05
23520.0	9.82708e-05
23530.000000000004	9.78127e-05
23540.0	9.71149e-05
23550.0	9.61229e-05
23560.0	9.50216e-05
23570.000000000004	9.38437e-05
23580.0	9.26487e-05
23590.0	9.14388e-05
23600.0	9.0246e-05
23610.000000000004	8.91236e-05
23620.0	8.81482e-05
23630.0	8.73141e-05
23640.0	8.65534e-05
23650.000000000004	8.59345e-05
23660.0	8.53808e-05
23670.0	8.48928e-05
23680.0	8.45162e-05
23690.000000000004	8.41711e-05
23700.0	8.38713e-05
23710.0	8.36095e-05
23720.0	8.337e-05
23730.000000000004	8.31822e-05
23740.0	8.30067e-05
23750.0	8.28458e-05
23760.0	8.27085e-05
23769.999999999996	8.25643e-05
23780.0	8.2385e-05
23790.0	8.21016e-05
23800.0	8.17536e-05
23809.999999999996	8.12508e-05
23820.0	8.06961e-05
23830.0	8.00685e-05
23840.0	7.93653e-05
23849.999999999996	7.86274e-05
23860.0	7.78217e-05
23870.0	7.71235e-05
23880.0	7.64998e-05
23889.999999999996	7.60882e-05
23900.0	7.57947e-05
23910.0	7.56918e-05
23920.0	7.59685e-05
23929.999999999996	7.64406e-05
23940.0	7.73375e-05
23950.0	7.84193e-05
23960.0	7.96522e-05
23969.999999999996	8.09999e-05
23980.0	8.23944e-05
23990.0	8.38687e-05
24000.0	8.50474e-05
24009.999999999996	8.60432e-05
24020.0	8.65082e-05
24030.0	8.66668e-05
24040.0	8.65319e-05
24049.999999999996	8.58446e-05
24060.0	8.49208e-05
24070.0	8.35727e-05
24080.0	8.19023e-05
24089.999999999996	8.00817e-05
24100.0	7.82293e-05
24110.0	7.63592e-05
24120.0	7.44684e-05
24129.999999999996	7.2783e-05
24140.0	7.12167e-05
24150.0	6.99027e-05
24160.0	6.87928e-05
24169.999999999996	6.7805e-05
24180.0	6.70793e-05
24190.0	6.64709e-05
24200.0	6.60181e-05
24210.0	6.57657e-05
24220.0	6.55813e-05
24230.0	6.54869e-05
24240.0	6.55163e-05
24250.0	6.56261e-05
24260.0	6.59737e-05
24270.0	6.64032e-05
24280.0	6.69604e-05
24290.0	6.76597e-05
24300.0	6.84267e-05
24310.0	6.9327e-05
24320.0	7.01908e-05
24330.0	7.10269e-05
24340.0	7.17906e-05
24350.0	7.24813e-05
24360.0	7.3042e-05
24370.0	7.34419e-05
24380.0	7.37553e-05
24390.0	7.38707e-05
24400.0	7.3917e-05
24410.0	7.39004e-05
24420.0	7.37994e-05
24430.0	7.36617e-05
24440.0	7.34593e-05
24450.0	7.32678e-05
24460.0	7.30691e-05
24470.0	7.27545e-05
24480.0	7.23794e-05
24490.0	7.19398e-05
24500.0	7.13331e-05
24510.0	7.06544e-05
24520.0	6.98435e-05
24530.0	6.89215e-05
24540.0	6.79361e-05
24550.0	6.68356e-05
24560.0	6.56982e-05
24570.0	6.45153e-05
24580.000000000004	6.33405e-05
24590.0	6.21899e-05
24600.0	6.11176e-05
24610.0	6.01012e-05
24620.000000000004	5.91204e-05
24630.0	5.82581e-05
24640.0	5.7451e-05
24650.0	5.67254e-05
24660.000000000004	5.61032e-05
24670.0	5.55227e-05
24680.0	5.50069e-05
24690.0	5.45604e-05
24700.000000000004	5.41647e-05
24710.0	5.39039e-05
24720.0	5.3722e-05
24730.0	5.36716e-05
24740.000000000004	5.37636e-05
24750.0	5.39247e-05
24760.0	5.42193e-05
24770.0	5.45871e-05
24780.000000000004	5.50177e-05
24790.0	5.5276e-05
24800.0	5.54545e-05
24810.0	5.54922e-05
24820.000000000004	5.5334e-05
24830.0	5.50555e-05
24840.0	5.44249e-05
24850.0	5.36061e-05
24860.000000000004	5.25976e-05
24870.0	5.12895e-05
24880.0	4.98679e-05
24890.0	4.82506e-05
24900.000000000004	4.64562e-05
24910.0	4.45798e-05
24920.0	4.27588e-05
24930.0	4.09115e-05
24940.000000000004	3.90323e-05
24950.0	4.80692e-05
24960.0	5.84233e-05
24970.0	6.68184e-05
24980.000000000004	7.3654e-05
24990.0	7.97167e-05
25000.0	8.96071e-05
25010.0	9.55081e-05
25019.999999999996	9.95567e-05
25030.0	0.000103016
25040.0	0.000106167
25050.0	0.000109233
25059.999999999996	9.95281e-05
25070.0	8.8059e-05
25080.0	7.82031e-05
25090.0	7.10793e-05
25099.999999999996	6.37209e-05
25110.0	5.64333e-05
25120.0	4.9506e-05
25130.0	4.49969e-05
25139.999999999996	4.08173e-05
25150.0	3.6806e-05
25160.0	3.28601e-05
25170.0	2.93941e-05
25179.999999999996	2.66343e-05
25190.0	2.4151e-05
25200.0	2.14544e-05
25210.0	1.98573e-05
25219.999999999996	1.87924e-05
25230.0	1.7855e-05
25240.0	1.63527e-05
25250.0	1.4838e-05
25259.999999999996	1.39247e-05
25270.0	1.35221e-05
25280.0	1.31798e-05
25290.0	1.22651e-05
25299.999999999996	1.15935e-05
25310.0	1.12024e-05
25320.0	1.03684e-05
25330.0	9.65968e-06
25339.999999999996	9.35876e-06
25350.0	9.50492e-06
25360.0	9.36724e-06
25370.0	9.56656e-06
25379.999999999996	1.00098e-05
25390.0	1.06118e-05
25400.0	1.02071e-05
25410.0	9.55588e-06
25419.999999999996	9.04398e-06
25430.0	9.03695e-06
25440.0	8.94754e-06
25450.0	8.89145e-06
25460.0	8.94951e-06
25470.0	9.2485e-06
25480.0	7.83814e-06
25490.0	6.58764e-06
25500.0	5.84803e-06
25510.0	6.12825e-06
25520.0	6.94329e-06
25530.0	7.70363e-06
25540.0	8.19095e-06
25550.0	7.94073e-06
25560.0	7.11978e-06
25570.0	6.62611e-06
25580.0	6.74371e-06
25590.0	7.62135e-06
25600.0	8.55368e-06
25610.0	9.16761e-06
25620.0	9.29555e-06
25630.0	9.19087e-06
25640.0	9.05658e-06
25650.0	9.2016e-06
25660.0	9.85411e-06
25670.0	1.01778e-05
25680.0	1.05952e-05
25690.0	1.10155e-05
25700.0	1.13343e-05
25710.0	9.57095e-06
25720.0	8.51978e-06
25730.0	8.08345e-06
25740.0	7.92197e-06
25750.0	8.11095e-06
25760.0	8.23417e-06
25770.0	8.3363e-06
25780.0	8.68478e-06
25790.0	8.09048e-06
25800.0	7.67905e-06
25810.0	7.72421e-06
25820.0	8.3852e-06
25830.000000000004	8.81169e-06
25840.0	9.23662e-06
25850.0	9.70098e-06
25860.0	9.84861e-06
25870.000000000004	9.14853e-06
25880.0	8.24183e-06
25890.0	7.48167e-06
25900.0	6.99505e-06
25910.000000000004	6.38288e-06
25920.0	5.86073e-06
25930.0	5.62515e-06
25940.0	5.2585e-06
25950.000000000004	4.78311e-06
25960.0	4.12528e-06
25970.0	3.16271e-06
25980.0	3.22929e-06
25990.000000000004	3.27779e-06
26000.0	3.36781e-06
26010.0	3.8169e-06
26020.0	3.58768e-06
26030.000000000004	3.36091e-06
26040.0	3.54083e-06
26050.0	5.214e-06
26060.0	6.31972e-06
26070.000000000004	6.91684e-06
26080.0	7.03235e-06
26090.0	6.78591e-06
26100.0	7.13863e-06
26110.000000000004	7.70725e-06
26120.0	8.34047e-06
26130.0	9.12863e-06
26140.0	9.67324e-06
26150.000000000004	9.60071e-06
26160.0	8.63113e-06
26170.0	7.76942e-06
26180.0	7.33223e-06
26190.000000000004	7.18501e-06
26200.0	7.20416e-06
26210.0	7.18434e-06
26220.0	6.92234e-06
26230.000000000004	6.47469e-06
26240.0	5.93426e-06
26250.0	5.21054e-06
26260.0	4.47256e-06
26269.999999999996	3.72757e-06
26280.0	2.94348e-06
26290.0	3.09898e-06
26300.0	3.7039e-06
26309.999999999996	4.47085e-06
26320.0	4.55219e-06
26330.0	4.12318e-06
26340.0	3.66755e-06
26349.999999999996	3.38635e-06
26360.0	3.57824e-06
26370.0	3.67329e-06
26380.0	3.70659e-06
26389.999999999996	3.67286e-06
26400.0	3.15247e-06
26410.0	2.3335e-06
26420.0	1.49941e-06
26429.999999999996	8.89207e-07
26440.0	1.13753e-06
26450.0	1.4603e-06
26460.0	2.10335e-06
26469.999999999996	3.44309e-06
26480.0	5.13619e-06
26490.0	6.29108e-06
26500.0	7.17826e-06
26509.999999999996	8.48276e-06
26520.0	9.25552e-06
26530.0	9.82845e-06
26540.0	1.02083e-05
26549.999999999996	1.0233e-05
26560.0	9.89842e-06
26570.0	9.39115e-06
26580.0	8.64612e-06
26589.999999999996	7.0138e-06
26600.0	6.64034e-06
26610.0	6.50736e-06
26620.0	6.18022e-06
26629.999999999996	5.48005e-06
26640.0	4.95445e-06
26650.0	4.6551e-06
26660.0	4.63334e-06
26669.999999999996	4.99242e-06
26680.0	4.58597e-06
26690.0	4.17717e-06
26700.0	4.57525e-06
26710.0	4.31961e-06
26720.0	4.14678e-06
26730.0	4.20823e-06
26740.0	4.73915e-06
26750.0	5.11893e-06
26760.0	5.3981e-06
26770.0	5.5604e-06
26780.0	5.53712e-06
26790.0	5.4781e-06
26800.0	5.31239e-06
26810.0	5.02256e-06
26820.0	4.58991e-06
26830.0	4.43069e-06
26840.0	4.57924e-06
26850.0	4.96826e-06
26860.0	4.92382e-06
26870.0	4.70295e-06
26880.0	4.39376e-06
26890.0	4.05359e-06
26900.0	3.98748e-06
26910.0	3.91171e-06
26920.0	3.84699e-06
26930.0	3.8109e-06
26940.0	3.56157e-06
26950.0	3.50353e-06
26960.0	3.70197e-06
26970.0	4.26305e-06
26980.0	4.50486e-06
26990.0	4.5351e-06
27000.0	4.51673e-06
27010.0	4.7659e-06
27020.0	5.25398e-06
27030.0	5.66509e-06
27040.0	5.82165e-06
27050.0	5.26741e-06
27060.0	4.76857e-06
27070.0	4.09456e-06
27080.000000000004	3.29509e-06
27090.0	2.97864e-06
27100.0	2.89526e-06
27110.0	2.87726e-06
27120.000000000004	2.84215e-06
27130.0	2.60454e-06
27140.0	2.35381e-06
27150.0	2.19341e-06
27160.000000000004	2.17787e-06
27170.0	1.64461e-06
27180.0	1.4645e-06
27190.0	1.3973e-06
27200.000000000004	1.20771e-06
27210.0	1.20224e-06
27220.0	1.05343e-06
27230.0	7.57727e-07
27240.000000000004	3.10984e-07
27250.0	2.1535e-07
27260.0	1.8755e-07
27270.0	1.87337e-07
27280.000000000004	1.86345e-07
27290.0	1.8621e-07
27300.0	1.91514e-07
27310.0	2.72983e-07
27320.000000000004	7.24011e-07
27330.0	1.23477e-06
27340.0	1.46534e-06
27350.0	1.36134e-06
27360.000000000004	1.36134e-06
27370.0	1.40309e-06
27380.0	1.4878e-06
27390.0	1.60899e-06
27400.000000000004	1.60899e-06
27410.0	1.60794e-06
27420.0	1.45363e-06
27430.0	1.01738e-06
27440.000000000004	8.96131e-07
27450.0	9.03031e-07
27460.0	9.56626e-07
27470.0	9.56626e-07
27480.000000000004	9.0502e-07
27490.0	8.10981e-07
27500.0	7.37093e-07
27510.0	8.08662e-07
27519.999999999996	1.25899e-06
27530.0	2.17359e-06
27540.0	3.15622e-06
27550.0	2.92085e-06
27559.999999999996	2.80949e-06
27570.0	2.76462e-06
27580.0	2.76453e-06
27590.0	2.76385e-06
27599.999999999996	2.93972e-06
27610.0	3.13848e-06
27620.0	3.27935e-06
27630.0	3.14598e-06
27639.999999999996	2.37102e-06
27650.0	1.86991e-06
27660.0	2.18854e-06
27670.0	2.19318e-06
27679.999999999996	2.29169e-06
27690.0	2.38809e-06
27700.0	2.38809e-06
27710.0	2.29085e-06
27719.999999999996	2.10595e-06
27730.0	1.83282e-06
27740.0	1.4613e-06
27750.0	1.24581e-06
27759.999999999996	1.01035e-06
27770.0	8.81567e-07
27780.0	1.22157e-06
27790.0	1.14214e-06
27799.999999999996	1.07412e-06
27810.0	1.05461e-06
27820.0	9.2652e-07
27830.0	9.10415e-07
27839.999999999996	9.15524e-07
27850.0	9.11606e-07
27860.0	8.75538e-07
27870.0	8.29954e-07
27879.999999999996	7.72114e-07
27890.0	7.051e-07
27900.0	7.04982e-07
27910.0	7.12934e-07
27919.999999999996	7.47511e-07
27930.0	8.23798e-07
27940.0	8.1327e-07
27950.0	8.65274e-07
27960.0	9.67303e-07
27970.0	1.10827e-06
27980.0	9.371e-07
27990.0	6.9686e-07
28000.0	4.89718e-07
28010.0	4.89718e-07
28020.0	4.7774e-07
28030.0	4.27961e-07
28040.0	3.63522e-07
28050.0	3.63689e-07
28060.0	2.91772e-07
28070.0	1.61795e-07
28080.0	1.05089e-08
28090.0	1.05089e-08
28100.0	1.31695e-07
28110.0	2.42455e-07
28120.0	3.70985e-07
28130.0	1.25476e-06
28140.0	1.88774e-06
28150.0	2.22175e-06
28160.0	2.22282e-06
28170.0	2.25952e-06
28180.0	2.3819e-06
28190.0	2.63316e-06
28200.0	3.064e-06
28210.0	3.07494e-06
28220.0	3.04054e-06
28230.0	2.75472e-06
28240.0	1.87094e-06
28250.0	1.46172e-06
28260.0	1.304e-06
28270.0	1.33881e-06
28280.0	1.49364e-06
28290.0	1.60479e-06
28300.0	1.65654e-06
28310.0	1.70311e-06
28320.0	1.9616e-06
28330.000000000004	2.30321e-06
28340.0	2.70113e-06
28350.0	3.08708e-06
28360.0	3.0567e-06
28370.000000000004	3.05278e-06
28380.0	3.00398e-06
28390.0	2.88003e-06
28400.0	2.75382e-06
28410.000000000004	2.58295e-06
28420.0	2.40594e-06
28430.0	2.24943e-06
28440.0	2.0202e-06
28450.000000000004	1.67976e-06
28460.0	1.36017e-06
28470.0	1.21862e-06
28480.0	1.27971e-06
28490.000000000004	1.34707e-06
28500.0	1.3699e-06
28510.0	1.2673e-06
28520.0	1.03626e-06
28530.000000000004	1.1105e-06
28540.0	1.43611e-06
28550.0	1.72405e-06
28560.0	1.9513e-06
28570.000000000004	2.28676e-06
28580.0	2.70634e-06
28590.0	2.91235e-06
28600.0	2.93508e-06
28610.000000000004	2.90438e-06
28620.0	2.87094e-06
28630.0	2.88427e-06
28640.0	2.63024e-06
28650.000000000004	2.58354e-06
28660.0	2.99843e-06
28670.0	3.14877e-06
28680.0	2.96913e-06
28690.000000000004	2.65839e-06
28700.0	2.38577e-06
28710.0	3.22846e-06
28720.0	3.98262e-06
28730.000000000004	4.51445e-06
28740.0	4.63641e-06
28750.0	4.85517e-06
28760.0	4.937e-06
28769.999999999996	4.96925e-06
28780.0	5.1872e-06
28790.0	6.25707e-06
28800.0	7.11592e-06
28809.999999999996	7.50729e-06
28820.0	7.09908e-06
28830.0	7.04452e-06
28840.0	7.66392e-06
28849.999999999996	8.7742e-06
28860.0	8.59667e-06
28870.0	8.36125e-06
28880.0	8.21818e-06
28889.999999999996	8.13973e-06
28900.0	6.83898e-06
28910.0	6.22554e-06
28920.0	5.85695e-06
28929.999999999996	5.44265e-06
28940.0	5.16466e-06
28950.0	4.1285e-06
28960.0	3.06561e-06
28969.999999999996	2.79999e-06
28980.0	2.25144e-06
28990.0	1.73618e-06
29000.0	1.37113e-06
29009.999999999996	1.35595e-06
29020.0	1.31844e-06
29030.0	1.36314e-06
29040.0	1.44744e-06
29049.999999999996	1.42159e-06
29060.0	1.73855e-06
29070.0	1.91412e-06
29080.0	1.97898e-06
29089.999999999996	2.54929e-06
29100.0	3.09495e-06
29110.0	3.74616e-06
29120.0	4.49239e-06
29129.999999999996	4.83317e-06
29140.0	5.07763e-06
29150.0	5.22264e-06
29160.0	5.24764e-06
29169.999999999996	4.87493e-06
29180.0	4.77313e-06
29190.0	4.58898e-06
29200.0	4.01022e-06
29210.0	3.33025e-06
29220.0	2.79422e-06
29230.0	2.42394e-06
29240.0	2.26132e-06
29250.0	2.32382e-06
29260.0	2.21739e-06
29270.0	2.03403e-06
29280.0	2.03028e-06
29290.0	2.00933e-06
29300.0	2.05082e-06
29310.0	2.13277e-06
29320.0	2.1373e-06
29330.0	1.86121e-06
29340.0	1.66262e-06
29350.0	1.61195e-06
29360.0	1.55341e-06
29370.0	1.44851e-06
29380.0	1.40291e-06
29390.0	1.4529e-06
29400.0	1.4529e-06
29410.0	1.38168e-06
29420.0	1.36325e-06
29430.0	1.49355e-06
29440.0	2.24353e-06
29450.0	2.65409e-06
29460.0	2.79292e-06
29470.0	2.71017e-06
29480.0	3.49544e-06
29490.0	3.97405e-06
29500.0	4.26702e-06
29510.0	4.63953e-06
29520.0	4.80525e-06
29530.0	4.79553e-06
29540.0	4.53471e-06
29550.0	3.78307e-06
29560.0	3.28336e-06
29570.0	2.85331e-06
29580.000000000004	2.53462e-06
29590.0	2.67928e-06
29600.0	3.0557e-06
29610.0	3.48408e-06
29620.000000000004	3.88145e-06
29630.0	4.05293e-06
29640.0	4.31149e-06
29650.0	4.49429e-06
29660.000000000004	4.53113e-06
29670.0	4.82223e-06
29680.0	5.06488e-06
29690.0	4.91018e-06
29700.000000000004	4.03976e-06
29710.0	4.08935e-06
29720.0	3.66076e-06
29730.0	3.10328e-06
29740.000000000004	2.8903e-06
29750.0	2.96264e-06
29760.0	3.38477e-06
29770.0	3.98354e-06
29780.000000000004	4.40481e-06
29790.0	4.81937e-06
29800.0	5.28974e-06
29810.0	5.59079e-06
29820.000000000004	4.91757e-06
29830.0	4.72446e-06
29840.0	4.68709e-06
29850.0	4.7988e-06
29860.000000000004	5.48414e-06
29870.0	5.90219e-06
29880.0	6.03523e-06
29890.0	5.86995e-06
29900.000000000004	5.4852e-06
29910.0	4.86598e-06
29920.0	4.55166e-06
29930.0	4.91372e-06
29940.000000000004	5.95564e-06
29950.0	6.60479e-06
29960.0	6.65254e-06
29970.0	5.8312e-06
29980.000000000004	5.80336e-06
29990.0	5.43397e-06
30000.0	4.93189e-06
30010.0	4.69092e-06
30019.999999999996	4.69829e-06
30030.0	4.44618e-06
30040.0	3.92654e-06
30050.0	3.22506e-06
30059.999999999996	3.40855e-06
30070.0	3.8556e-06
30080.0	4.29845e-06
30090.0	4.10192e-06
30099.999999999996	4.44678e-06
30110.0	4.6996e-06
30120.0	4.69549e-06
30130.0	4.74525e-06
30139.999999999996	4.9581e-06
30150.0	5.15347e-06
30160.0	5.22153e-06
30170.0	4.87872e-06
30179.999999999996	4.63714e-06
30190.0	4.41068e-06
30200.0	4.1317e-06
30210.0	5.03533e-06
30219.999999999996	6.55496e-06
30230.0	8.15239e-06
30240.0	9.13591e-06
30250.0	9.88955e-06
30259.999999999996	1.07221e-05
30270.0	1.14536e-05
30280.0	1.16673e-05
30290.0	1.17099e-05
30299.999999999996	1.19396e-05
30310.0	1.21683e-05
30320.0	1.16234e-05
30330.0	1.14364e-05
30339.999999999996	1.13651e-05
30350.0	1.12394e-05
30360.0	1.04498e-05
30370.0	9.8284e-06
30379.999999999996	9.74206e-06
30390.0	1.02826e-05
30400.0	1.06382e-05
30410.0	1.0633e-05
30419.999999999996	1.0529e-05
30430.0	1.0438e-05
30440.0	8.71254e-06
30450.0	7.44911e-06
30460.0	6.67402e-06
30470.0	6.45322e-06
30480.0	5.93165e-06
30490.0	4.91095e-06
30500.0	3.92866e-06
30510.0	3.85447e-06
30520.0	4.27888e-06
30530.0	4.70552e-06
30540.0	5.27229e-06
30550.0	6.4584e-06
30560.0	7.05133e-06
30570.0	7.66587e-06
30580.0	8.31881e-06
30590.0	8.61811e-06
30600.0	8.6588e-06
30610.0	8.33931e-06
30620.0	7.60286e-06
30630.0	6.33363e-06
30640.0	5.10561e-06
30650.0	3.96676e-06
30660.0	3.01085e-06
30670.0	3.26422e-06
30680.0	3.38079e-06
30690.0	3.34631e-06
30700.0	3.14169e-06
30710.0	3.4631e-06
30720.0	3.58865e-06
30730.0	3.70489e-06
30740.0	4.04469e-06
30750.0	4.66345e-06
30760.0	5.65784e-06
30770.0	6.8309e-06
30780.0	7.80674e-06
30790.0	7.99185e-06
30800.0	8.18062e-06
30810.0	8.33846e-06
30820.0	8.02562e-06
30830.000000000004	8.32861e-06
30840.0	8.68565e-06
30850.0	8.91341e-06
30860.0	8.7433e-06
30870.000000000004	8.00907e-06
30880.0	6.92846e-06
30890.0	5.69937e-06
30900.0	5.5662e-06
30910.000000000004	5.72186e-06
30920.0	6.16796e-06
30930.0	6.86976e-06
30940.0	6.21932e-06
30950.000000000004	5.73666e-06
30960.0	5.53687e-06
30970.0	5.75348e-06
30980.0	6.46885e-06
30990.000000000004	7.02839e-06
31000.0	7.41378e-06
31010.0	7.6035e-06
31020.0	7.72003e-06
31030.000000000004	7.92549e-06
31040.0	8.27547e-06
31050.0	8.88386e-06
31060.0	9.1747e-06
31070.000000000004	9.02826e-06
31080.0	8.50023e-06
31090.0	7.87161e-06
31100.0	7.81507e-06
31110.000000000004	8.00971e-06
31120.0	8.25386e-06
31130.0	7.78928e-06
31140.0	7.16588e-06
31150.000000000004	6.96744e-06
31160.0	7.46111e-06
31170.0	8.18402e-06
31180.0	9.46943e-06
31190.000000000004	1.06634e-05
31200.0	1.12744e-05
31210.0	1.11804e-05
31220.0	1.12792e-05
31230.000000000004	1.1622e-05
31240.0	1.22905e-05
31250.0	1.29453e-05
31260.0	1.31163e-05
31269.999999999996	1.29242e-05
31280.0	1.26029e-05
31290.0	1.10427e-05
31300.0	9.80051e-06
31309.999999999996	9.12469e-06
31320.0	9.21915e-06
31330.0	8.93562e-06
31340.0	8.89495e-06
31349.999999999996	9.14531e-06
31360.0	9.22802e-06
31370.0	9.64513e-06
31380.0	1.02511e-05
31389.999999999996	1.10161e-05
31400.0	1.20935e-05
31410.0	1.27745e-05
31420.0	1.31941e-05
31429.999999999996	1.33864e-05
31440.0	1.26146e-05
31450.0	1.17142e-05
31460.0	1.10015e-05
31469.999999999996	1.07836e-05
31480.0	1.04976e-05
31490.0	1.02863e-05
31500.0	1.0375e-05
31509.999999999996	1.11221e-05
31520.0	1.20545e-05
31530.0	1.20147e-05
31540.0	1.13462e-05
31549.999999999996	1.10005e-05
31560.0	1.05758e-05
31570.0	1.02644e-05
31580.0	1.01601e-05
31589.999999999996	1.05051e-05
31600.0	9.88699e-06
31610.0	9.03954e-06
31620.0	8.14081e-06
31629.999999999996	7.02085e-06
31640.0	7.0476e-06
31650.0	7.46064e-06
31660.0	7.89509e-06
31669.999999999996	7.85592e-06
31680.0	7.35866e-06
31690.0	6.40881e-06
31700.0	5.00256e-06
31710.0	5.15191e-06
31720.0	5.41181e-06
31730.0	5.56069e-06
31740.0	5.33327e-06
31750.0	4.78232e-06
31760.0	4.46667e-06
31770.0	4.60941e-06
31780.0	5.61756e-06
31790.0	6.9212e-06
31800.0	7.97497e-06
31810.0	8.50658e-06
31820.0	7.87215e-06
31830.0	6.67232e-06
31840.0	5.76615e-06
31850.0	5.30012e-06
31860.0	5.09454e-06
31870.0	5.01589e-06
31880.0	4.77976e-06
31890.0	4.23772e-06
31900.0	3.02628e-06
31910.0	2.02307e-06
31920.0	1.58911e-06
31930.0	1.94315e-06
31940.0	2.64054e-06
31950.0	3.25553e-06
31960.0	3.8954e-06
31970.0	4.6566e-06
31980.0	5.76807e-06
31990.0	6.26446e-06
32000.0	6.51024e-06
32010.0	7.02172e-06
32020.0	8.28991e-06
32030.0	9.61731e-06
32040.0	1.08671e-05
32050.0	1.18488e-05
32060.0	1.30464e-05
32070.0	1.4089e-05
32080.000000000004	1.47985e-05
32090.0	1.47229e-05
32100.0	1.51088e-05
32110.0	1.56336e-05
32120.000000000004	1.60408e-05
32130.0	1.52778e-05
32140.0	1.40209e-05
32150.0	1.26901e-05
32160.000000000004	1.14689e-05
32170.0	1.03868e-05
32180.0	9.1781e-06
32190.0	7.9812e-06
32200.000000000004	6.89503e-06
32210.0	6.04276e-06
32220.0	5.81217e-06
32230.0	5.9142e-06
32240.000000000004	6.05661e-06
32250.0	6.07878e-06
32260.0	5.88038e-06
32270.0	5.4442e-06
32280.000000000004	4.72165e-06
32290.0	4.65326e-06
32300.0	4.76512e-06
32310.0	5.00486e-06
32320.000000000004	5.38808e-06
32330.0	5.52889e-06
32340.0	5.67866e-06
32350.0	5.89167e-06
32360.000000000004	6.18119e-06
32370.0	6.89802e-06
32380.0	7.76343e-06
32390.0	8.61717e-06
32400.000000000004	8.88549e-06
32410.0	9.09905e-06
32420.0	9.14171e-06
32430.0	8.89851e-06
32440.000000000004	7.50903e-06
32450.0	6.45795e-06
32460.0	5.83446e-06
32470.0	5.74598e-06
32480.000000000004	6.02916e-06
32490.0	6.08179e-06
32500.0	6.03173e-06
32510.0	6.05369e-06
32519.999999999996	6.45399e-06
32530.0	7.17391e-06
32540.0	8.32632e-06
32550.0	1.02116e-05
32559.999999999996	1.24286e-05
32570.0	1.35416e-05
32580.0	1.35567e-05
32590.0	1.31683e-05
32599.999999999996	1.34695e-05
32610.0	1.38452e-05
32620.0	1.40363e-05
32630.0	1.34604e-05
32639.999999999996	1.24465e-05
32650.0	1.11013e-05
32660.0	9.43838e-06
32670.0	7.26215e-06
32679.999999999996	6.21958e-06
32690.0	5.6847e-06
32700.0	5.27443e-06
32710.0	4.96081e-06
32719.999999999996	4.76221e-06
32730.0	4.68191e-06
32740.0	4.73332e-06
32750.0	4.88828e-06
32759.999999999996	5.02488e-06
32770.0	5.19068e-06
32780.0	5.47638e-06
32790.0	6.3191e-06
32800.0	6.98089e-06
32810.0	7.22943e-06
32820.0	6.61088e-06
32830.0	5.92691e-06
32840.0	5.62614e-06
32850.0	5.66354e-06
32860.0	5.46408e-06
32870.0	5.19347e-06
32880.0	5.08164e-06
32890.0	5.17305e-06
32900.0	5.18935e-06
32910.0	5.37887e-06
32920.0	5.62835e-06
32930.0	5.88566e-06
32940.0	6.2219e-06
32950.0	6.27622e-06
32960.0	6.42814e-06
32970.0	6.9946e-06
32980.0	7.57502e-06
32990.0	7.48772e-06
33000.0	6.87472e-06
33010.0	5.88311e-06
33020.0	5.37927e-06
33030.0	5.4665e-06
33040.0	6.07912e-06
33050.0	7.12581e-06
33060.0	8.53249e-06
33070.0	9.4429e-06
33080.0	9.85469e-06
33090.0	1.01319e-05
33100.0	1.10759e-05
33110.0	1.19402e-05
33120.0	1.24571e-05
33130.0	1.21863e-05
33140.0	1.14573e-05
33150.0	1.05006e-05
33160.0	9.3847e-06
33170.0	7.93772e-06
33180.0	7.41589e-06
33190.0	7.46316e-06
33200.0	7.85578e-06
33210.0	7.34806e-06
33220.0	7.01099e-06
33230.0	6.84107e-06
33240.0	6.84898e-06
33250.0	7.70057e-06
33260.0	8.12624e-06
33270.0	8.1802e-06
33280.0	7.97624e-06
33290.0	7.71847e-06
33300.0	7.40066e-06
33310.0	7.20393e-06
33320.0	7.60581e-06
33330.0	7.97373e-06
33340.0	8.31632e-06
33350.0	8.45247e-06
33360.0	7.61244e-06
33370.0	6.98399e-06
33380.0	6.64085e-06
33390.0	6.55619e-06
33400.0	6.30319e-06
33410.0	5.88757e-06
33420.0	5.20955e-06
33430.0	4.24029e-06
33440.0	3.58605e-06
33450.0	3.41538e-06
33460.0	3.64806e-06
33470.0	4.24749e-06
33480.0	4.72327e-06
33490.0	4.9171e-06
33500.0	4.89282e-06
33510.0	4.71389e-06
33520.0	4.67428e-06
33530.0	4.95532e-06
33540.0	5.53981e-06
33550.0	6.40403e-06
33560.0	6.45672e-06
33570.0	6.0444e-06
33580.0	5.388e-06
33590.0	5.01698e-06
33600.0	5.21766e-06
33610.0	5.4111e-06
33620.0	5.40247e-06
33630.0	4.89535e-06
33640.0	4.39821e-06
33650.0	3.76681e-06
33660.0	2.96864e-06
33670.0	2.30514e-06
33680.0	2.09659e-06
33690.0	2.22978e-06
33700.0	2.63322e-06
33710.0	2.54157e-06
33720.0	2.52617e-06
33730.0	2.54395e-06
33740.0	2.55537e-06
33750.0	2.58268e-06
33760.0	2.63764e-06
33770.0	2.77249e-06
33780.0	3.07646e-06
33790.0	3.86218e-06
33800.0	4.58311e-06
33810.0	5.14564e-06
33820.0	5.42933e-06
33830.0	5.2445e-06
33840.0	5.37031e-06
33850.0	5.88335e-06
33860.0	6.54475e-06
33870.0	7.21802e-06
33880.0	7.86348e-06
33890.0	8.3784e-06
33900.0	8.13404e-06
33910.0	7.71096e-06
33920.0	7.3244e-06
33930.0	7.10554e-06
33940.0	7.43547e-06
33950.0	7.27614e-06
33960.0	6.83158e-06
33970.0	6.23867e-06
33980.0	5.74471e-06
33990.0	5.61122e-06
34000.0	5.72158e-06
34010.0	5.95252e-06
34020.0	5.78654e-06
34030.0	5.91105e-06
34040.0	6.34233e-06
34050.0	7.07202e-06
34060.0	7.76923e-06
34070.0	8.18182e-06
34080.0	8.28078e-06
34090.0	8.04978e-06
34100.0	8.63149e-06
34110.0	9.14208e-06
34120.0	9.39459e-06
34130.0	9.47413e-06
34140.0	9.12564e-06
34150.0	8.54761e-06
34160.0	7.81808e-06
34170.0	7.0509e-06
34180.0	6.84988e-06
34190.0	7.03233e-06
34200.0	7.45416e-06
34210.0	6.45477e-06
34220.0	5.65865e-06
34230.0	5.19877e-06
34240.0	5.22747e-06
34250.0	5.85819e-06
34260.0	6.75939e-06
34270.0	7.94713e-06
34280.0	9.48553e-06
34290.0	1.10238e-05
34300.0	1.18021e-05
34310.0	1.18866e-05
34320.0	1.15153e-05
34330.0	1.11762e-05
34340.0	1.09733e-05
34350.0	1.0876e-05
34360.0	1.07037e-05
34370.0	1.03856e-05
34380.0	9.78466e-06
34390.0	8.79902e-06
34400.0	7.05563e-06
34410.0	5.96385e-06
34420.0	5.32693e-06
34430.0	5.09528e-06
34440.0	5.53239e-06
34450.0	5.57386e-06
34460.0	5.25895e-06
34470.0	4.59498e-06
34480.0	3.7974e-06
34490.0	3.41588e-06
34500.0	3.46446e-06
34510.0	3.99644e-06
34520.0	4.57848e-06
34530.0	4.93689e-06
34540.0	4.94928e-06
34550.0	4.37676e-06
34560.0	4.21944e-06
34570.0	4.14067e-06
34580.0	4.00691e-06
34590.0	3.54247e-06
34600.0	3.17447e-06
34610.0	3.15137e-06
34620.0	3.45459e-06
34630.0	3.72287e-06
34640.0	3.60269e-06
34650.0	3.59337e-06
34660.0	3.86379e-06
34670.0	4.26271e-06
34680.0	4.39504e-06
34690.0	4.56603e-06
34700.0	4.94971e-06
34710.0	5.4624e-06
34720.0	5.58295e-06
34730.0	5.4804e-06
34740.0	5.29071e-06
34750.0	5.51424e-06
34760.0	5.44128e-06
34770.0	5.06778e-06
34780.0	4.37632e-06
34790.0	4.12053e-06
34800.0	3.95591e-06
34810.0	3.76239e-06
34820.0	3.32689e-06
34830.0	2.64522e-06
34840.0	1.95666e-06
34850.0	1.38533e-06
34860.0	1.25101e-06
34870.0	1.42877e-06
34880.0	1.63275e-06
34890.0	1.78456e-06
34900.0	1.88924e-06
34910.0	1.83413e-06
34920.0	1.75981e-06
34930.0	1.75823e-06
34940.0	2.21386e-06
34950.0	2.43811e-06
34960.0	2.44842e-06
34970.0	2.2451e-06
34980.0	1.98227e-06
34990.0	2.2125e-06
35000.0	2.84905e-06
35010.0	3.82813e-06
35020.0	4.2691e-06
35030.0	4.57133e-06
35040.0	4.62617e-06
35050.0	4.1807e-06
35060.0	4.31483e-06
35070.0	4.73201e-06
35080.0	5.2778e-06
35090.0	5.62561e-06
35100.0	5.42875e-06
35110.0	4.76163e-06
35120.0	3.78987e-06
35130.0	3.21838e-06
35140.0	2.96937e-06
35150.0	3.15506e-06
35160.0	3.77298e-06
35170.0	4.34646e-06
35180.0	4.88629e-06
35190.0	5.29026e-06
35200.0	5.48527e-06
35210.0	5.29243e-06
35220.0	5.20236e-06
35230.0	5.21501e-06
35240.0	5.33796e-06
35250.0	5.47623e-06
35260.0	5.43614e-06
35270.0	5.22973e-06
35280.0	4.86148e-06
35290.0	3.79693e-06
35300.0	3.00326e-06
35310.0	2.53311e-06
35320.0	2.37913e-06
35330.0	2.42371e-06
35340.0	2.96951e-06
35350.0	3.99072e-06
35360.0	5.26056e-06
35370.0	5.42736e-06
35380.0	5.1524e-06
35390.0	4.72564e-06
35400.0	4.86738e-06
35410.0	5.42033e-06
35420.0	6.23785e-06
35430.0	7.22379e-06
35440.0	7.83899e-06
35450.0	7.36345e-06
35460.0	6.32709e-06
35470.0	5.07668e-06
35480.0	4.95053e-06
35490.0	4.9325e-06
35500.0	4.90977e-06
35510.0	4.75912e-06
35520.0	4.24431e-06
35530.0	3.54692e-06
35540.0	2.77414e-06
35550.0	2.09028e-06
35560.0	1.87614e-06
35570.0	1.65535e-06
35580.0	1.40426e-06
35590.0	1.19748e-06
35600.0	1.18692e-06
35610.0	1.1967e-06
35620.0	1.17229e-06
35630.0	1.02746e-06
35640.0	8.28496e-07
35650.0	7.10491e-07
35660.0	7.05759e-07
35670.0	6.89124e-07
35680.0	5.5304e-07
35690.0	3.54201e-07
35700.0	1.27889e-07
35710.0	4.51665e-08
35720.0	1.99653e-08
35730.0	8.63845e-08
35740.0	2.79428e-07
35750.0	6.83688e-07
35760.0	1.26889e-06
35770.0	1.88959e-06
35780.0	2.35192e-06
35790.0	2.90071e-06
35800.0	3.64909e-06
35810.0	4.43298e-06
35820.0	4.89183e-06
35830.0	5.19094e-06
35840.0	5.4227e-06
35850.0	5.55351e-06
35860.0	5.41613e-06
35870.0	5.16733e-06
35880.0	4.96047e-06
35890.0	4.77981e-06
35900.0	4.30547e-06
35910.0	3.55972e-06
35920.0	2.89441e-06
35930.0	2.4543e-06
35940.0	2.17907e-06
35950.0	1.98217e-06
35960.0	1.77943e-06
35970.0	1.51347e-06
35980.0	1.09925e-06
35990.0	7.40919e-07
36000.0	4.89551e-07
36010.0	4.0782e-07
36020.0	4.28264e-07
36030.0	6.77055e-07
36040.0	1.11108e-06
36050.0	1.67014e-06
36060.0	2.08442e-06
36070.0	2.43293e-06
36080.0	2.69946e-06
36090.0	2.81263e-06
36100.0	2.91199e-06
36110.0	2.96404e-06
36120.0	2.9578e-06
36130.0	2.87265e-06
36140.0	2.5384e-06
36150.0	2.06778e-06
36160.0	1.49955e-06
36170.0	8.81849e-07
36180.0	5.01649e-07
36190.0	3.89611e-07
36200.0	6.00623e-07
36210.0	1.54978e-06
36220.0	3.03947e-06
36230.0	4.80975e-06
36240.0	6.67135e-06
36250.0	7.41602e-06
36260.0	7.78343e-06
36270.0	8.01368e-06
36280.0	8.40644e-06
36290.0	8.58717e-06
36300.0	8.49073e-06
36310.0	8.02775e-06
36320.0	6.98445e-06
36330.0	5.66893e-06
36340.0	4.48356e-06
36350.0	3.58747e-06
36360.0	3.33446e-06
36370.0	3.26778e-06
36380.0	3.17492e-06
36390.0	3.08631e-06
36400.0	3.45648e-06
36410.0	4.01458e-06
36420.0	4.95202e-06
36430.0	6.29741e-06
36440.0	7.3699e-06
36450.0	7.88171e-06
36460.0	8.00206e-06
36470.0	7.8221e-06
36480.0	7.69008e-06
36490.0	7.54809e-06
36500.0	7.31324e-06
36510.0	6.8948e-06
36520.0	6.69212e-06
36530.0	6.23886e-06
36540.0	5.58803e-06
36550.0	4.82543e-06
36560.0	4.41223e-06
36570.0	4.63857e-06
36580.0	5.29662e-06
36590.0	5.839e-06
36600.0	6.29785e-06
36610.0	6.88584e-06
36620.0	7.56086e-06
36630.0	7.99191e-06
36640.0	7.8649e-06
36650.0	7.60194e-06
36660.0	7.33612e-06
36670.0	7.10876e-06
36680.0	6.75233e-06
36690.0	6.56618e-06
36700.0	6.68464e-06
36710.0	6.73579e-06
36720.0	6.32155e-06
36730.0	5.66246e-06
36740.0	4.91475e-06
36750.0	4.9135e-06
36760.0	5.2822e-06
36770.0	5.67075e-06
36780.0	5.64072e-06
36790.0	5.42659e-06
36800.0	5.02304e-06
36810.0	4.48786e-06
36820.0	3.9202e-06
36830.0	4.08696e-06
36840.0	4.85644e-06
36850.0	5.94908e-06
36860.0	6.5759e-06
36870.0	6.16861e-06
36880.0	5.71253e-06
36890.0	5.44602e-06
36900.0	5.40526e-06
36910.0	6.15669e-06
36920.0	7.1091e-06
36930.0	7.96748e-06
36940.0	7.99724e-06
36950.0	7.20799e-06
36960.0	6.15895e-06
36970.0	5.19943e-06
36980.0	5.09062e-06
36990.0	5.1319e-06
37000.0	5.28072e-06
37010.0	5.50453e-06
37020.0	5.23133e-06
37030.0	4.95737e-06
37040.0	4.78093e-06
37050.0	4.84456e-06
37060.0	5.35665e-06
37070.0	5.99016e-06
37080.0	6.58192e-06
37090.0	6.80407e-06
37100.0	6.96998e-06
37110.0	7.06502e-06
37120.0	7.04901e-06
37130.0	6.76851e-06
37140.0	6.70085e-06
37150.0	6.80361e-06
37160.0	7.00025e-06
37170.0	6.82823e-06
37180.0	6.15056e-06
37190.0	5.45721e-06
37200.0	4.976e-06
37210.0	4.62678e-06
37220.0	4.20366e-06
37230.0	3.72734e-06
37240.0	3.21205e-06
37250.0	2.96615e-06
37260.0	2.54676e-06
37270.0	2.19204e-06
37280.0	2.19454e-06
37290.0	2.8228e-06
37300.0	3.52321e-06
37310.0	4.20706e-06
37320.0	4.75978e-06
37330.0	4.9508e-06
37340.0	5.00769e-06
37350.0	4.91224e-06
37360.0	4.50894e-06
37370.0	4.40003e-06
37380.0	4.1462e-06
37390.0	3.70591e-06
37400.0	3.37116e-06
37410.0	3.14301e-06
37420.0	2.7463e-06
37430.0	2.13128e-06
37440.0	1.83863e-06
37450.0	1.75914e-06
37460.0	1.75139e-06
37470.0	1.72832e-06
37480.0	1.45961e-06
37490.0	1.29304e-06
37500.0	1.18587e-06
37510.0	1.10312e-06
37520.0	6.45455e-07
37530.0	4.72334e-07
37540.0	4.70739e-07
37550.0	4.70739e-07
37560.0	4.84939e-07
37570.0	7.23148e-07
37580.0	1.20265e-06
37590.0	1.94958e-06
37600.0	2.82699e-06
37610.0	3.25908e-06
37620.0	3.2548e-06
37630.0	3.18843e-06
37640.0	3.17491e-06
37650.0	3.17387e-06
37660.0	3.17206e-06
37670.0	3.15676e-06
37680.0	2.84511e-06
37690.0	2.30194e-06
37700.0	1.56343e-06
37710.0	8.72503e-07
37720.0	8.00629e-07
37730.0	9.17886e-07
37740.0	9.29099e-07
37750.0	9.29099e-07
37760.0	9.30539e-07
37770.0	9.35761e-07
37780.0	9.47811e-07
37790.0	1.41203e-06
37800.0	2.03511e-06
37810.0	2.6937e-06
37820.0	3.19226e-06
37830.0	3.48454e-06
37840.0	3.8954e-06
37850.0	4.32468e-06
37860.0	4.37232e-06
37870.0	4.37841e-06
37880.0	4.4246e-06
37890.0	4.44871e-06
37900.0	4.06781e-06
37910.0	3.52309e-06
37920.0	3.02338e-06
37930.0	2.65431e-06
37940.0	2.49587e-06
37950.0	2.51823e-06
37960.0	2.78024e-06
37970.0	3.31227e-06
37980.0	3.70851e-06
37990.0	3.95004e-06
38000.0	4.27468e-06
38010.0	4.90033e-06
38020.0	5.45944e-06
38030.0	5.54848e-06
38040.0	5.26767e-06
38050.0	4.7341e-06
38060.0	4.4431e-06
38070.0	4.7228e-06
38080.0	5.44643e-06
38090.0	6.32058e-06
38100.0	6.96378e-06
38110.0	7.19054e-06
38120.0	7.01911e-06
38130.0	6.59779e-06
38140.0	6.60073e-06
38150.0	6.76468e-06
38160.0	6.97634e-06
38170.0	6.96494e-06
38180.0	6.18387e-06
38190.0	5.16963e-06
38200.0	4.17945e-06
38210.0	3.61077e-06
38220.0	3.26069e-06
38230.0	3.14296e-06
38240.0	3.28157e-06
38250.0	3.61413e-06
38260.0	4.17413e-06
38270.0	4.92845e-06
38280.0	5.85708e-06
38290.0	6.64537e-06
38300.0	7.07066e-06
38310.0	7.20135e-06
38320.0	7.14224e-06
38330.0	7.27841e-06
38340.0	7.50231e-06
38350.0	7.75611e-06
38360.0	7.91647e-06
38370.0	7.57279e-06
38380.0	6.84751e-06
38390.0	5.89042e-06
38400.0	5.27021e-06
38410.0	5.66455e-06
38420.0	6.47835e-06
38430.0	7.46317e-06
38440.0	8.14283e-06
38450.0	7.97654e-06
38460.0	7.41411e-06
38470.0	6.69455e-06
38480.0	6.19385e-06
38490.0	5.86556e-06
38500.0	5.5573e-06
38510.0	5.14029e-06
38520.0	4.05323e-06
38530.0	3.02312e-06
38540.0	2.12683e-06
38550.0	1.47368e-06
38560.0	1.78106e-06
38570.0	2.17822e-06
38580.0	2.49586e-06
38590.0	2.49613e-06
38600.0	2.49616e-06
38610.0	2.51993e-06
38620.0	2.56908e-06
38630.0	2.6384e-06
38640.0	2.4151e-06
38650.0	2.01878e-06
38660.0	1.50117e-06
38670.0	9.96918e-07
38680.0	5.60103e-07
38690.0	3.19777e-07
38700.0	3.19534e-07
38710.0	3.19534e-07
38720.0	2.87273e-07
38730.0	2.33095e-07
38740.0	1.64119e-07
38750.0	1.62716e-07
38760.0	1.55716e-07
38770.0	1.18315e-07
38780.0	2.14415e-08
38790.0	3.09772e-07
38800.0	9.56074e-07
38810.0	1.81947e-06
38820.0	2.68663e-06
38830.0	3.07974e-06
38840.0	3.2342e-06
38850.0	3.24077e-06
38860.0	3.26e-06
38870.0	3.67041e-06
38880.0	4.24214e-06
38890.0	4.84124e-06
38900.0	5.07871e-06
38910.0	4.89643e-06
38920.0	4.52873e-06
38930.0	4.0798e-06
38940.0	3.8027e-06
38950.0	3.89203e-06
38960.0	4.07466e-06
38970.0	4.1909e-06
38980.0	3.83455e-06
38990.0	3.59362e-06
39000.0	3.43773e-06
39010.0	3.34795e-06
39020.0	3.16375e-06
39030.0	3.2981e-06
39040.0	3.78364e-06
39050.0	4.69137e-06
39060.0	5.08842e-06
39070.0	5.17062e-06
39080.0	5.05507e-06
39090.0	4.93658e-06
39100.0	4.5023e-06
39110.0	4.39455e-06
39120.0	4.73702e-06
39130.0	5.66687e-06
39140.0	5.90655e-06
39150.0	5.48875e-06
39160.0	4.56495e-06
39170.0	3.98565e-06
39180.0	3.82326e-06
39190.0	3.79758e-06
39200.0	3.79752e-06
39210.0	3.79669e-06
39220.0	3.3136e-06
39230.0	2.40169e-06
39240.0	1.09115e-06
39250.0	2.79136e-07
39260.0	1.17379e-08
39270.0	6.3568e-08
39280.0	2.29618e-07
39290.0	4.88101e-07
39300.0	5.88468e-07
39310.0	5.89339e-07
39320.0	5.89339e-07
39330.0	5.89339e-07
39340.0	5.89339e-07
39350.0	5.89339e-07
39360.0	5.89339e-07
39370.0	5.89238e-07
39380.0	5.04241e-07
39390.0	3.22901e-07
39400.0	6.15168e-08
39410.0	1.0645e-08
39420.0	0.0
39430.0	0.0
39440.0	0.0
39450.0	0.0
39460.0	0.0
39470.0	0.0
39480.0	0.0
39490.0	1.21465e-08
39500.0	7.7748e-08
39510.0	2.59119e-07
39520.0	3.22762e-07
39530.0	3.45145e-07
39540.0	3.45145e-07
39550.0	3.45145e-07
39560.0	3.45145e-07
39570.0	3.45145e-07
39580.0	3.45145e-07
39590.0	3.45145e-07
39600.0	3.42416e-07
39610.0	2.42931e-07
39620.0	8.38638e-08
39630.0	2.029e-08
39640.0	0.0
39650.0	0.0
39660.0	0.0
39670.0	0.0
39680.0	0.0
39690.0	0.0
39700.0	0.0
39710.0	0.0
39720.0	0.0
39730.0	0.0
39740.0	0.0
39750.0	0.0
39760.0	0.0
39770.0	0.0
39780.0	0.0
39790.0	0.0
39800.0	0.0
39810.0	0.0
39820.0	0.0
39830.0	0.0
39840.0	1.3926e-08
39850.0	6.82649e-08
39860.0	2.9246e-07
39870.0	3.60598e-07
39880.0	3.82081e-07
39890.0	3.83255e-07
39900.0	3.89706e-07
39910.0	4.32188e-07
39920.0	5.48241e-07
39930.0	7.69673e-07
39940.0	1.22728e-06
39950.0	1.69794e-06
39960.0	1.89763e-06
39970.0	1.70785e-06
39980.0	1.66361e-06
39990.0	1.65052e-06
40000.0	1.64814e-06
40010.0	1.64152e-06
40020.0	1.59079e-06
40030.0	1.44795e-06
40039.99999999999	1.17958e-06
40050.0	7.34267e-07
40060.0	3.78319e-07
40070.0	2.31115e-07
40080.0	2.23149e-07
40090.0	2.23149e-07
40100.0	2.23149e-07
40110.0	2.23149e-07
40119.99999999999	2.23149e-07
40130.0	2.23149e-07
40140.0	2.38715e-07
40150.0	4.13568e-07
40160.0	8.35471e-07
40170.0	1.78149e-06
40180.0	3.10137e-06
40190.0	4.51047e-06
40199.99999999999	5.89249e-06
40210.0	7.13396e-06
40220.0	8.02657e-06
40230.0	8.59833e-06
40240.0	8.85697e-06
40250.0	9.1207e-06
40260.0	9.24261e-06
40270.0	9.0568e-06
40279.99999999999	8.38155e-06
40290.0	7.28788e-06
40300.0	6.23509e-06
40310.0	5.18097e-06
40320.0	4.04399e-06
40330.0	3.24964e-06
40340.0	2.77485e-06
40350.0	2.51122e-06
40359.99999999999	2.22911e-06
40370.0	1.84185e-06
40380.0	1.52185e-06
40390.0	1.33074e-06
40400.0	1.39911e-06
40410.00000000001	1.32411e-06
40420.0	1.21895e-06
40430.0	1.12763e-06
40439.99999999999	1.12693e-06
40450.0	1.12677e-06
40460.0	1.12677e-06
40470.0	1.12662e-06
40480.0	1.12415e-06
40490.00000000001	1.01225e-06
40500.0	7.67952e-07
40510.0	3.68747e-07
40519.99999999999	1.29853e-07
40530.0	1.13253e-07
40540.0	1.84137e-07
40550.0	1.90274e-07
40560.0	1.90555e-07
40570.00000000001	1.91056e-07
40580.0	3.44053e-07
40590.0	9.48086e-07
40599.99999999999	1.61954e-06
40610.0	2.15207e-06
40620.0	2.48052e-06
40630.0	2.46833e-06
40640.0	2.52216e-06
40650.00000000001	2.70108e-06
40660.0	3.0805e-06
40670.0	3.96572e-06
40679.99999999999	4.68205e-06
40690.0	4.90629e-06
40700.0	4.56258e-06
40710.0	4.1974e-06
40720.0	3.99604e-06
40730.00000000001	3.91118e-06
40740.0	3.9126e-06
40750.0	3.74659e-06
40759.99999999999	3.48849e-06
40770.0	3.05257e-06
40780.0	2.34674e-06
40790.0	2.62984e-06
40800.0	3.52873e-06
40810.00000000001	4.6805e-06
40820.0	5.58799e-06
40830.0	5.9024e-06
40839.99999999999	6.25407e-06
40850.0	6.73722e-06
40860.0	7.46415e-06
40870.0	8.17955e-06
40880.0	8.81098e-06
40890.00000000001	9.31296e-06
40900.0	9.55314e-06
40910.0	9.49272e-06
40920.0	9.23238e-06
40930.0	8.85184e-06
40940.0	8.70239e-06
40950.0	8.49649e-06
40960.0	8.07479e-06
40970.00000000001	7.37852e-06
40980.0	6.71422e-06
40990.0	6.72457e-06
41000.0	6.8761e-06
41010.0	6.7984e-06
41020.0	6.28318e-06
41030.0	6.213e-06
41040.0	6.61451e-06
41050.00000000001	7.55923e-06
41060.0	8.90951e-06
41070.0	1.0408e-05
41080.0	1.19812e-05
41090.0	1.35262e-05
41100.0	1.35995e-05
41110.0	1.31114e-05
41120.0	1.23305e-05
41130.00000000001	1.16897e-05
41140.0	1.12529e-05
41150.0	1.06148e-05
41160.0	9.66394e-06
41170.0	8.28172e-06
41180.0	6.97573e-06
41190.0	5.73343e-06
41200.0	4.61082e-06
41210.00000000001	4.1059e-06
41220.0	4.00712e-06
41230.0	4.08217e-06
41240.0	4.18479e-06
41250.0	3.71114e-06
41260.0	3.27839e-06
41270.0	3.02673e-06
41280.0	3.09236e-06
41289.99999999999	3.5325e-06
41300.0	3.56177e-06
41310.0	3.35594e-06
41320.0	3.15388e-06
41330.0	3.32179e-06
41340.0	3.70609e-06
41350.0	4.4635e-06
41360.0	6.00284e-06
41369.99999999999	7.93741e-06
41380.0	9.31035e-06
41390.0	9.90515e-06
41400.0	9.43599e-06
41410.0	9.49585e-06
41420.0	9.95466e-06
41430.0	1.06776e-05
41440.0	1.10305e-05
41449.99999999999	1.1048e-05
41460.0	1.06681e-05
41470.0	9.85928e-06
41480.0	8.79542e-06
41490.0	8.41368e-06
41500.0	8.5623e-06
41510.0	9.16234e-06
41520.0	9.61763e-06
41529.99999999999	9.58224e-06
41540.0	9.41937e-06
41550.0	9.51606e-06
41560.0	1.0234e-05
41570.0	1.1022e-05
41580.0	1.17323e-05
41590.0	1.21386e-05
41600.0	1.23282e-05
41609.99999999999	1.27171e-05
41620.0	1.32018e-05
41630.0	1.33835e-05
41640.0	1.36363e-05
41650.0	1.38003e-05
41660.00000000001	1.38143e-05
41670.0	1.35439e-05
41680.0	1.31051e-05
41689.99999999999	1.27983e-05
41700.0	1.27712e-05
41710.0	1.33677e-05
41720.0	1.35746e-05
41730.0	1.3528e-05
41740.00000000001	1.3284e-05
41750.0	1.28022e-05
41760.0	1.21527e-05
41769.99999999999	1.14421e-05
41780.0	1.07558e-05
41790.0	1.06793e-05
41800.0	1.10102e-05
41810.0	1.14643e-05
41820.00000000001	1.16671e-05
41830.0	1.19752e-05
41840.0	1.30162e-05
41849.99999999999	1.478e-05
41860.0	1.72334e-05
41870.0	2.01261e-05
41880.0	2.30644e-05
41890.0	2.60102e-05
41900.00000000001	2.90463e-05
41910.0	3.14855e-05
41920.0	3.36215e-05
41929.99999999999	3.55575e-05
41940.0	3.74782e-05
41950.0	3.95389e-05
41960.0	4.13832e-05
41970.0	4.28538e-05
41980.00000000001	4.39526e-05
41990.0	4.49383e-05
42000.0	4.56722e-05
42009.99999999999	4.60383e-05
42020.0	4.56876e-05
42030.0	4.53156e-05
42040.0	4.50495e-05
42050.0	4.50314e-05
42060.00000000001	4.46402e-05
42070.0	4.40085e-05
42080.0	4.31613e-05
42089.99999999999	4.2111e-05
42100.0	4.11066e-05
42110.0	4.00404e-05
42120.0	3.90657e-05
42130.0	3.86237e-05
42140.00000000001	3.87769e-05
42150.0	3.92036e-05
42160.0	3.9748e-05
42170.0	4.00107e-05
42180.0	4.02408e-05
42190.0	4.04138e-05
42200.0	4.04701e-05
42210.0	4.00305e-05
42220.00000000001	3.94936e-05
42230.0	3.91202e-05
42240.0	3.90491e-05
42250.0	3.91991e-05
42260.0	3.90002e-05
42270.0	3.85343e-05
42280.0	3.78505e-05
42290.0	3.79326e-05
42300.00000000001	3.86751e-05
42310.0	4.00811e-05
42320.0	4.22118e-05
42330.0	4.49883e-05
42340.0	4.78889e-05
42350.0	5.05914e-05
42360.0	5.24911e-05
42370.0	5.33949e-05
42380.00000000001	5.38843e-05
42390.0	5.40241e-05
42400.0	5.37317e-05
42410.0	5.26838e-05
42420.0	5.12329e-05
42430.0	4.94974e-05
42440.0	4.76737e-05
42450.0	4.58783e-05
42460.00000000001	4.40129e-05
42470.0	4.20967e-05
42480.0	4.07949e-05
42490.0	4.0088e-05
42500.0	3.98654e-05
42510.0	4.00789e-05
42520.0	4.03872e-05
42530.0	4.04801e-05
42539.99999999999	4.03831e-05
42550.0	4.0106e-05
42560.0	3.92996e-05
42570.0	3.86321e-05
42580.0	3.79854e-05
42590.0	3.71401e-05
42600.0	3.59616e-05
42610.0	3.4275e-05
42619.99999999999	3.22673e-05
42630.0	3.04195e-05
42640.0	2.92462e-05
42650.0	2.82663e-05
42660.0	2.73648e-05
42670.0	2.64386e-05
42680.0	2.56937e-05
42690.0	2.52703e-05
42699.99999999999	2.5203e-05
42710.0	2.53678e-05
42720.0	2.56112e-05
42730.0	2.59115e-05
42740.0	2.62681e-05
42750.0	2.67922e-05
42760.0	2.73382e-05
42770.0	2.78918e-05
42779.99999999999	2.84423e-05
42790.0	2.91127e-05
42800.0	2.99088e-05
42810.0	3.08291e-05
42820.0	3.1883e-05
42830.0	3.29882e-05
42840.0	3.40647e-05
42850.0	3.50116e-05
42859.99999999999	3.56255e-05
42870.0	3.60203e-05
42880.0	3.63695e-05
42890.0	3.67071e-05
42900.0	3.70654e-05
42910.00000000001	3.7254e-05
42920.0	3.73276e-05
42930.0	3.73158e-05
42939.99999999999	3.73117e-05
42950.0	3.72542e-05
42960.0	3.70516e-05
42970.0	3.66625e-05
42980.0	3.60892e-05
42990.00000000001	3.57348e-05
43000.0	3.55749e-05
43010.0	3.56043e-05
43019.99999999999	3.57183e-05
43030.0	3.5708e-05
43040.0	3.56528e-05
43050.0	3.56258e-05
43060.0	3.57273e-05
43070.00000000001	3.59239e-05
43080.0	3.61838e-05
43090.0	3.64652e-05
43099.99999999999	3.65682e-05
43110.0	3.64807e-05
43120.0	3.62156e-05
43130.0	3.57861e-05
43140.0	3.55399e-05
43150.00000000001	3.55145e-05
43160.0	3.56848e-05
43170.0	3.5937e-05
43179.99999999999	3.60423e-05
43190.0	3.59805e-05
43200.0	3.57482e-05
43210.0	3.53925e-05
43220.0	3.4989e-05
43230.00000000001	3.45786e-05
43240.0	3.41855e-05
43250.0	3.38844e-05
43259.99999999999	3.35074e-05
43270.0	3.30354e-05
43280.0	3.24473e-05
43290.0	3.17426e-05
43300.0	3.11329e-05
43310.00000000001	3.06577e-05
43320.0	3.03761e-05
43330.0	3.0462e-05
43339.99999999999	3.08236e-05
43350.0	3.14541e-05
43360.0	3.23795e-05
43370.0	3.31726e-05
43380.0	3.3837e-05
43390.00000000001	3.4385e-05
43400.0	3.48407e-05
43410.0	3.55666e-05
43420.0	3.62722e-05
43430.0	3.68293e-05
43440.0	3.69247e-05
43450.0	3.64011e-05
43460.0	3.55514e-05
43470.00000000001	3.45054e-05
43480.0	3.35575e-05
43490.0	3.2775e-05
43500.0	3.20668e-05
43510.0	3.13754e-05
43520.0	3.0476e-05
43530.0	2.95155e-05
43540.0	2.86152e-05
43550.00000000001	2.78927e-05
43560.0	2.76301e-05
43570.0	2.75841e-05
43580.0	2.76186e-05
43590.0	2.75455e-05
43600.0	2.72235e-05
43610.0	2.67557e-05
43620.0	2.62244e-05
43630.00000000001	2.57947e-05
43640.0	2.54886e-05
43650.0	2.53004e-05
43660.0	2.52355e-05
43670.0	2.53241e-05
43680.0	2.5317e-05
43690.0	2.52193e-05
43700.0	2.50259e-05
43710.00000000001	2.47066e-05
43720.0	2.44953e-05
43730.0	2.43001e-05
43740.0	2.40689e-05
43750.0	2.36635e-05
43760.0	2.29437e-05
43770.0	2.20511e-05
43780.0	2.10794e-05
43789.99999999999	2.03054e-05
43800.0	1.99437e-05
43810.0	1.99404e-05
43820.0	2.0264e-05
43830.0	2.0632e-05
43840.0	2.07943e-05
43850.0	2.07396e-05
43860.0	2.04471e-05
43869.99999999999	2.00509e-05
43880.0	1.95922e-05
43890.0	1.902e-05
43900.0	1.81604e-05
43910.0	1.6824e-05
43920.0	1.5375e-05
43930.0	1.4007e-05
43940.0	1.32655e-05
43949.99999999999	1.34882e-05
43960.0	1.4321e-05
43970.0	1.56078e-05
43980.0	1.69078e-05
43990.0	1.79841e-05
44000.0	1.88698e-05
44010.0	1.95634e-05
44020.0	1.98253e-05
44029.99999999999	1.96049e-05
44040.0	1.89479e-05
44050.0	1.78609e-05
44060.0	1.60909e-05
44070.0	1.40183e-05
44080.0	1.17573e-05
44090.0	9.44682e-06
44100.0	7.37627e-06
44109.99999999999	5.49434e-06
44120.0	3.85816e-06
44130.0	2.63493e-06
44140.0	2.02528e-06
44150.0	1.61905e-06
44160.00000000001	1.29116e-06
44170.0	8.33135e-07
44180.0	3.70153e-07
44189.99999999999	8.73078e-08
44200.0	1.51052e-08
44210.0	1.11654e-08
44220.0	1.01125e-08
44230.0	0.0
44240.00000000001	0.0
44250.0	0.0
44260.0	0.0
44269.99999999999	0.0
44280.0	0.0
44290.0	0.0
44300.0	0.0
44310.0	0.0
44320.00000000001	0.0
44330.0	0.0
44340.0	0.0
44349.99999999999	0.0
44360.0	0.0
44370.0	0.0
44380.0	0.0
44390.0	0.0
44400.00000000001	0.0
44410.0	0.0
44420.0	0.0
44429.99999999999	0.0
44440.0	0.0
44450.0	1.77523e-08
44460.0	2.67214e-08
44470.0	3.40456e-08
44480.00000000001	3.43036e-08
44490.0	1.42986e-07
44500.0	6.10711e-07
44509.99999999999	1.58011e-06
44520.0	2.71414e-06
44530.0	3.7652e-06
44540.0	4.878e-06
44550.0	6.18099e-06
44560.00000000001	7.54519e-06
44570.0	8.64692e-06
44580.0	9.32914e-06
44589.99999999999	9.34099e-06
44600.0	9.22005e-06
44610.0	8.66608e-06
44620.0	7.74636e-06
44630.0	6.61301e-06
44640.00000000001	5.58461e-06
44650.0	4.41667e-06
44660.0	3.10004e-06
44670.0	1.7255e-06
44680.0	6.94568e-07
44690.0	1.86936e-07
44700.0	1.74377e-07
44710.0	1.58752e-07
44720.00000000001	7.24339e-08
44730.0	1.06258e-08
44740.0	0.0
44750.0	0.0
44760.0	0.0
44770.0	1.29275e-08
44780.0	2.14444e-08
44790.0	6.16494e-08
44800.00000000001	7.51316e-08
44810.0	7.75253e-08
44820.0	8.46492e-08
44830.0	9.5183e-08
44840.0	9.92943e-08
44850.0	9.92943e-08
44860.0	9.92943e-08
44870.0	9.92943e-08
44880.00000000001	9.48673e-08
44890.0	8.02192e-08
44900.0	4.00142e-08
44910.0	3.41233e-08
44920.0	3.04114e-08
44930.0	2.2741e-08
44940.0	1.20879e-08
44950.0	0.0
44960.00000000001	0.0
44970.0	0.0
44980.0	0.0
44990.0	0.0
45000.0	0.0
45010.0	0.0
45020.0	0.0
45030.0	0.0
45039.99999999999	0.0
45050.0	0.0
45060.0	0.0
45070.0	0.0
45080.0	0.0
45090.0	0.0
45100.0	0.0
45110.0	0.0
45119.99999999999	0.0
45130.0	0.0
45140.0	0.0
45150.0	0.0
45160.0	0.0
45170.0	0.0
45180.0	0.0
45190.0	0.0
45199.99999999999	0.0
45210.0	0.0
45220.0	0.0
45230.0	0.0
45240.0	0.0
45250.0	0.0
45260.0	0.0
45270.0	0.0
45279.99999999999	0.0
45290.0	0.0
45300.0	0.0
45310.0	1.00929e-08
45320.0	1.03824e-08
45330.0	9.69789e-08
45340.0	7.41277e-07
45350.0	2.14191e-06
45359.99999999999	4.67879e-06
45370.0	8.5102e-06
45380.0	1.42704e-05
45390.0	2.2826e-05
45400.0	3.65397e-05
45410.00000000001	5.65206e-05
45420.0	8.13434e-05
45430.0	0.000111338
45439.99999999999	0.00014914
45450.0	0.000197718
45460.0	0.000256122
45470.0	0.000325286
45480.0	0.000412295
45490.00000000001	0.000515573
45500.0	0.000634787
45510.0	0.000771361
45519.99999999999	0.00093952
45530.0	0.00113662
45540.0	0.00136218
45550.0	0.00161765
45560.0	0.00192485
45570.00000000001	0.00227162
45580.0	0.00265761
45590.0	0.00308539
45599.99999999999	0.00357071
45610.0	0.00409161
45620.0	0.00464382
45630.0	0.00522516
45640.0	0.00582944
45650.00000000001	0.0064428
45660.0	0.00705848
45670.0	0.00766123
45679.99999999999	0.00823655
45690.0	0.00878773
45700.0	0.00931208
45710.0	0.00979059
45720.0	0.0102268
45730.00000000001	0.010632
45740.0	0.0110089
45750.0	0.0113555
45759.99999999999	0.0116869
45770.0	0.0120126
45780.0	0.0123389
45790.0	0.0126803
45800.0	0.0130408
45810.00000000001	0.0134254
45820.0	0.013841
45830.0	0.0143095
45839.99999999999	0.0148184
45850.0	0.0153689
45860.0	0.015967
45870.0	0.0166352
45880.0	0.0173546
45890.00000000001	0.018125
45900.0	0.0189543
45910.0	0.0198522
45920.0	0.0208017
45930.0	0.021803
45940.0	0.0228714
45950.0	0.0239984
45960.0	0.0251714
45970.00000000001	0.0263879
45980.0	0.0276583
45990.0	0.0289693
46000.0	0.0303113
46010.0	0.0316817
46020.0	0.033083
46030.0	0.0344969
46040.0	0.0359191
46050.00000000001	0.0373462
46060.0	0.0387764
46070.0	0.0401958
46080.0	0.0416021
46090.0	0.0429921
46100.0	0.0443574
46110.0	0.0457018
46120.0	0.047025
46130.00000000001	0.0483241
46140.0	0.0495943
46150.0	0.0508479
46160.0	0.0520874
46170.0	0.0533119
46180.0	0.0545359
46190.0	0.0557641
46200.0	0.0569994
46210.00000000001	0.0582515
46220.0	0.059539
46230.0	0.0608616
46240.0	0.0622247
46250.0	0.063659
46260.0	0.0651637
46270.0	0.0667397
46280.0	0.0683938
46289.99999999999	0.0701859
46300.0	0.0720887
46310.0	0.0741052
46320.0	0.0762469
46330.0	0.0785859
46340.0	0.0810819
46350.0	0.0837435
46360.0	0.0865964
46369.99999999999	0.089712
46380.0	0.0930339
46390.0	0.0965709
46400.0	0.100379
46410.0	0.104522
46420.0	0.108936
46430.0	0.113625
46440.0	0.118688
46449.99999999999	0.124143
46460.0	0.129929
46470.0	0.13606
46480.0	0.142689
46490.0	0.149766
46500.0	0.157231
46510.0	0.165101
46520.0	0.173575
46529.99999999999	0.182524
46540.0	0.191916
46550.0	0.201761
46560.0	0.212287
46570.0	0.223267
46580.0	0.234694
46590.0	0.246598
46600.0	0.25915
46609.99999999999	0.272108
46620.0	0.285466
46630.0	0.299251
46640.0	0.313526
46650.0	0.328094
46660.00000000001	0.342935
46670.0	0.358095
46680.0	0.37351
46689.99999999999	0.389043
46700.0	0.404673
46710.0	0.420389
46720.0	0.436105
46730.0	0.451766
46740.00000000001	0.46734
46750.0	0.482745
46760.0	0.497914
46769.99999999999	0.51285
46780.0	0.527535
46790.0	0.541817
46800.0	0.55574
46810.0	0.569307
46820.00000000001	0.582477
46830.0	0.595079
46840.0	0.607264
46849.99999999999	0.619021
46860.0	0.630287
46870.0	0.640938
46880.0	0.65113
46890.0	0.660849
46900.00000000001	0.670005
46910.0	0.678545
46920.0	0.686607
46929.99999999999	0.694186
46940.0	0.701161
46950.0	0.707526
46960.0	0.713406
46970.0	0.718808
46980.00000000001	0.723583
46990.0	0.727805
47000.0	0.731566
47009.99999999999	0.734872
47020.0	0.737563
47030.0	0.739801
47040.0	0.741639
47050.0	0.743086
47060.00000000001	0.743996
47070.0	0.744568
47080.0	0.744823
47089.99999999999	0.744761
47100.0	0.744324
47110.0	0.743655
47120.0	0.742768
47130.0	0.741657
47140.00000000001	0.74032
47150.0	0.738841
47160.0	0.737236
47170.0	0.735512
47180.0	0.733684
47190.0	0.73179
47200.0	0.72984
47210.0	0.727848
47220.00000000001	0.725835
47230.0	0.723817
47240.0	0.721802
47250.0	0.719807
47260.0	0.717837
47270.0	0.715897
47280.0	0.713998
47290.0	0.712165
47300.00000000001	0.710386
47310.0	0.708661
47320.0	0.706992
47330.0	0.705408
47340.0	0.703885
47350.0	0.702424
47360.0	0.70103
47370.0	0.699721
47380.00000000001	0.698464
47390.0	0.697259
47400.0	0.696114
47410.0	0.695035
47420.0	0.694004
47430.0	0.693019
47440.0	0.692089
47450.0	0.69121
47460.00000000001	0.690371
47470.0	0.689573
47480.0	0.688832
47490.0	0.688145
47500.0	0.687503
47510.0	0.686908
47520.0	0.68638
47530.0	0.685912
47539.99999999999	0.685501
47550.0	0.685146
47560.0	0.684887
47570.0	0.684694
47580.0	0.684566
47590.0	0.684509
47600.0	0.684562
47610.0	0.684692
47619.99999999999	0.684899
47630.0	0.685198
47640.0	0.685607
47650.0	0.686094
47660.0	0.686661
47670.0	0.68733
47680.0	0.688104
47690.0	0.688958
47699.99999999999	0.689892
47710.0	0.690924
47720.0	0.692048
47730.0	0.693246
47740.0	0.694518
47750.0	0.695885
47760.0	0.697328
47770.0	0.698834
47779.99999999999	0.700401
47790.0	0.702051
47800.0	0.70376
47810.0	0.705515
47820.0	0.707312
47830.0	0.709164
47840.0	0.711042
47850.0	0.712942
47859.99999999999	0.714861
47870.0	0.716797
47880.0	0.71873
47890.0	0.720657
47900.0	0.72257
47910.00000000001	0.724452
47920.0	0.726308
47930.0	0.728136
47939.99999999999	0.729923
47950.0	0.731654
47960.0	0.733338
47970.0	0.734973
47980.0	0.736536
47990.00000000001	0.738035
48000.0	0.739481
48010.0	0.740872
48019.99999999999	0.742176
48030.0	0.743411
48040.0	0.744584
48050.0	0.745692
48060.0	0.746711
48070.00000000001	0.747668
48080.0	0.748564
48090.0	0.749393
48099.99999999999	0.750131
48110.0	0.750803
48120.0	0.751413
48130.0	0.751954
48140.0	0.75241
48150.00000000001	0.7528
48160.0	0.753125
48170.0	0.753373
48179.99999999999	0.753533
48190.0	0.753628
48200.0	0.753661
48210.0	0.753612
48220.0	0.753479
48230.00000000001	0.753284
48240.0	0.753026
48250.0	0.752681
48259.99999999999	0.752266
48270.0	0.751793
48280.0	0.751261
48290.0	0.750638
48300.0	0.749953
48310.00000000001	0.749209
48320.0	0.748406
48330.0	0.747513
48339.99999999999	0.746565
48350.0	0.745557
48360.0	0.744482
48370.0	0.743327
48380.0	0.742114
48390.00000000001	0.740846
48400.0	0.739515
48410.0	0.738114
48420.0	0.736661
48430.0	0.735157
48440.0	0.733599
48450.0	0.731988
48460.0	0.730343
48470.00000000001	0.728666
48480.0	0.726953
48490.0	0.725217
48500.0	0.723469
48510.0	0.721713
48520.0	0.719956
48530.0	0.718212
48540.0	0.71648
48550.00000000001	0.714762
48560.0	0.713084
48570.0	0.711439
48580.0	0.709831
48590.0	0.708263
48600.0	0.706763
48610.0	0.705309
48620.0	0.703906
48630.00000000001	0.702567
48640.0	0.701312
48650.0	0.700122
48660.0	0.698998
48670.0	0.697955
48680.0	0.697
48690.0	0.696119
48700.0	0.695314
48710.00000000001	0.694604
48720.0	0.693997
48730.0	0.693466
48740.0	0.693008
48750.0	0.692656
48760.0	0.692395
48770.0	0.692211
48780.0	0.692102
48789.99999999999	0.692109
48800.0	0.692186
48810.0	0.692328
48820.0	0.692535
48830.0	0.692832
48840.0	0.693185
48850.0	0.693591
48860.0	0.694051
48869.99999999999	0.694566
48880.0	0.695115
48890.0	0.695696
48900.0	0.696308
48910.0	0.696957
48920.0	0.697626
48930.0	0.698312
48940.0	0.699013
48949.99999999999	0.699725
48960.0	0.700444
48970.0	0.70117
48980.0	0.701907
48990.0	0.702648
49000.0	0.70339
49010.0	0.704132
49020.0	0.704871
49029.99999999999	0.70561
49040.0	0.70635
49050.0	0.707091
49060.0	0.707827
49070.0	0.708555
49080.0	0.709271
49090.0	0.709973
49100.0	0.710655
49109.99999999999	0.71132
49120.0	0.711964
49130.0	0.71258
49140.0	0.713146
49150.0	0.713667
49160.00000000001	0.714143
49170.0	0.714562
49180.0	0.714898
49189.99999999999	0.715167
49200.0	0.715362
49210.0	0.715436
49220.0	0.715377
49230.0	0.715205
49240.00000000001	0.714913
49250.0	0.714431
49260.0	0.713783
49269.99999999999	0.712958
49280.0	0.711938
49290.0	0.710638
49300.0	0.709091
49310.0	0.70731
49320.00000000001	0.705293
49330.0	0.702894
49340.0	0.70019
49349.99999999999	0.697193
49360.0	0.69389
49370.0	0.690081
49380.0	0.685956
49390.0	0.68151
49400.00000000001	0.676664
49410.0	0.671334
49420.0	0.665661
49429.99999999999	0.659639
49440.0	0.653159
49450.0	0.646277
49460.0	0.639056
49470.0	0.631495
49480.00000000001	0.623542
49490.0	0.615215
49500.0	0.6066
49509.99999999999	0.597709
49520.0	0.588488
49530.0	0.578984
49540.0	0.56927
49550.0	0.559372
49560.00000000001	0.54915
49570.0	0.538771
49580.0	0.528243
49589.99999999999	0.517577
49600.0	0.506729
49610.0	0.495793
49620.0	0.48476
49630.0	0.473608
49640.00000000001	0.462377
49650.0	0.451079
49660.0	0.439725
49670.0	0.428348
49680.0	0.416921
49690.0	0.405464
49700.0	0.393986
49710.0	0.382496
49720.00000000001	0.370992
49730.0	0.359511
49740.0	0.348059
49750.0	0.336608
49760.0	0.325209
49770.0	0.31384
49780.0	0.302511
49790.0	0.291275
49800.00000000001	0.280127
49810.0	0.269064
49820.0	0.258089
49830.0	0.247301
49840.0	0.236615
49850.0	0.226069
49860.0	0.2157
49870.0	0.205567
49880.00000000001	0.195639
49890.0	0.185917
49900.0	0.176428
49910.0	0.167246
49920.0	0.158315
49930.0	0.149634
49940.0	0.141264
49950.0	0.133268
49960.00000000001	0.125545
49970.0	0.118094
49980.0	0.111023
49990.0	0.104292
50000.0	0.0978464
50010.0	0.0916878
50020.0	0.0859215
50030.0	0.0804644
50039.99999999999	0.0752716
50050.0	0.0703434
50060.0	0.0657738
50070.0	0.0614626
50080.0	0.0573871
50090.0	0.0535452
50100.0	0.0500289
50110.0	0.04671
50119.99999999999	0.0435805
50130.0	0.0406519
50140.0	0.0379682
50150.0	0.0354454
50160.0	0.0330784
50170.0	0.0308868
50180.0	0.028874
50190.0	0.0269808
50199.99999999999	0.0252027
50210.0	0.0235653
50220.0	0.0220565
50230.0	0.0206438
50240.0	0.0193221
50250.0	0.0181124
50260.0	0.0169875
50270.0	0.0159296
50279.99999999999	0.0149363
50290.0	0.0140314
50300.0	0.0131902
50310.0	0.0124024
50320.0	0.0116635
50330.0	0.0109888
50340.0	0.0103519
50350.0	0.00975189
50359.99999999999	0.00919114
50370.0	0.00868258
50380.0	0.00820505
50390.0	0.00775598
50400.0	0.00733601
50410.00000000001	0.00694448
50420.0	0.00657412
50430.0	0.006225
50439.99999999999	0.00590267
50450.0	0.0056061
50460.0	0.00532588
50470.0	0.00506024
50480.0	0.00481024
50490.00000000001	0.00457453
50500.0	0.00435191
50510.0	0.00414322
50519.99999999999	0.00395304
50530.0	0.00377391
50540.0	0.00360294
50550.0	0.00343911
50560.0	0.0032839
50570.00000000001	0.00313758
50580.0	0.00300023
50590.0	0.00287262
50599.99999999999	0.0027558
50610.0	0.00264343
50620.0	0.00253515
50630.0	0.00243085
50640.0	0.0023331
50650.00000000001	0.00224185
50660.0	0.00215694
50670.0	0.00207874
50679.99999999999	0.00200329
50690.0	0.00192914
50700.0	0.00185625
50710.0	0.00178549
50720.0	0.0017201
50730.00000000001	0.00165944
50740.0	0.00160324
50750.0	0.00155046
50759.99999999999	0.00149873
50770.0	0.00144846
50780.0	0.00140005
50790.0	0.00135587
50800.0	0.0013163
50810.00000000001	0.00128023
50820.0	0.00124708
50830.0	0.00121307
50839.99999999999	0.00117862
50850.0	0.00114444
50860.0	0.00111132
50870.0	0.00108144
50880.0	0.001054
50890.00000000001	0.00102797
50900.0	0.00100182
50910.0	0.000974154
50920.0	0.000947127
50930.0	0.000921392
50940.0	0.000898219
50950.0	0.000878246
50960.0	0.000859841
50970.00000000001	0.000842202
50980.0	0.000823137
50990.0	0.000803367
51000.0	0.000784851
51010.0	0.000768432
51020.0	0.000755295
51030.0	0.000743974
51040.0	0.000732971
51050.00000000001	0.000721418
51060.0	0.00070743
51070.0	0.000693847
51080.0	0.000681311
51090.0	0.000670423
51100.0	0.00066136
51110.0	0.000652486
51120.0	0.000643135
51130.00000000001	0.000632379
51140.0	0.000620208
51150.0	0.000609444
51160.0	0.000600359
51170.0	0.000593316
51180.0	0.000586494
51190.0	0.000579301
51200.0	0.00057142
51210.00000000001	0.000562026
51220.0	0.000553319
51230.0	0.000546331
51240.0	0.000541191
51250.0	0.000537059
51260.0	0.000532555
51270.0	0.000527197
51280.0	0.000520757
51289.99999999999	0.000513347
51300.0	0.000507535
51310.0	0.000503188
51320.0	0.000500253
51330.0	0.000496033
51340.0	0.000490137
51350.0	0.000482828
51360.0	0.000474267
51369.99999999999	0.000465326
51380.0	0.000458045
51390.0	0.000452238
51400.0	0.000447642
51410.0	0.000441774
51420.0	0.000435234
51430.0	0.000428366
51440.0	0.000421842
51449.99999999999	0.000417044
51460.0	0.000414085
51470.0	0.000412526
51480.0	0.000410464
51490.0	0.000406543
51500.0	0.000401566
51510.0	0.000395803
51520.0	0.000389564
51529.99999999999	0.000384004
51540.0	0.000378854
51550.0	0.000373858
51560.0	0.000366621
51570.0	0.000357769
51580.0	0.000348591
51590.0	0.000340083
51600.0	0.000333224
51609.99999999999	0.000327663
51620.0	0.000322973
51630.0	0.000318679
51640.0	0.000312366
51650.0	0.00030552
51660.00000000001	0.000298776
51670.0	0.000293244
51680.0	0.000289013
51689.99999999999	0.000285346
51700.0	0.000281683
51710.0	0.000276562
51720.0	0.000269167
51730.0	0.00026136
51740.00000000001	0.000253793
51750.0	0.000247551
51760.0	0.000242155
51769.99999999999	0.000237156
51780.0	0.000232227
51790.0	0.000225638
51800.0	0.000217854
51810.0	0.000210403
51820.00000000001	0.000204296
51830.0	0.000200496
51840.0	0.000197035
51849.99999999999	0.000193669
51860.0	0.000190164
51870.0	0.000184793
51880.0	0.000178687
51890.0	0.000172715
51900.00000000001	0.000168199
51910.0	0.000165093
51920.0	0.000161954
51929.99999999999	0.000158562
51940.0	0.000154686
51950.0	0.000150314
51960.0	0.000146267
51970.0	0.00014302
51980.00000000001	0.000141936
51990.0	0.00014137
52000.0	0.000140574
52009.99999999999	0.00013933
52020.0	0.000137767
52030.0	0.000136242
52040.0	0.000135254
52050.0	0.000135134
52060.00000000001	0.000136807
52070.0	0.000138141
52080.0	0.000138805
52089.99999999999	0.000138504
52100.0	0.000137747
52110.0	0.000136817
52120.0	0.000136043
52130.0	0.000135846
52140.00000000001	0.000136451
52150.0	0.000136265
52160.0	0.000135105
52170.0	0.000132678
52180.0	0.000130263
52190.0	0.000128106
52200.0	0.000126508
52210.0	0.000126355
52220.00000000001	0.000127599
52230.0	0.000128717
52240.0	0.0001293
52250.0	0.00012907
52260.0	0.000129135
52270.0	0.000129452
52280.0	0.000130024
52290.0	0.000130948
52300.00000000001	0.000131818
52310.0	0.000131915
52320.0	0.000130757
52330.0	0.000128231
52340.0	0.000125989
52350.0	0.000124056
52360.0	0.000122475
52370.0	0.000121681
52380.00000000001	0.000120926
52390.0	0.0001199
52400.0	0.000118124
52410.0	0.000116088
52420.0	0.000114446
52430.0	0.000113216
52440.0	0.00011235
52450.0	0.000111447
52460.00000000001	0.00011032
52470.0	0.000108842
52480.0	0.000106643
52490.0	0.000104732
52500.0	0.000103658
52510.0	0.000103572
52520.0	0.000104276
52530.0	0.000105209
52539.99999999999	0.000106068
52550.0	0.000106669
52560.0	0.00010649
52570.0	0.00010645
52580.0	0.000106776
52590.0	0.000107654
52600.0	0.000108391
52610.0	0.0001086
52619.99999999999	0.000108338
52630.0	0.000107635
52640.0	0.000106527
52650.0	0.00010604
52660.0	0.000106435
52670.0	0.000108203
52680.0	0.000110136
52690.0	0.000111758
52699.99999999999	0.000112925
52710.0	0.000113336
52720.0	0.000112995
52730.0	0.000112542
52740.0	0.000112161
52750.0	0.000112052
52760.0	0.000111111
52770.0	0.000109223
52779.99999999999	0.000106375
52790.0	0.000103121
52800.0	9.98813e-05
52810.0	9.72499e-05
52820.0	9.56398e-05
52830.0	9.59681e-05
52840.0	9.64704e-05
52850.0	9.69759e-05
52859.99999999999	9.73281e-05
52870.0	9.78765e-05
52880.0	9.86564e-05
52890.0	9.97515e-05
52900.0	0.000101313
52910.00000000001	0.000103563
52920.0	0.000105421
52930.0	0.000106668
52939.99999999999	0.000106939
52950.0	0.000107216
52960.0	0.000107679
52970.0	0.000108364
52980.0	0.000109321
52990.00000000001	0.000110496
53000.0	0.000111075
53010.0	0.000110723
53019.99999999999	0.00010885
53030.0	0.000106939
53040.0	0.000105177
53050.0	0.000103683
53060.0	0.000102793
53070.00000000001	0.000102472
53080.0	0.000102301
53090.0	0.000101988
53099.99999999999	0.00010113
53110.0	0.000100647
53120.0	0.000100594
53130.0	0.000101071
53140.0	0.000101492
53150.00000000001	0.000101746
53160.0	0.000101696
53170.0	0.000101069
53179.99999999999	9.95423e-05
53190.0	9.83028e-05
53200.0	9.76711e-05
53210.0	9.8226e-05
53220.0	9.96029e-05
53230.00000000001	0.000101451
53240.0	0.00010365
53250.0	0.000105972
53259.99999999999	0.000108182
53270.0	0.000110508
53280.0	0.000113079
53290.0	0.000116255
53300.0	0.00011899
53310.00000000001	0.000120996
53320.0	0.000122057
53330.0	0.000121949
53339.99999999999	0.000121103
53350.0	0.000119925
53360.0	0.000118747
53370.0	0.000118388
53380.0	0.000117915
53390.00000000001	0.000117059
53400.0	0.000115419
53410.0	0.000113178
53420.0	0.000110691
53430.0	0.000108153
53440.0	0.000105931
53450.0	0.000104964
53460.0	0.000104513
53470.00000000001	0.000104285
53480.0	0.00010367
53490.0	0.000103054
53500.0	0.000102653
53510.0	0.000102582
53520.0	0.000103153
53530.0	0.000104879
53540.0	0.000107271
53550.00000000001	0.000110038
53560.0	0.000111827
53570.0	0.000112934
53580.0	0.000113511
53590.0	0.000113623
53600.0	0.000113193
53610.0	0.000112732
53620.0	0.000112174
53630.00000000001	0.000111438
53640.0	0.000109536
53650.0	0.000106966
53660.0	0.000104161
53670.0	0.00010182
53680.0	0.000100126
53690.0	9.90256e-05
53700.0	9.85122e-05
53710.00000000001	9.86422e-05
53720.0	9.82316e-05
53730.0	9.73789e-05
53740.0	9.62398e-05
53750.0	9.54253e-05
53760.0	9.50459e-05
53770.0	9.48109e-05
53780.0	9.46389e-05
53789.99999999999	9.46361e-05
53800.0	9.43175e-05
53810.0	9.37432e-05
53820.0	9.29956e-05
53830.0	9.33745e-05
53840.0	9.47957e-05
53850.0	9.68209e-05
53860.0	9.91196e-05
53869.99999999999	0.000101444
53880.0	0.000103298
53890.0	0.000104446
53900.0	0.000104507
53910.0	0.000104249
53920.0	0.000104138
53930.0	0.000104113
53940.0	0.000103986
53949.99999999999	0.000103657
53960.0	0.00010329
53970.0	0.000102883
53980.0	0.000102347
53990.0	0.00010222
54000.0	0.000102976
54010.0	0.000104747
54020.0	0.000107538
54029.99999999999	0.000110018
54040.0	0.000112189
54050.0	0.000113974
54060.0	0.000114651
54070.0	0.000114554
54080.0	0.000114263
54090.0	0.000114154
54100.0	0.000114354
54109.99999999999	0.000114059
54120.0	0.000113243
54130.0	0.000111838
54140.0	0.000110075
54150.0	0.000108021
54160.00000000001	0.000105995
54170.0	0.000104533
54180.0	0.000104168
54189.99999999999	0.000103988
54200.0	0.000103854
54210.0	0.000103653
54220.0	0.000103773
54230.0	0.000104103
54240.00000000001	0.000104692
54250.0	0.000105845
54260.0	0.000107506
54269.99999999999	0.000109141
54280.0	0.000110426
54290.0	0.000110234
54300.0	0.000109006
54310.0	0.000107052
54320.00000000001	0.000104487
54330.0	0.000101188
54340.0	9.79337e-05
54349.99999999999	9.47489e-05
54360.0	9.16586e-05
54370.0	8.80454e-05
54380.0	8.42162e-05
54390.0	8.055e-05
54400.00000000001	7.75528e-05
54410.0	7.53575e-05
54420.0	7.37579e-05
54429.99999999999	7.28136e-05
54440.0	7.27492e-05
54450.0	7.28409e-05
54460.0	7.2826e-05
54470.0	7.28283e-05
54480.00000000001	7.338e-05
54490.0	7.46875e-05
54500.0	7.63853e-05
54509.99999999999	7.83951e-05
54520.0	8.07501e-05
54530.0	8.29519e-05
54540.0	8.45237e-05
54550.0	8.52418e-05
54560.00000000001	8.50889e-05
54570.0	8.45973e-05
54580.0	8.37705e-05
54589.99999999999	8.25851e-05
54600.0	8.08422e-05
54610.0	7.87224e-05
54620.0	7.62344e-05
54630.0	7.33569e-05
54640.00000000001	7.00851e-05
54650.0	6.73153e-05
54660.0	6.51303e-05
54670.0	6.36835e-05
54680.0	6.28744e-05
54690.0	6.23548e-05
54700.0	6.20183e-05
54710.0	6.17022e-05
54720.00000000001	6.12124e-05
54730.0	6.0709e-05
54740.0	6.02593e-05
54750.0	6.002e-05
54760.0	5.97309e-05
54770.0	5.89711e-05
54780.0	5.75945e-05
54790.0	5.5586e-05
54800.00000000001	5.31506e-05
54810.0	5.0569e-05
54820.0	4.80092e-05
54830.0	4.6057e-05
54840.0	4.4487e-05
54850.0	4.31907e-05
54860.0	4.20989e-05
54870.0	4.1283e-05
54880.00000000001	4.10842e-05
54890.0	4.14805e-05
54900.0	4.24935e-05
54910.0	4.44206e-05
54920.0	4.67515e-05
54930.0	4.93619e-05
54940.0	5.20933e-05
54950.0	5.38738e-05
54960.00000000001	5.50938e-05
54970.0	5.57247e-05
54980.0	5.54601e-05
54990.0	0.0
55000.0	0.0
