5000.0	0.0
5010.0	0.0
5020.0	0.0
5030.0	0.0
5040.0	0.0
5050.0	0.0
5060.0	0.0
5070.0	0.0
5080.0	0.0
5090.0	0.0
5100.0	0.0
5110.0	0.0
5120.0	0.0
5130.0	0.0
5140.0	0.0
5150.0	0.0
5160.0	0.0
5170.0	0.0
5180.0	0.0
5190.0	0.0
5200.0	0.0
5210.0	0.0
5220.0	0.0
5230.0	0.0
5240.0	0.0
5250.0	0.0
5260.0	0.0
5270.0	0.0
5280.0	0.0
5290.0	0.0
5300.0	0.0
5310.0	0.0
5320.0	0.0
5330.0	0.0
5340.0	0.0
5350.0	0.0
5360.0	0.0
5370.0	0.0
5380.0	0.0
5390.0	0.0
5400.0	0.0
5410.0	0.0
5420.0	0.0
5430.0	0.0
5440.0	0.0
5450.0	0.0
5460.0	0.0
5470.0	0.0
5480.0	0.0
5490.0	0.0
5500.0	0.0
5510.0	0.0
5520.000000000001	0.0
5530.000000000001	0.0
5540.000000000001	0.0
5550.000000000001	0.0
5560.000000000001	0.0
5570.000000000001	0.0
5580.000000000001	0.0
5590.000000000001	0.0
5600.000000000001	0.0
5610.000000000001	0.0
5620.000000000001	0.0
5629.999999999999	0.0
5639.999999999999	0.0
5649.999999999999	0.0
5659.999999999999	0.0
5669.999999999999	0.0
5679.999999999999	0.0
5689.999999999999	0.0
5699.999999999999	0.0
5709.999999999999	0.0
5719.999999999999	0.0
5729.999999999999	0.0
5740.0	0.0
5750.0	0.0
5760.0	0.0
5770.0	0.0
5780.0	0.0
5790.0	0.0
5800.0	0.0
5810.0	0.0
5820.0	0.0
5830.0	0.0
5840.0	0.0
5850.0	0.0
5860.0	0.0
5870.0	0.0
5880.0	0.0
5890.0	0.0
5900.0	0.0
5910.0	0.0
5920.0	0.0
5930.0	0.0
5940.0	0.0
5950.0	0.0
5960.0	0.0
5970.0	0.0
5980.0	0.0
5990.0	0.0
6000.0	0.0
6010.0	0.0
6020.0	0.0
6030.0	0.0
6040.0	0.0
6050.0	0.0
6060.0	0.0
6070.0	0.0
6080.0	0.0
6090.0	0.0
6100.0	0.0
6110.0	0.0
6120.0	0.0
6130.0	0.0
6140.0	0.0
6150.0	0.0
6160.0	0.0
6170.0	0.0
6180.0	0.0
6190.0	0.0
6200.0	0.0
6210.0	0.0
6220.0	0.0
6230.0	0.0
6240.0	0.0
6250.0	0.0
6260.0	0.0
6270.0	0.0
6280.0	0.0
6290.0	0.0
6300.0	0.0
6310.0	0.0
6320.0	0.0
6330.0	0.0
6340.0	0.0
6350.0	0.0
6360.0	0.0
6370.0	0.0
6380.0	0.0
6390.0	0.0
6400.0	0.0
6410.0	0.0
6420.0	0.0
6430.0	0.0
6440.0	0.0
6450.0	0.0
6460.0	0.0
6470.0	0.0
6480.0	0.0
6490.0	0.0
6500.0	0.0
6510.0	0.0
6520.0	0.0
6530.0	0.0
6540.0	0.0
6550.0	0.0
6560.0	0.0
6570.0	0.0
6580.0	0.0
6590.0	0.0
6600.0	0.0
6610.0	0.0
6620.0	0.0
6630.0	0.0
6640.0	0.0
6650.0	0.0
6660.0	0.0
6670.0	0.0
6680.0	0.0
6690.0	0.0
6700.0	0.0
6710.0	0.0
6720.0	0.0
6730.0	0.0
6740.0	0.0
6750.0	0.0
6760.0	0.0
6770.000000000001	0.0
6780.000000000001	0.0
6790.000000000001	0.0
6800.000000000001	0.0
6810.000000000001	0.0
6820.000000000001	0.0
6830.000000000001	0.0
6840.000000000001	0.0
6850.000000000001	0.0
6860.000000000001	0.0
6870.000000000001	0.0
6879.999999999999	0.0
6889.999999999999	0.0
6899.999999999999	0.0
6909.999999999999	0.0
6919.999999999999	0.0
6929.999999999999	0.0
6939.999999999999	0.0
6949.999999999999	0.0
6959.999999999999	0.0
6969.999999999999	0.0
6979.999999999999	0.0
6990.0	0.0
7000.0	0.0
7010.0	0.0
7020.0	0.0
7030.0	0.0
7040.0	0.0
7050.0	0.0
7060.0	0.0
7070.0	0.0
7080.0	0.0
7090.0	0.0
7100.0	0.0
7110.0	0.0
7120.0	0.0
7130.0	0.0
7140.0	0.0
7150.0	0.0
7160.0	0.0
7170.0	0.0
7180.0	0.0
7190.0	0.0
7200.0	0.0
7210.0	0.0
7220.0	0.0
7230.0	0.0
7240.0	0.0
7250.0	0.0
7260.0	0.0
7270.0	0.0
7280.0	0.0
7290.0	0.0
7300.0	0.0
7310.0	0.0
7320.0	0.0
7330.0	0.0
7340.0	0.0
7350.0	0.0
7360.0	0.0
7370.0	0.0
7380.0	0.0
7390.0	0.0
7400.0	0.0
7410.0	0.0
7420.0	0.0
7430.0	0.0
7440.0	0.0
7450.0	0.0
7460.0	0.0
7470.0	0.0
7480.0	0.0
7490.0	0.0
7500.0	0.0
7510.0	0.0
7520.0	0.0
7530.0	0.0
7540.0	0.0
7550.0	0.0
7560.0	0.0
7570.0	0.0
7580.0	0.0
7590.0	0.0
7600.0	0.0
7610.0	0.0
7620.0	0.0
7630.0	0.0
7640.0	0.0
7650.0	0.0
7660.0	0.0
7670.0	0.0
7680.0	0.0
7690.0	0.0
7700.0	0.0
7710.0	0.0
7720.0	0.0
7730.0	0.0
7740.0	0.0
7750.0	0.0
7760.0	0.0
7770.0	0.0
7780.0	0.0
7790.0	0.0
7800.0	0.0
7810.0	0.0
7820.0	0.0
7830.0	0.0
7840.0	0.0
7850.0	0.0
7860.0	0.0
7870.0	0.0
7880.0	0.0
7890.0	0.0
7900.0	0.0
7910.0	0.0
7920.0	0.0
7930.0	0.0
7940.0	0.0
7950.0	0.0
7960.0	0.0
7970.0	0.0
7980.0	0.0
7990.0	0.0
8000.0	0.0
8010.0	0.0
8020.000000000001	0.0
8030.000000000001	0.0
8040.000000000001	0.0
8050.000000000001	0.0
8060.000000000001	0.0
8070.000000000001	0.0
8080.000000000001	0.0
8090.000000000001	0.0
8100.000000000001	0.0
8110.000000000001	0.0
8120.000000000001	0.0
8129.999999999999	0.0
8139.999999999999	0.0
8149.999999999999	0.0
8159.999999999999	0.0
8169.999999999999	0.0
8179.999999999999	0.0
8189.999999999999	0.0
8200.0	0.0
8210.0	0.0
8220.0	0.0
8230.0	0.0
8240.0	0.0
8250.0	0.0
8260.0	0.0
8270.0	0.0
8280.0	0.0
8290.0	0.0
8300.0	0.0
8310.0	0.0
8320.0	0.0
8330.0	0.00847874
8340.0	0.0084641
8350.0	0.00845062
8360.0	0.00843886
8370.0	0.0084142
8380.0	0.00838782
8390.0	0.00836883
8400.0	0.00835046
8410.0	0.00833254
8420.0	0.00829664
8430.0	0.00826615
8440.0	0.00824636
8450.0	0.00821427
8460.0	0.0081773
8470.0	0.0081354
8480.0	0.00808475
8490.0	0.00802651
8500.0	0.00796683
8510.0	0.00788635
8520.0	0.00776174
8530.0	0.00742598
8540.0	0.00698941
8550.0	0.00642165
8560.0	0.00583505
8570.0	0.00522919
8580.0	0.00461227
8590.0	0.00399871
8600.0	0.00339761
8610.0	0.00280384
8620.0	0.00221542
8630.0	0.00165312
8640.0	0.00111913
8650.0	0.000619185
8660.0	0.000385603
8670.0	0.000232839
8680.0	0.000184033
8690.0	0.000152264
8700.0	0.000130849
8710.0	0.000125249
8720.0	0.00012495
8730.0	0.000132147
8740.0	0.000149053
8750.0	0.000167633
8760.0	0.000183527
8770.0	0.00019712
8780.0	0.000209115
8790.0	0.000203816
8800.0	0.000198978
8810.0	0.000195448
8820.0	0.000204003
8830.0	0.000216738
8840.0	0.000232054
8850.0	0.000245402
8860.0	0.000257136
8870.0	0.000256636
8880.0	0.000253544
8890.0	0.000246791
8900.0	0.000244831
8910.0	0.000246486
8920.0	0.000261701
8930.0	0.000273428
8940.0	0.00028179
8950.0	0.000272301
8960.0	0.000263419
8970.0	0.000260749
8980.0	0.000255084
8990.0	0.00024813
9000.0	0.000242255
9010.0	0.000235378
9020.0	0.000227363
9030.0	0.000215626
9040.0	0.000202982
9050.0	0.000189441
9060.0	0.00017774
9070.0	0.000167102
9080.0	0.0001577
9090.0	0.000147321
9100.0	0.000135639
9110.0	0.000123046
9120.0	0.000111611
9130.0	0.000105235
9140.0	0.000100447
9150.0	9.67e-05
9160.0	9.73607e-05
9170.0	9.59789e-05
9180.0	9.13393e-05
9190.0	8.65562e-05
9200.0	8.25395e-05
9210.0	8.24219e-05
9220.0	8.67454e-05
9230.0	9.45121e-05
9240.0	9.71982e-05
9250.0	9.7643e-05
9260.0	9.43212e-05
9270.0	9.22419e-05
9280.0	9.06267e-05
9290.0	8.91784e-05
9300.0	8.58782e-05
9310.0	8.08878e-05
9320.0	8.3438e-05
9330.0	8.58303e-05
9340.0	8.62751e-05
9350.0	8.00841e-05
9360.0	7.15195e-05
9370.0	6.78783e-05
9380.0	6.58478e-05
9390.0	6.55457e-05
9400.0	6.75208e-05
9410.0	6.85451e-05
9420.0	6.60465e-05
9430.0	6.29702e-05
9440.0	5.9502e-05
9450.0	5.42857e-05
9460.0	4.95319e-05
9470.0	4.53621e-05
9480.0	4.22336e-05
9490.0	3.98144e-05
9500.0	3.91162e-05
9510.0	3.91603e-05
9520.0	3.96215e-05
9530.0	3.56969e-05
9540.0	3.35808e-05
9550.0	3.41608e-05
9560.0	4.0231e-05
9570.0	4.67927e-05
9580.0	4.92254e-05
9590.0	5.32237e-05
9600.0	5.83686e-05
9610.0	5.98096e-05
9620.0	5.98866e-05
9630.0	5.77592e-05
9640.0	5.86815e-05
9650.0	6.10935e-05
9660.0	6.63927e-05
9670.0	7.29344e-05
9680.0	8.05489e-05
9690.0	8.80373e-05
9700.0	9.68856e-05
9710.0	0.000108635
9720.0	0.000118231
9730.0	0.000127236
9740.0	0.000138616
9750.0	0.000149739
9760.0	0.0001606
9770.0	0.000165264
9780.0	0.000168971
9790.0	0.000172224
9800.0	0.000172763
9810.0	0.000171684
9820.0	0.00016629
9830.0	0.000161282
9840.0	0.000156735
9850.0	0.000147995
9860.0	0.000138543
9870.0	0.000129222
9880.0	0.000121186
9890.0	0.000114004
9900.0	0.000111212
9910.0	0.00010719
9920.0	0.000101438
9930.0	9.63523e-05
9940.0	9.10696e-05
9950.0	8.43577e-05
9960.0	7.83774e-05
9970.0	7.29032e-05
9980.0	7.09109e-05
9990.0	6.92362e-05
10000.0	6.79902e-05
10009.999999999998	6.71674e-05
10020.0	6.66573e-05
10029.999999999998	6.71219e-05
10040.0	6.72282e-05
10049.999999999998	6.70421e-05
10060.0	6.36317e-05
10069.999999999998	6.10906e-05
10080.0	6.06699e-05
10089.999999999998	5.80161e-05
10100.0	5.49423e-05
10109.999999999998	5.50153e-05
10120.0	5.68453e-05
10129.999999999998	6.03621e-05
10140.0	5.99392e-05
10149.999999999998	5.84712e-05
10160.0	5.55188e-05
10169.999999999998	5.24733e-05
10180.0	4.96732e-05
10189.999999999998	5.02892e-05
10200.0	5.14553e-05
10209.999999999998	5.32429e-05
10220.0	5.79056e-05
10230.0	6.22843e-05
10240.0	6.44669e-05
10250.0	6.46513e-05
10260.0	6.39268e-05
10270.0	6.8056e-05
10280.0	7.14459e-05
10290.0	7.38518e-05
10300.0	7.7237e-05
10310.0	8.08345e-05
10320.0	8.44267e-05
10330.0	8.96799e-05
10340.0	9.60176e-05
10350.0	0.00010035
10360.0	0.000104332
10370.0	0.000107771
10380.0	0.000108785
10390.0	0.00010971
10400.0	0.000113479
10410.0	0.000117697
10420.0	0.000122262
10430.0	0.000126652
10440.0	0.000129235
10450.0	0.000128448
10460.0	0.000126103
10470.0	0.000122967
10480.0	0.000118227
10490.0	0.00011289
10500.0	0.000107012
10510.0	0.000104194
10520.0	0.000100452
10530.0	9.39995e-05
10540.0	8.80713e-05
10550.0	8.22251e-05
10560.0	7.49549e-05
10570.0	7.00021e-05
10580.0	6.75242e-05
10590.0	6.50121e-05
10600.0	6.24599e-05
10610.0	5.98096e-05
10620.0	5.86627e-05
10630.0	5.8192e-05
10640.0	5.58564e-05
10650.0	5.34874e-05
10660.0	5.10768e-05
10670.0	4.9603e-05
10680.0	4.85254e-05
10690.0	4.81663e-05
10700.0	4.66503e-05
10710.0	4.44157e-05
10720.0	4.15819e-05
10730.0	4.0488e-05
10740.0	4.19746e-05
10750.0	4.32175e-05
10760.0	4.43277e-05
10770.0	4.51341e-05
10780.0	4.77404e-05
10790.0	5.16596e-05
10800.0	5.61107e-05
10810.0	6.0645e-05
10820.0	6.52985e-05
10830.0	6.76562e-05
10840.0	6.92829e-05
10850.0	7.10085e-05
10860.0	7.24474e-05
10870.0	7.36404e-05
10880.0	7.54956e-05
10890.0	7.75919e-05
10900.0	8.00916e-05
10910.0	7.99464e-05
10920.0	7.88367e-05
10930.0	7.85475e-05
10940.0	7.7495e-05
10950.0	7.5671e-05
10960.0	7.56151e-05
10970.0	7.60508e-05
10980.0	7.7181e-05
10990.0	7.74623e-05
11000.0	7.7239e-05
11010.0	7.56869e-05
11020.0	7.50159e-05
11030.0	7.53918e-05
11040.000000000002	7.57344e-05
11050.0	7.60253e-05
11060.000000000002	7.61718e-05
11070.0	7.72141e-05
11080.000000000002	7.87506e-05
11090.0	7.9255e-05
11100.000000000002	7.97894e-05
11110.0	8.03658e-05
11120.000000000002	8.18458e-05
11130.0	8.36894e-05
11140.000000000002	8.61294e-05
11150.0	8.69487e-05
11160.000000000002	8.66523e-05
11170.0	8.6089e-05
11180.000000000002	8.49174e-05
11190.0	8.27442e-05
11200.000000000002	7.98653e-05
11210.0	7.73657e-05
11220.000000000002	7.79764e-05
11230.0	7.79188e-05
11240.000000000002	7.73186e-05
11250.0	7.59648e-05
11259.999999999998	7.42978e-05
11270.0	7.21002e-05
11279.999999999998	7.11316e-05
11290.0	7.08423e-05
11299.999999999998	7.21651e-05
11310.0	7.24008e-05
11319.999999999998	7.15982e-05
11330.0	7.07145e-05
11339.999999999998	7.00492e-05
11350.0	6.99256e-05
11359.999999999998	6.92132e-05
11370.0	6.81119e-05
11379.999999999998	6.55978e-05
11390.0	6.4123e-05
11399.999999999998	6.38157e-05
11410.0	6.17935e-05
11419.999999999998	5.91107e-05
11430.0	5.52923e-05
11439.999999999998	5.33409e-05
11450.0	5.24754e-05
11459.999999999998	5.32525e-05
11470.0	5.26798e-05
11480.0	5.03202e-05
11490.0	4.79914e-05
11500.0	4.6012e-05
11510.0	4.52891e-05
11520.0	4.40153e-05
11530.0	4.23835e-05
11540.0	4.14668e-05
11550.0	4.09485e-05
11560.0	4.10512e-05
11570.0	4.00918e-05
11580.0	3.87126e-05
11590.0	3.67473e-05
11600.0	3.64157e-05
11610.0	3.73382e-05
11620.0	3.93929e-05
11630.0	4.06057e-05
11640.0	4.0158e-05
11650.0	3.98863e-05
11660.0	3.96813e-05
11670.0	3.95105e-05
11680.0	3.87703e-05
11690.0	3.75151e-05
11700.0	3.74569e-05
11710.0	3.72169e-05
11720.0	3.63291e-05
11730.0	3.4781e-05
11740.0	3.29903e-05
11750.0	3.15839e-05
11760.0	3.08259e-05
11770.0	3.07574e-05
11780.0	3.16363e-05
11790.0	3.35494e-05
11800.0	3.79159e-05
11810.0	4.54703e-05
11820.0	5.50122e-05
11830.0	7.08596e-05
11840.0	9.00625e-05
11850.0	0.000113458
11860.0	0.000141769
11870.0	0.000172518
11880.0	0.000208249
11890.0	0.000248576
11900.0	0.00029181
11910.0	0.000342729
11920.0	0.000398191
11930.0	0.00046034
11940.0	0.00053595
11950.0	0.000619525
11960.0	0.000722632
11970.0	0.000844313
11980.0	0.000979444
11990.0	0.00115227
12000.0	0.00133887
12010.0	0.00154764
12020.0	0.00176993
12030.0	0.0019966
12040.0	0.00222344
12050.0	0.002446
12060.0	0.00266486
12070.0	0.0028683
12080.0	0.0030616
12090.0	0.00323609
12100.0	0.00338347
12110.0	0.00351503
12120.0	0.00360481
12130.0	0.00367325
12140.0	0.00372023
12150.0	0.00374195
12160.0	0.00375731
12170.0	0.0037644
12180.0	0.003767
12190.0	0.00376709
12200.0	0.00376233
12210.0	0.00375618
12220.0	0.00374839
12230.0	0.00373853
12240.0	0.00372856
12250.0	0.00371942
12260.0	0.00370984
12270.0	0.00370004
12280.0	0.00369114
12290.000000000002	0.00368324
12300.0	0.00367672
12310.000000000002	0.00366933
12320.0	0.00366155
12330.000000000002	0.00365304
12340.0	0.00364336
12350.000000000002	0.00363287
12360.0	0.00362314
12370.000000000002	0.00361401
12380.0	0.00360584
12390.000000000002	0.00359837
12400.0	0.00359144
12410.000000000002	0.00358626
12420.0	0.0035807
12430.000000000002	0.00357485
12440.0	0.00357125
12450.000000000002	0.00356809
12460.0	0.00356555
12470.000000000002	0.00356308
12480.0	0.00356062
12490.000000000002	0.00355803
12500.0	0.00355464
12509.999999999998	0.0035505
12520.0	0.00354745
12529.999999999998	0.00354429
12540.0	0.00354059
12549.999999999998	0.00353662
12560.0	0.00353249
12569.999999999998	0.00352788
12580.0	0.00352303
12589.999999999998	0.00351791
12600.0	0.00351331
12609.999999999998	0.00350859
12620.0	0.00350327
12629.999999999998	0.00349826
12640.0	0.00349334
12649.999999999998	0.00348656
12660.0	0.00347933
12669.999999999998	0.0034715
12680.0	0.00346334
12689.999999999998	0.00345454
12700.0	0.00344366
12709.999999999998	0.00343212
12720.0	0.00342015
12730.0	0.00340733
12740.0	0.00339418
12750.0	0.00338051
12760.0	0.00336475
12770.0	0.00334877
12780.0	0.00333448
12790.0	0.00332007
12800.0	0.00330558
12810.0	0.00329038
12820.0	0.00327585
12830.0	0.00326263
12840.0	0.00325105
12850.0	0.00323988
12860.0	0.00322765
12870.0	0.00321615
12880.0	0.0032053
12890.0	0.00319705
12900.0	0.00318731
12910.0	0.00317373
12920.0	0.00315925
12930.0	0.00314496
12940.0	0.00313622
12950.0	0.00312754
12960.0	0.00311892
12970.0	0.00310716
12980.0	0.00309617
12990.0	0.00308844
13000.0	0.0030821
13010.0	0.00307639
13020.0	0.0030692
13030.0	0.00306298
13040.0	0.00305794
13050.0	0.00305584
13060.0	0.00305374
13070.0	0.0030497
13080.0	0.00304459
13090.0	0.00303885
13100.0	0.00303541
13110.0	0.00303217
13120.0	0.0030292
13130.0	0.00302756
13140.0	0.00302635
13150.0	0.00302556
13160.0	0.003026
13170.0	0.00302732
13180.0	0.00302756
13190.0	0.0030267
13200.0	0.00302398
13210.0	0.00302083
13220.0	0.00301762
13230.0	0.0030149
13240.0	0.00301023
13250.0	0.00300392
13260.0	0.00299165
13270.0	0.00297747
13280.0	0.00296022
13290.0	0.00294184
13300.0	0.00292318
13310.0	0.00290607
13320.0	0.00288967
13330.0	0.00287398
13340.0	0.00285915
13350.0	0.0028449
13360.0	0.00283186
13370.0	0.0028193
13380.0	0.0028071
13390.0	0.00279646
13400.0	0.00278585
13410.0	0.00277526
13420.0	0.00276338
13430.0	0.0027503
13440.0	0.00273421
13450.0	0.00271592
13460.0	0.00269632
13470.0	0.0026742
13480.0	0.00264918
13490.0	0.00262015
13500.0	0.00258786
13510.0	0.00255516
13520.0	0.0025238
13530.0	0.0024939
13540.000000000002	0.002465
13550.0	0.00243696
13560.000000000002	0.00240964
13570.0	0.00238345
13580.000000000002	0.002361
13590.0	0.00234058
13600.000000000002	0.00232496
13610.0	0.00231282
13620.000000000002	0.0023035
13630.0	0.00229764
13640.000000000002	0.00229182
13650.0	0.00228569
13660.000000000002	0.00228325
13670.0	0.00228286
13680.000000000002	0.00228744
13690.0	0.00229241
13700.000000000002	0.00229775
13710.0	0.00230044
13720.000000000002	0.00230227
13730.0	0.00230271
13740.000000000002	0.00230392
13750.0	0.00230558
13759.999999999998	0.00230836
13770.0	0.00231148
13779.999999999998	0.00231497
13790.0	0.00231581
13799.999999999998	0.00231558
13810.0	0.00231346
13819.999999999998	0.00231187
13830.0	0.00231059
13839.999999999998	0.00230988
13850.0	0.00230925
13859.999999999998	0.00230871
13870.0	0.00230551
13879.999999999998	0.00230182
13890.0	0.00229836
13899.999999999998	0.00229523
13910.0	0.00229233
13919.999999999998	0.00229072
13930.0	0.00228859
13939.999999999998	0.00228563
13950.0	0.00228075
13959.999999999998	0.00227521
13970.0	0.00226905
13980.0	0.002264
13990.0	0.00225979
14000.0	0.00225763
14010.0	0.00225534
14020.0	0.00225262
14030.0	0.00224895
14040.0	0.00224482
14050.0	0.00223997
14060.0	0.00223568
14070.0	0.0022319
14080.0	0.00222893
14090.0	0.00222655
14100.0	0.00222529
14110.0	0.00222185
14120.0	0.00221744
14130.0	0.00221246
14140.0	0.00220749
14150.0	0.00220253
14160.0	0.00219796
14170.0	0.00219321
14180.0	0.00218788
14190.0	0.00218168
14200.0	0.00217509
14210.0	0.00216948
14220.0	0.00216353
14230.0	0.00215716
14240.0	0.00215166
14250.0	0.00214613
14260.0	0.00213991
14270.0	0.00213376
14280.0	0.00212764
14290.0	0.00212133
14300.0	0.00211518
14310.0	0.00210926
14320.0	0.00210349
14330.0	0.00209754
14340.0	0.00209065
14350.0	0.00208397
14360.0	0.00207743
14370.0	0.00207132
14380.0	0.00206552
14390.0	0.00206022
14400.0	0.00205452
14410.0	0.00204877
14420.0	0.00204345
14430.0	0.00203828
14440.0	0.00203324
14450.0	0.00202846
14460.0	0.00202396
14470.0	0.00201998
14480.0	0.00201567
14490.0	0.00201122
14500.0	0.00200678
14510.0	0.00200214
14520.0	0.00199729
14530.0	0.00199267
14540.0	0.00198804
14550.0	0.0019833
14560.0	0.00197878
14570.0	0.00197446
14580.0	0.00197143
14590.0	0.00196846
14600.0	0.00196559
14610.0	0.00196341
14620.0	0.00196112
14630.0	0.00195814
14640.0	0.00195528
14650.0	0.00195249
14660.0	0.00195008
14670.0	0.00194748
14680.0	0.00194462
14690.0	0.00194194
14700.0	0.00193884
14710.0	0.00193392
14720.0	0.00192923
14730.0	0.00192469
14740.0	0.00191907
14750.0	0.00191369
14760.0	0.00190872
14770.0	0.00190398
14780.0	0.00189926
14790.000000000002	0.00189437
14800.0	0.0018901
14810.000000000002	0.00188634
14820.0	0.00188184
14830.000000000002	0.0018777
14840.0	0.00187435
14850.000000000002	0.00187063
14860.0	0.00186684
14870.000000000002	0.00186345
14880.0	0.00186006
14890.000000000002	0.00185669
14900.0	0.00185316
14910.000000000002	0.00184973
14920.0	0.00184659
14930.000000000002	0.00184327
14940.0	0.00183987
14950.000000000002	0.00183633
14960.0	0.0018332
14970.000000000002	0.00183054
14980.0	0.00182742
14990.000000000002	0.00182443
15000.0	0.00182203
15009.999999999998	0.00181966
15020.0	0.0018173
15029.999999999998	0.00181462
15040.0	0.00181156
15049.999999999998	0.00180799
15060.0	0.00180347
15069.999999999998	0.00179885
15080.0	0.00179461
15089.999999999998	0.00179
15100.0	0.00178514
15109.999999999998	0.00178044
15120.0	0.00177562
15129.999999999998	0.00177061
15140.0	0.00176538
15149.999999999998	0.00176018
15160.0	0.00175536
15169.999999999998	0.00175085
15180.0	0.00174656
15189.999999999998	0.00174281
15200.0	0.00173929
15209.999999999998	0.00173613
15220.0	0.00173278
15230.0	0.00172944
15240.0	0.00172655
15250.0	0.00172365
15260.0	0.00172073
15270.0	0.00171779
15280.0	0.00171491
15290.0	0.00171217
15300.0	0.00170928
15310.0	0.0017063
15320.0	0.00170303
15330.0	0.00169964
15340.0	0.00169613
15350.0	0.00169225
15360.0	0.00168838
15370.0	0.00168464
15380.0	0.00168105
15390.0	0.00167755
15400.0	0.00167423
15410.0	0.00167073
15420.0	0.00166701
15430.0	0.00166279
15440.0	0.00165856
15450.0	0.00165458
15460.0	0.00165074
15470.0	0.001647
15480.0	0.001644
15490.0	0.00164142
15500.0	0.00163944
15510.0	0.0016386
15520.0	0.00163835
15530.0	0.00163943
15540.0	0.00164186
15550.0	0.00164525
15560.0	0.00165054
15570.0	0.00165629
15580.0	0.00166273
15590.0	0.00166832
15600.0	0.00167311
15610.0	0.00167487
15620.0	0.00167289
15630.0	0.00166777
15640.0	0.00165398
15650.0	0.0016358
15660.0	0.00160983
15670.0	0.00157502
15680.0	0.00153534
15690.0	0.00148433
15700.0	0.00142733
15710.0	0.0013644
15720.0	0.00129312
15730.0	0.00121931
15740.0	0.00114158
15750.0	0.00106259
15760.0	0.000983131
15770.0	0.000905222
15780.0	0.000829101
15790.0	0.000755045
15800.0	0.000686122
15810.0	0.000620068
15820.0	0.000560093
15830.0	0.000505042
15840.0	0.000453003
15850.0	0.000408355
15860.0	0.000366572
15870.0	0.000328712
15880.0	0.000295681
15890.0	0.000264804
15900.0	0.000237957
15910.0	0.000214429
15920.0	0.000193136
15930.0	0.000175161
15940.0	0.000158673
15950.0	0.000144536
15960.0	0.000132325
15970.0	0.000121049
15980.0	0.000111659
15990.0	0.000103273
16000.0	9.56862e-05
16010.0	8.90881e-05
16020.0	8.2699e-05
16030.0	7.66126e-05
16040.000000000002	7.10672e-05
16050.0	6.57947e-05
16060.000000000002	6.10592e-05
16070.0	5.63962e-05
16080.000000000002	5.18016e-05
16090.0	4.8507e-05
16100.000000000002	4.52164e-05
16110.0	4.16291e-05
16120.000000000002	3.87271e-05
16130.0	3.61755e-05
16140.000000000002	3.41157e-05
16150.0	3.22093e-05
16160.000000000002	3.04723e-05
16170.0	2.8646e-05
16180.000000000002	2.69224e-05
16190.0	2.55321e-05
16200.000000000002	2.38483e-05
16210.0	2.20008e-05
16220.000000000002	2.00062e-05
16230.0	1.84597e-05
16240.000000000002	1.74952e-05
16250.0	1.60504e-05
16259.999999999998	1.47184e-05
16270.0	1.41463e-05
16279.999999999998	1.3531e-05
16290.0	1.28885e-05
16299.999999999998	1.23197e-05
16310.0	1.17112e-05
16319.999999999998	1.10416e-05
16330.0	1.05471e-05
16339.999999999998	1.00726e-05
16350.0	9.47094e-06
16359.999999999998	8.87871e-06
16370.0	8.29367e-06
16379.999999999998	7.58675e-06
16390.0	6.65663e-06
16400.0	5.32855e-06
16410.0	4.32949e-06
16420.0	3.47276e-06
16430.0	2.80499e-06
16440.0	2.21749e-06
16450.0	1.7012e-06
16460.0	1.41004e-06
16470.0	1.18994e-06
16480.0	1.08334e-06
16490.0	9.16601e-07
16500.0	7.67313e-07
16510.0	1.0108e-06
16520.0	1.30272e-06
16530.0	1.64517e-06
16540.0	1.8098e-06
16550.0	2.00227e-06
16560.0	2.33232e-06
16570.0	2.45749e-06
16580.0	2.47435e-06
16590.0	2.40474e-06
16600.0	2.37974e-06
16610.0	2.40948e-06
16620.0	2.26663e-06
16630.0	2.06811e-06
16640.0	1.79374e-06
16650.0	1.56254e-06
16660.0	1.36123e-06
16670.0	1.39586e-06
16680.0	1.28107e-06
16690.0	9.50028e-07
16700.0	8.64471e-07
16710.0	8.44204e-07
16720.0	8.41314e-07
16730.0	7.45866e-07
16740.0	5.84576e-07
16750.0	5.7976e-07
16760.0	5.77163e-07
16770.0	5.71883e-07
16780.0	4.66117e-07
16790.0	3.17621e-07
16800.0	1.07746e-07
16810.0	1.13337e-08
16820.0	1.00804e-08
16830.0	0.0
16840.0	0.0
16850.0	0.0
16860.0	0.0
16870.0	0.0
16880.0	0.0
16890.0	0.0
16900.0	0.0
16910.0	0.0
16920.0	0.0
16930.0	0.0
16940.0	1.18576e-08
16950.0	1.5885e-08
16960.0	3.68104e-08
16970.0	4.81372e-08
16980.0	4.83277e-08
16990.0	4.83554e-08
17000.0	4.88435e-08
17010.0	5.08203e-08
17020.0	1.32151e-07
17030.0	2.54521e-07
17040.0	2.55485e-07
17050.0	2.58165e-07
17060.0	2.63189e-07
17070.0	2.99474e-07
17080.0	3.29661e-07
17090.0	3.0898e-07
17100.0	3.00558e-07
17110.0	3.00368e-07
17120.0	3.00366e-07
17130.0	2.99611e-07
17140.0	2.97634e-07
17150.0	1.99508e-07
17160.0	9.40707e-08
17170.0	9.31062e-08
17180.0	8.98769e-08
17190.0	8.48525e-08
17200.0	4.07764e-08
17210.0	1.15171e-08
17220.0	1.47979e-08
17230.0	2.52884e-08
17240.0	3.67677e-08
17250.0	3.68941e-08
17260.0	4.27845e-08
17270.0	5.4055e-08
17280.0	6.99833e-08
17290.0	8.14424e-08
17300.0	8.14562e-08
17310.0	9.94483e-08
17320.0	1.33595e-07
17330.0	2.55932e-07
17340.0	4.19177e-07
17350.0	6.27337e-07
17360.0	7.60779e-07
17370.0	9.06303e-07
17380.0	1.11806e-06
17390.0	1.44543e-06
17400.0	1.8187e-06
17410.0	1.85526e-06
17420.0	1.92712e-06
17430.0	2.04458e-06
17440.0	2.15066e-06
17450.0	2.20478e-06
17460.0	2.08319e-06
17470.0	1.90933e-06
17480.0	1.70281e-06
17490.0	1.61298e-06
17500.0	1.48292e-06
17510.0	1.29151e-06
17520.0	9.36648e-07
17530.0	6.00395e-07
17540.0	5.49846e-07
17550.0	6.44704e-07
17560.0	8.48554e-07
17570.0	1.06321e-06
17580.0	1.33834e-06
17590.0	1.72225e-06
17600.0	2.72987e-06
17610.0	3.92166e-06
17620.0	4.94899e-06
17630.0	5.97076e-06
17640.0	6.98752e-06
17650.0	8.29785e-06
17660.0	9.59758e-06
17670.0	1.08206e-05
17680.0	1.1669e-05
17690.0	1.23321e-05
17700.0	1.27231e-05
17710.0	1.30867e-05
17720.0	1.34221e-05
17730.0	1.28712e-05
17740.0	1.21658e-05
17750.0	1.13629e-05
17760.0	1.08326e-05
17770.0	1.04521e-05
17780.0	1.02853e-05
17790.0	9.9783e-06
17800.0	9.50017e-06
17810.0	9.26801e-06
17820.0	9.13931e-06
17830.0	9.19819e-06
17840.0	9.11332e-06
17850.0	8.9441e-06
17860.0	8.85877e-06
17870.0	8.88218e-06
17880.0	9.06225e-06
17890.0	9.06424e-06
17900.0	8.90519e-06
17910.0	8.25879e-06
17920.0	7.78907e-06
17930.0	7.44439e-06
17940.0	7.19097e-06
17950.0	6.94093e-06
17960.0	6.69297e-06
17970.0	6.49634e-06
17980.0	6.36074e-06
17990.0	6.47333e-06
18000.0	6.63952e-06
18010.0	6.85044e-06
18020.0	6.73173e-06
18030.0	6.61817e-06
18040.0	6.56024e-06
18050.0	6.58667e-06
18060.0	6.61744e-06
18070.0	6.42508e-06
18080.0	6.21366e-06
18090.0	5.98346e-06
18100.0	5.88611e-06
18110.0	5.80049e-06
18120.0	5.70605e-06
18130.0	5.47578e-06
18140.0	5.17999e-06
18150.0	4.86278e-06
18160.0	4.68404e-06
18170.0	4.66505e-06
18180.0	5.02563e-06
18190.0	5.42453e-06
18200.0	5.74601e-06
18210.0	6.05432e-06
18220.0	6.35482e-06
18230.0	6.64097e-06
18240.0	6.73032e-06
18250.0	6.55187e-06
18260.0	6.34913e-06
18270.0	6.16919e-06
18280.0	6.0974e-06
18290.0	5.94501e-06
18300.0	5.73877e-06
18310.0	5.34231e-06
18320.0	4.95389e-06
18330.0	4.58117e-06
18340.0	4.34322e-06
18350.0	4.18064e-06
18360.0	4.19868e-06
18370.0	4.20778e-06
18380.0	4.20982e-06
18390.0	4.33159e-06
18400.0	4.55949e-06
18410.0	4.97896e-06
18420.0	5.278e-06
18430.0	5.49827e-06
18440.0	5.47514e-06
18450.0	5.54376e-06
18460.0	5.69757e-06
18470.0	5.86892e-06
18480.0	6.05504e-06
18490.0	6.27124e-06
18500.0	6.56028e-06
18510.0	6.87555e-06
18520.0	7.12925e-06
18530.0	7.35535e-06
18540.0	7.55129e-06
18550.0	7.61859e-06
18560.0	7.61489e-06
18570.0	7.46516e-06
18580.0	7.40299e-06
18590.0	7.39089e-06
18600.0	7.45614e-06
18610.0	7.42684e-06
18620.0	7.27603e-06
18630.0	7.37781e-06
18640.0	7.61208e-06
18650.0	8.12976e-06
18660.0	8.54729e-06
18670.0	8.90168e-06
18680.0	9.26586e-06
18690.0	9.59384e-06
18700.0	9.86698e-06
18710.0	1.00054e-05
18720.0	1.01092e-05
18730.0	1.02197e-05
18740.0	1.01629e-05
18750.0	9.98132e-06
18760.0	9.52734e-06
18770.0	9.05157e-06
18780.0	8.55425e-06
18790.0	8.1265e-06
18800.0	7.71505e-06
18810.0	7.26085e-06
18820.0	6.98846e-06
18830.0	6.87566e-06
18840.0	6.84389e-06
18850.0	6.73407e-06
18860.0	6.44117e-06
18870.0	6.30468e-06
18880.0	6.24058e-06
18890.0	6.24811e-06
18900.0	6.19419e-06
18910.0	6.07681e-06
18920.0	6.20957e-06
18930.0	6.31693e-06
18940.0	6.27117e-06
18950.0	6.09166e-06
18960.0	5.85252e-06
18970.0	5.72316e-06
18980.0	5.69127e-06
18990.0	5.7778e-06
19000.0	5.87504e-06
19010.0	6.00548e-06
19020.0	6.23725e-06
19030.0	6.47947e-06
19040.0	6.71749e-06
19050.0	6.42425e-06
19060.0	6.24151e-06
19070.0	6.21718e-06
19080.0	6.31134e-06
19090.0	6.4061e-06
19100.0	6.38318e-06
19110.0	6.38072e-06
19120.0	6.39267e-06
19130.0	6.47904e-06
19140.0	6.51842e-06
19150.0	6.47525e-06
19160.0	6.55374e-06
19170.0	6.77434e-06
19180.0	7.56504e-06
19190.0	8.11157e-06
19200.0	8.45522e-06
19210.0	8.70693e-06
19220.0	9.017e-06
19230.0	9.4578e-06
19240.0	9.77404e-06
19250.0	1.00279e-05
19260.0	1.01704e-05
19270.0	1.03472e-05
19280.0	1.05575e-05
19290.0	1.05199e-05
19300.0	1.03318e-05
19310.0	9.8441e-06
19320.0	9.78253e-06
19330.0	9.90943e-06
19340.0	9.9019e-06
19350.0	9.78142e-06
19360.0	9.53111e-06
19370.0	9.62971e-06
19380.0	9.80492e-06
19390.0	1.00361e-05
19400.0	1.00927e-05
19410.0	1.00564e-05
19420.0	1.01602e-05
19430.0	1.06776e-05
19440.0	1.17548e-05
19450.0	1.26477e-05
19460.0	1.35409e-05
19470.0	1.45922e-05
19480.0	1.57734e-05
19490.0	1.70412e-05
19500.0	1.79994e-05
19510.0	1.88963e-05
19520.0	1.96991e-05
19530.0	2.02673e-05
19540.0	2.0691e-05
19550.0	2.07346e-05
19560.0	2.01976e-05
19570.0	1.92046e-05
19580.0	1.85643e-05
19590.0	1.78832e-05
19600.0	1.70907e-05
19610.0	1.59665e-05
19620.0	1.47311e-05
19630.0	1.3551e-05
19640.0	1.29136e-05
19650.0	1.27775e-05
19660.0	1.28757e-05
19670.0	1.3044e-05
19680.0	1.33209e-05
19690.0	1.38813e-05
19700.0	1.4575e-05
19710.0	1.53654e-05
19720.0	1.61953e-05
19730.0	1.7068e-05
19740.0	1.80024e-05
19750.0	1.88585e-05
19760.0	1.94693e-05
19770.0	1.96385e-05
19780.0	1.96171e-05
19790.0	2.04454e-05
19800.0	2.11432e-05
19810.0	2.16738e-05
19820.0	2.15058e-05
19830.0	2.11775e-05
19840.0	2.07865e-05
19850.0	2.08928e-05
19860.0	2.13087e-05
19870.0	2.13369e-05
19880.0	2.12545e-05
19890.0	2.10053e-05
19900.0	2.07664e-05
19910.0	2.04816e-05
19920.0	1.99789e-05
19930.0	1.9643e-05
19940.0	1.9431e-05
19950.0	1.95214e-05
19960.0	1.9544e-05
19970.0	1.94259e-05
19980.0	1.88603e-05
19990.0	1.8259e-05
20000.0	1.83466e-05
20010.0	1.87434e-05
20019.999999999996	1.94104e-05
20030.0	1.96617e-05
20040.0	1.9795e-05
20050.0	1.9746e-05
20059.999999999996	2.02239e-05
20070.0	2.09305e-05
20080.0	2.17521e-05
20090.0	2.22084e-05
20099.999999999996	2.2289e-05
20110.0	2.2242e-05
20120.0	2.22386e-05
20130.0	2.23925e-05
20139.999999999996	2.24518e-05
20150.0	2.24552e-05
20160.0	2.23195e-05
20170.0	2.21415e-05
20179.999999999996	2.19124e-05
20190.0	2.13143e-05
20200.0	2.06887e-05
20210.0	2.01927e-05
20219.999999999996	2.03043e-05
20230.0	2.07714e-05
20240.0	2.10527e-05
20250.0	2.09598e-05
20259.999999999996	2.03333e-05
20270.0	1.982e-05
20280.0	1.95085e-05
20290.0	1.99117e-05
20299.999999999996	2.02025e-05
20310.0	2.04145e-05
20320.0	2.00077e-05
20330.0	1.95904e-05
20339.999999999996	1.91771e-05
20350.0	1.90878e-05
20360.0	1.91069e-05
20370.0	1.91699e-05
20379.999999999996	1.91903e-05
20390.0	1.91756e-05
20400.0	1.91124e-05
20410.0	1.9011e-05
20419.999999999996	1.88389e-05
20430.0	1.89976e-05
20440.0	1.93483e-05
20450.0	2.02045e-05
20460.0	2.08577e-05
20470.0	2.13138e-05
20480.0	2.09071e-05
20490.0	2.05054e-05
20500.0	2.03519e-05
20510.0	2.08256e-05
20520.0	2.15554e-05
20530.0	2.18541e-05
20540.0	2.16929e-05
20550.0	2.10054e-05
20560.0	2.02321e-05
20570.0	1.96045e-05
20580.0	1.94556e-05
20590.0	1.951e-05
20600.0	1.96698e-05
20610.0	1.96142e-05
20620.0	1.9499e-05
20630.0	1.93035e-05
20640.0	1.91604e-05
20650.0	1.91724e-05
20660.0	1.97237e-05
20670.0	2.06107e-05
20680.0	2.17201e-05
20690.0	2.25915e-05
20700.0	2.30875e-05
20710.0	2.29881e-05
20720.0	2.27374e-05
20730.0	2.25624e-05
20740.0	2.29719e-05
20750.0	2.33657e-05
20760.0	2.3747e-05
20770.0	2.31176e-05
20780.0	2.22449e-05
20790.0	2.10056e-05
20800.0	2.02355e-05
20810.0	1.97518e-05
20820.0	2.00716e-05
20830.000000000004	2.00463e-05
20840.0	1.97035e-05
20850.0	1.89664e-05
20860.0	1.82707e-05
20870.000000000004	1.77555e-05
20880.0	1.77571e-05
20890.0	1.80166e-05
20900.0	1.86134e-05
20910.000000000004	1.91975e-05
20920.0	1.97675e-05
20930.0	1.97493e-05
20940.0	1.9426e-05
20950.000000000004	1.84928e-05
20960.0	1.82412e-05
20970.0	1.83856e-05
20980.0	1.92994e-05
20990.000000000004	1.98932e-05
21000.0	2.00798e-05
21010.0	1.92343e-05
21020.0	1.82185e-05
21030.000000000004	1.73348e-05
21040.0	1.6952e-05
21050.0	1.68823e-05
21060.0	1.6862e-05
21070.000000000004	1.65832e-05
21080.0	1.59164e-05
21090.0	1.49682e-05
21100.0	1.39328e-05
21110.000000000004	1.2839e-05
21120.0	1.24582e-05
21130.0	1.2604e-05
21140.0	1.28103e-05
21150.000000000004	1.29226e-05
21160.0	1.28634e-05
21170.0	1.25221e-05
21180.0	1.21344e-05
21190.000000000004	1.20287e-05
21200.0	1.24003e-05
21210.0	1.31872e-05
21220.0	1.43244e-05
21230.000000000004	1.53557e-05
21240.0	1.61014e-05
21250.0	1.58612e-05
21260.0	1.52587e-05
21269.999999999996	1.49994e-05
21280.0	1.5134e-05
21290.0	1.56712e-05
21300.0	1.64708e-05
21309.999999999996	1.69895e-05
21320.0	1.66926e-05
21330.0	1.59708e-05
21340.0	1.50528e-05
21349.999999999996	1.4338e-05
21360.0	1.4082e-05
21370.0	1.43782e-05
21380.0	1.45545e-05
21389.999999999996	1.45927e-05
21400.0	1.42581e-05
21410.0	1.35983e-05
21420.0	1.27435e-05
21429.999999999996	1.1716e-05
21440.0	1.11318e-05
21450.0	1.11769e-05
21460.0	1.15037e-05
21469.999999999996	1.18017e-05
21480.0	1.17053e-05
21490.0	1.09469e-05
21500.0	9.72669e-06
21509.999999999996	8.91744e-06
21520.0	8.42413e-06
21530.0	8.44885e-06
21540.0	9.06246e-06
21549.999999999996	9.78888e-06
21560.0	1.01482e-05
21570.0	1.01166e-05
21580.0	9.76328e-06
21589.999999999996	9.48274e-06
21600.0	9.48417e-06
21610.0	1.00424e-05
21620.0	1.18084e-05
21629.999999999996	1.39313e-05
21640.0	1.52693e-05
21650.0	1.62345e-05
21660.0	1.68391e-05
21669.999999999996	1.71459e-05
21680.0	1.77105e-05
21690.0	1.89806e-05
21700.0	2.06716e-05
21710.0	2.25298e-05
21720.0	2.40622e-05
21730.0	2.51867e-05
21740.0	2.58463e-05
21750.0	2.53679e-05
21760.0	2.49839e-05
21770.0	2.5434e-05
21780.0	2.6505e-05
21790.0	2.79318e-05
21800.0	2.96804e-05
21810.0	3.0845e-05
21820.0	3.12274e-05
21830.0	3.10406e-05
21840.0	3.08236e-05
21850.0	3.09621e-05
21860.0	3.16916e-05
21870.0	3.28097e-05
21880.0	3.46459e-05
21890.0	3.61719e-05
21900.0	3.72012e-05
21910.0	3.74092e-05
21920.0	3.73709e-05
21930.0	3.72691e-05
21940.0	3.80601e-05
21950.0	3.95458e-05
21960.0	4.18989e-05
21970.0	4.41393e-05
21980.0	4.60901e-05
21990.0	4.72758e-05
22000.0	4.81133e-05
22010.0	4.84356e-05
22020.0	4.9234e-05
22030.0	5.04683e-05
22040.0	5.26075e-05
22050.0	5.47764e-05
22060.0	5.68204e-05
22070.0	5.81606e-05
22080.000000000004	5.91373e-05
22090.0	5.95163e-05
22100.0	6.00248e-05
22110.0	6.06726e-05
22120.000000000004	6.22072e-05
22130.0	6.40786e-05
22140.0	6.65252e-05
22150.0	6.83947e-05
22160.000000000004	6.96509e-05
22170.0	6.48818e-05
22180.0	5.99069e-05
22190.0	5.46701e-05
22200.000000000004	4.93997e-05
22210.0	4.35314e-05
22220.0	3.59148e-05
22230.0	2.93401e-05
22240.000000000004	2.16958e-05
22250.0	1.30297e-05
22260.0	4.70636e-06
22270.0	0.0
22280.000000000004	0.0
22290.0	0.0
22300.0	0.0
22310.0	0.0
22320.000000000004	0.0
22330.0	0.0
22340.0	0.0
22350.0	0.0
22360.000000000004	0.0
22370.0	0.0
22380.0	0.0
22390.0	0.0
22400.000000000004	0.0
22410.0	0.0
22420.0	0.0
22430.0	0.0
22440.000000000004	0.0
22450.0	0.0
22460.0	0.0
22470.0	0.0
22480.000000000004	0.0
22490.0	0.0
22500.0	0.0
22510.0	0.0
22519.999999999996	0.0
22530.0	0.0
22540.0	1.7119e-08
22550.0	1.86552e-08
22559.999999999996	1.86552e-08
22570.0	1.86552e-08
22580.0	1.86552e-08
22590.0	1.86552e-08
22599.999999999996	1.94459e-08
22610.0	1.9621e-08
22620.0	1.9621e-08
22630.0	1.6882e-08
22639.999999999996	1.12844e-08
22650.0	1.30641e-08
22660.0	1.31027e-08
22670.0	1.31027e-08
22679.999999999996	1.54862e-08
22690.0	9.56953e-08
22700.0	2.67401e-07
22710.0	2.72688e-07
22719.999999999996	3.81001e-07
22730.0	4.07227e-07
22740.0	6.27914e-07
22750.0	1.01654e-06
22759.999999999996	1.51883e-06
22770.0	2.54983e-06
22780.0	3.79971e-06
22790.0	4.45295e-06
22799.999999999996	5.06808e-06
22810.0	5.65423e-06
22820.0	6.05629e-06
22830.0	6.74991e-06
22839.999999999996	7.091e-06
22850.0	7.80163e-06
22860.0	7.87448e-06
22870.0	7.16802e-06
22879.999999999996	6.33025e-06
22890.0	6.56241e-06
22900.0	8.21028e-06
22910.0	9.41861e-06
22919.999999999996	1.02029e-05
22930.0	1.08799e-05
22940.0	1.16185e-05
22950.0	1.16737e-05
22960.0	1.33785e-05
22970.0	1.61248e-05
22980.0	1.84121e-05
22990.0	1.96049e-05
23000.0	2.01683e-05
23010.0	2.20352e-05
23020.0	2.60923e-05
23030.0	3.06624e-05
23040.0	3.54517e-05
23050.0	3.97426e-05
23060.0	4.29226e-05
23070.0	4.59058e-05
23080.0	5.0974e-05
23090.0	5.81196e-05
23100.0	6.57101e-05
23110.0	7.2051e-05
23120.0	7.6362e-05
23130.0	8.07304e-05
23140.0	8.64309e-05
23150.0	9.33112e-05
23160.0	9.99326e-05
23170.0	0.000106215
23180.0	0.000112339
23190.0	0.000114749
23200.0	0.000117413
23210.0	0.000120988
23220.0	0.000124822
23230.0	0.000128013
23240.0	0.000129688
23250.0	0.000129178
23260.0	0.000131272
23270.0	0.000132458
23280.0	0.000134649
23290.0	0.000137867
23300.0	0.000140569
23310.0	0.000143113
23320.0	0.000145652
23330.000000000004	0.00015012
23340.0	0.000156999
23350.0	0.000164957
23360.0	0.000171946
23370.000000000004	0.000178695
23380.0	0.000187651
23390.0	0.000199107
23400.0	0.00021354
23410.000000000004	0.000230057
23420.0	0.000247188
23430.0	0.000266476
23440.0	0.000291212
23450.000000000004	0.000321039
23460.0	0.000355839
23470.0	0.000395565
23480.0	0.000440507
23490.000000000004	0.000492712
23500.0	0.000554853
23510.0	0.00062781
23520.0	0.000711515
23530.000000000004	0.000805963
23540.0	0.000912026
23550.0	0.00103536
23560.0	0.00118241
23570.000000000004	0.00135157
23580.0	0.00154708
23590.0	0.00177359
23600.0	0.00203607
23610.000000000004	0.00234956
23620.0	0.00272256
23630.0	0.00316017
23640.0	0.00367311
23650.000000000004	0.00427271
23660.0	0.00497191
23670.0	0.00580328
23680.0	0.00678225
23690.000000000004	0.00790988
23700.0	0.00919894
23710.0	0.0106621
23720.0	0.0123088
23730.000000000004	0.0141655
23740.0	0.0162224
23750.0	0.0184457
23760.0	0.0208193
23769.999999999996	0.023325
23780.0	0.0259402
23790.0	0.0286417
23800.0	0.0313906
23809.999999999996	0.0341555
23820.0	0.036923
23830.0	0.0396843
23840.0	0.0424376
23849.999999999996	0.045194
23860.0	0.0479839
23870.0	0.0508394
23880.0	0.0537989
23889.999999999996	0.0569085
23900.0	0.0602186
23910.0	0.0638383
23920.0	0.0678506
23929.999999999996	0.0723032
23940.0	0.0772759
23950.0	0.0828517
23960.0	0.0891254
23969.999999999996	0.0963613
23980.0	0.104675
23990.0	0.114135
24000.0	0.124904
24009.999999999996	0.137142
24020.0	0.15103
24030.0	0.167123
24040.0	0.185546
24049.999999999996	0.206328
24060.0	0.229625
24070.0	0.255562
24080.0	0.284203
24089.999999999996	0.315972
24100.0	0.350371
24110.0	0.386807
24120.0	0.424807
24129.999999999996	0.463793
24140.0	0.503068
24150.0	0.541579
24160.0	0.578297
24169.999999999996	0.612592
24180.0	0.643865
24190.0	0.671661
24200.0	0.695655
24210.0	0.714947
24220.0	0.730134
24230.0	0.74179
24240.0	0.750288
24250.0	0.756072
24260.0	0.759626
24270.0	0.761234
24280.0	0.761713
24290.0	0.761519
24300.0	0.760957
24310.0	0.760281
24320.0	0.759693
24330.0	0.759428
24340.0	0.759567
24350.0	0.760127
24360.0	0.761115
24370.0	0.762523
24380.0	0.764323
24390.0	0.766536
24400.0	0.769026
24410.0	0.771716
24420.0	0.774548
24430.0	0.777467
24440.0	0.780414
24450.0	0.783324
24460.0	0.786148
24470.0	0.788857
24480.0	0.791428
24490.0	0.793844
24500.0	0.7961
24510.0	0.798162
24520.0	0.800072
24530.0	0.801849
24540.0	0.803513
24550.0	0.805083
24560.0	0.806585
24570.0	0.808041
24580.000000000004	0.809493
24590.0	0.81096
24600.0	0.81246
24610.0	0.814009
24620.000000000004	0.815621
24630.0	0.817328
24640.0	0.819121
24650.0	0.820996
24660.000000000004	0.82295
24670.0	0.824974
24680.0	0.827059
24690.0	0.829208
24700.000000000004	0.831385
24710.0	0.833568
24720.0	0.835739
24730.0	0.83788
24740.000000000004	0.839976
24750.0	0.841983
24760.0	0.843891
24770.0	0.845686
24780.000000000004	0.847351
24790.0	0.848875
24800.0	0.850248
24810.0	0.851423
24820.000000000004	0.852426
24830.0	0.853255
24840.0	0.853912
24850.0	0.854402
24860.000000000004	0.854727
24870.0	0.854856
24880.0	0.854841
24890.0	0.854697
24900.000000000004	0.854436
24910.0	0.85407
24920.0	0.853609
24930.0	0.853056
24940.000000000004	0.852442
24950.0	0.851779
24960.0	0.851081
24970.0	0.85036
24980.000000000004	0.849623
24990.0	0.848876
25000.0	0.848129
25010.0	0.847397
25019.999999999996	0.84668
25030.0	0.845977
25040.0	0.845286
25050.0	0.844621
25059.999999999996	0.843977
25070.0	0.843351
25080.0	0.842743
25090.0	0.842151
25099.999999999996	0.84157
25110.0	0.841
25120.0	0.84044
25130.0	0.839893
25139.999999999996	0.839352
25150.0	0.838811
25160.0	0.838272
25170.0	0.83773
25179.999999999996	0.837188
25190.0	0.836656
25200.0	0.836136
25210.0	0.835626
25219.999999999996	0.835121
25230.0	0.834635
25240.0	0.834176
25250.0	0.833745
25259.999999999996	0.833356
25270.0	0.833022
25280.0	0.832762
25290.0	0.83256
25299.999999999996	0.832401
25310.0	0.832314
25320.0	0.832322
25330.0	0.832424
25339.999999999996	0.832583
25350.0	0.832846
25360.0	0.83319
25370.0	0.833619
25379.999999999996	0.834159
25390.0	0.834841
25400.0	0.835654
25410.0	0.836545
25419.999999999996	0.837495
25430.0	0.838567
25440.0	0.839768
25450.0	0.841064
25460.0	0.842432
25470.0	0.843918
25480.0	0.84545
25490.0	0.847043
25500.0	0.848679
25510.0	0.850326
25520.0	0.852006
25530.0	0.85369
25540.0	0.855381
25550.0	0.857108
25560.0	0.858893
25570.0	0.860746
25580.0	0.862649
25590.0	0.864491
25600.0	0.866345
25610.0	0.868138
25620.0	0.869808
25630.0	0.871339
25640.0	0.872806
25650.0	0.874268
25660.0	0.87563
25670.0	0.876777
25680.0	0.877764
25690.0	0.878756
25700.0	0.87985
25710.0	0.880777
25720.0	0.881719
25730.0	0.882676
25740.0	0.883535
25750.0	0.884168
25760.0	0.884647
25770.0	0.885304
25780.0	0.885872
25790.0	0.886378
25800.0	0.886941
25810.0	0.887634
25820.0	0.888067
25830.000000000004	0.888489
25840.0	0.888981
25850.0	0.889467
25860.0	0.88986
25870.000000000004	0.890117
25880.0	0.890362
25890.0	0.8905
25900.0	0.891033
25910.000000000004	0.89196
25920.0	0.892926
25930.0	0.893453
25940.0	0.893623
25950.000000000004	0.893755
25960.0	0.893929
25970.0	0.894177
25980.0	0.894452
25990.000000000004	0.894599
26000.0	0.894187
26010.0	0.893794
26020.0	0.893765
26030.000000000004	0.893945
26040.0	0.894163
26050.0	0.894333
26060.0	0.894484
26070.000000000004	0.894422
26080.0	0.894271
26090.0	0.894053
26100.0	0.893695
26110.000000000004	0.8931
26120.0	0.892508
26130.0	0.892307
26140.0	0.892074
26150.000000000004	0.891759
26160.0	0.891496
26170.0	0.891437
26180.0	0.891074
26190.000000000004	0.890469
26200.0	0.889821
26210.0	0.889127
26220.0	0.888389
26230.000000000004	0.887653
26240.0	0.886927
26250.0	0.886138
26260.0	0.88536
26269.999999999996	0.884709
26280.0	0.884152
26290.0	0.883521
26300.0	0.882941
26309.999999999996	0.882252
26320.0	0.881322
26330.0	0.880358
26340.0	0.8795
26349.999999999996	0.878691
26360.0	0.877593
26370.0	0.876601
26380.0	0.875866
26389.999999999996	0.875241
26400.0	0.874642
26410.0	0.874137
26420.0	0.873822
26429.999999999996	0.873515
26440.0	0.873199
26450.0	0.872897
26460.0	0.872626
26469.999999999996	0.872396
26480.0	0.872291
26490.0	0.872302
26500.0	0.872288
26509.999999999996	0.872254
26520.0	0.872233
26530.0	0.872253
26540.0	0.872322
26549.999999999996	0.872508
26560.0	0.872774
26570.0	0.873013
26580.0	0.873172
26589.999999999996	0.873312
26600.0	0.873679
26610.0	0.874392
26620.0	0.875236
26629.999999999996	0.876127
26640.0	0.876932
26650.0	0.877481
26660.0	0.878321
26669.999999999996	0.879395
26680.0	0.880166
26690.0	0.880618
26700.0	0.880808
26710.0	0.880729
26720.0	0.880839
26730.0	0.881083
26740.0	0.881492
26750.0	0.881834
26760.0	0.881899
26770.0	0.881678
26780.0	0.881872
26790.0	0.882288
26800.0	0.882728
26810.0	0.883031
26820.0	0.883149
26830.0	0.883186
26840.0	0.883243
26850.0	0.883237
26860.0	0.883309
26870.0	0.883472
26880.0	0.883695
26890.0	0.883941
26900.0	0.884387
26910.0	0.884786
26920.0	0.885088
26930.0	0.885298
26940.0	0.885444
26950.0	0.885567
26960.0	0.885738
26970.0	0.885992
26980.0	0.886178
26990.0	0.886179
27000.0	0.886014
27010.0	0.885906
27020.0	0.885916
27030.0	0.886056
27040.0	0.886307
27050.0	0.88666
27060.0	0.887112
27070.0	0.887667
27080.000000000004	0.888197
27090.0	0.888507
27100.0	0.888719
27110.0	0.888893
27120.000000000004	0.889056
27130.0	0.889218
27140.0	0.889336
27150.0	0.889426
27160.000000000004	0.889592
27170.0	0.889788
27180.0	0.889965
27190.0	0.890182
27200.000000000004	0.890655
27210.0	0.891161
27220.0	0.891503
27230.0	0.891631
27240.000000000004	0.891572
27250.0	0.891377
27260.0	0.890779
27270.0	0.890232
27280.000000000004	0.889859
27290.0	0.889525
27300.0	0.889117
27310.0	0.888796
27320.000000000004	0.888646
27330.0	0.888527
27340.0	0.888502
27350.0	0.888638
27360.000000000004	0.888938
27370.0	0.889263
27380.0	0.889392
27390.0	0.889292
27400.000000000004	0.888958
27410.0	0.888516
27420.0	0.888112
27430.0	0.887789
27440.000000000004	0.887329
27450.0	0.886642
27460.0	0.885859
27470.0	0.885136
27480.000000000004	0.884586
27490.0	0.884215
27500.0	0.884038
27510.0	0.884132
27519.999999999996	0.884305
27530.0	0.884366
27540.0	0.884219
27550.0	0.883959
27559.999999999996	0.883696
27570.0	0.883454
27580.0	0.883316
27590.0	0.88323
27599.999999999996	0.88304
27610.0	0.882511
27620.0	0.881953
27630.0	0.881697
27639.999999999996	0.881646
27650.0	0.881691
27660.0	0.881762
27670.0	0.881881
27679.999999999996	0.881833
27690.0	0.881707
27700.0	0.881603
27710.0	0.881564
27719.999999999996	0.881585
27730.0	0.881608
27740.0	0.881637
27750.0	0.881699
27759.999999999996	0.881746
27770.0	0.881815
27780.0	0.881971
27790.0	0.882213
27799.999999999996	0.882508
27810.0	0.882822
27820.0	0.883206
27830.0	0.883663
27839.999999999996	0.884146
27850.0	0.884581
27860.0	0.884915
27870.0	0.885194
27879.999999999996	0.885466
27890.0	0.885757
27900.0	0.886068
27910.0	0.886366
27919.999999999996	0.886534
27930.0	0.886645
27940.0	0.88677
27950.0	0.886948
27960.0	0.887182
27970.0	0.887446
27980.0	0.887777
27990.0	0.888156
28000.0	0.888515
28010.0	0.888807
28020.0	0.889016
28030.0	0.889167
28040.0	0.88929
28050.0	0.889393
28060.0	0.889458
28070.0	0.889456
28080.0	0.889357
28090.0	0.88916
28100.0	0.888997
28110.0	0.888899
28120.0	0.888829
28130.0	0.888757
28140.0	0.888675
28150.0	0.888613
28160.0	0.888576
28170.0	0.888532
28180.0	0.888466
28190.0	0.88837
28200.0	0.888245
28210.0	0.888101
28220.0	0.887981
28230.0	0.887885
28240.0	0.887789
28250.0	0.887676
28260.0	0.887552
28270.0	0.887448
28280.0	0.887403
28290.0	0.887402
28300.0	0.88744
28310.0	0.887506
28320.0	0.887586
28330.000000000004	0.887677
28340.0	0.887796
28350.0	0.88794
28360.0	0.8881
28370.000000000004	0.888272
28380.0	0.888457
28390.0	0.888651
28400.0	0.888856
28410.000000000004	0.889085
28420.0	0.889339
28430.0	0.889618
28440.0	0.889922
28450.000000000004	0.890267
28460.0	0.890651
28470.0	0.891043
28480.0	0.891448
28490.000000000004	0.891875
28500.0	0.89233
28510.0	0.892805
28520.0	0.893273
28530.000000000004	0.893729
28540.0	0.894174
28550.0	0.894613
28560.0	0.895059
28570.000000000004	0.895522
28580.0	0.895976
28590.0	0.896409
28600.0	0.896825
28610.000000000004	0.897233
28620.0	0.89765
28630.0	0.898076
28640.0	0.898491
28650.000000000004	0.898888
28660.0	0.89927
28670.0	0.899647
28680.0	0.900021
28690.000000000004	0.900385
28700.0	0.900723
28710.0	0.901038
28720.0	0.901332
28730.000000000004	0.901611
28740.0	0.901882
28750.0	0.902143
28760.0	0.902382
28769.999999999996	0.9026
28780.0	0.902802
28790.0	0.902997
28800.0	0.90319
28809.999999999996	0.903375
28820.0	0.903544
28830.0	0.903702
28840.0	0.903852
28849.999999999996	0.903994
28860.0	0.904127
28870.0	0.904248
28880.0	0.904355
28889.999999999996	0.904451
28900.0	0.904538
28910.0	0.904617
28920.0	0.904692
28929.999999999996	0.904755
28940.0	0.90481
28950.0	0.904863
28960.0	0.904921
28969.999999999996	0.904983
28980.0	0.90504
28990.0	0.905077
29000.0	0.905104
29009.999999999996	0.905124
29020.0	0.905133
29030.0	0.905128
29040.0	0.905109
29049.999999999996	0.905072
29060.0	0.905008
29070.0	0.904926
29080.0	0.904837
29089.999999999996	0.904742
29100.0	0.904635
29110.0	0.904511
29120.0	0.904375
29129.999999999996	0.904227
29140.0	0.904063
29150.0	0.903882
29160.0	0.903684
29169.999999999996	0.903471
29180.0	0.903248
29190.0	0.903017
29200.0	0.902772
29210.0	0.90251
29220.0	0.902231
29230.0	0.901933
29240.0	0.901623
29250.0	0.901307
29260.0	0.900983
29270.0	0.900649
29280.0	0.900302
29290.0	0.899942
29300.0	0.899584
29310.0	0.899229
29320.0	0.898877
29330.0	0.898528
29340.0	0.898184
29350.0	0.897847
29360.0	0.89752
29370.0	0.897205
29380.0	0.896904
29390.0	0.896615
29400.0	0.89634
29410.0	0.896083
29420.0	0.895846
29430.0	0.895631
29440.0	0.895439
29450.0	0.895265
29460.0	0.895107
29470.0	0.894974
29480.0	0.894868
29490.0	0.894788
29500.0	0.894734
29510.0	0.894707
29520.0	0.894702
29530.0	0.894719
29540.0	0.894762
29550.0	0.894832
29560.0	0.894929
29570.0	0.895047
29580.000000000004	0.895185
29590.0	0.895341
29600.0	0.89551
29610.0	0.895695
29620.000000000004	0.895897
29630.0	0.896113
29640.0	0.896339
29650.0	0.896573
29660.000000000004	0.896811
29670.0	0.897048
29680.0	0.897284
29690.0	0.897517
29700.000000000004	0.897745
29710.0	0.897962
29720.0	0.898166
29730.0	0.898354
29740.000000000004	0.898525
29750.0	0.89868
29760.0	0.898818
29770.0	0.898931
29780.000000000004	0.89902
29790.0	0.899085
29800.0	0.899124
29810.0	0.899138
29820.000000000004	0.899126
29830.0	0.89908
29840.0	0.899009
29850.0	0.898907
29860.000000000004	0.898776
29870.0	0.898618
29880.0	0.898433
29890.0	0.89822
29900.000000000004	0.897985
29910.0	0.89773
29920.0	0.897456
29930.0	0.897165
29940.000000000004	0.896857
29950.0	0.89653
29960.0	0.89619
29970.0	0.895839
29980.000000000004	0.895481
29990.0	0.89512
30000.0	0.894758
30010.0	0.8944
30019.999999999996	0.894046
30030.0	0.8937
30040.0	0.893365
30050.0	0.893044
30059.999999999996	0.892741
30070.0	0.892462
30080.0	0.892206
30090.0	0.891972
30099.999999999996	0.891765
30110.0	0.891585
30120.0	0.891436
30130.0	0.891326
30139.999999999996	0.891252
30150.0	0.891212
30160.0	0.891208
30170.0	0.891241
30179.999999999996	0.891314
30190.0	0.891433
30200.0	0.891585
30210.0	0.891771
30219.999999999996	0.891989
30230.0	0.892237
30240.0	0.892517
30250.0	0.892832
30259.999999999996	0.893176
30270.0	0.893544
30280.0	0.893935
30290.0	0.894348
30299.999999999996	0.894781
30310.0	0.895235
30320.0	0.895703
30330.0	0.896182
30339.999999999996	0.89667
30350.0	0.897161
30360.0	0.897649
30370.0	0.898133
30379.999999999996	0.898606
30390.0	0.89907
30400.0	0.89952
30410.0	0.899955
30419.999999999996	0.900372
30430.0	0.90076
30440.0	0.901127
30450.0	0.901469
30460.0	0.901784
30470.0	0.902072
30480.0	0.90233
30490.0	0.90255
30500.0	0.902737
30510.0	0.902891
30520.0	0.903011
30530.0	0.903098
30540.0	0.903148
30550.0	0.90316
30560.0	0.903137
30570.0	0.903084
30580.0	0.903003
30590.0	0.902894
30600.0	0.90276
30610.0	0.902598
30620.0	0.902418
30630.0	0.902221
30640.0	0.902011
30650.0	0.901791
30660.0	0.901563
30670.0	0.901327
30680.0	0.901088
30690.0	0.90085
30700.0	0.900615
30710.0	0.900385
30720.0	0.90016
30730.0	0.89995
30740.0	0.899753
30750.0	0.899573
30760.0	0.899411
30770.0	0.899269
30780.0	0.899157
30790.0	0.899072
30800.0	0.899011
30810.0	0.898978
30820.0	0.898975
30830.000000000004	0.898999
30840.0	0.899054
30850.0	0.899139
30860.0	0.899253
30870.000000000004	0.899389
30880.0	0.899548
30890.0	0.899733
30900.0	0.899936
30910.000000000004	0.900154
30920.0	0.900378
30930.0	0.900604
30940.0	0.900825
30950.000000000004	0.901033
30960.0	0.901213
30970.0	0.901352
30980.0	0.901438
30990.000000000004	0.901465
31000.0	0.901422
31010.0	0.901291
31020.0	0.901042
31030.000000000004	0.900641
31040.0	0.900084
31050.0	0.899349
31060.0	0.898412
31070.000000000004	0.897245
31080.0	0.895786
31090.0	0.893983
31100.0	0.891835
31110.000000000004	0.889306
31120.0	0.886366
31130.0	0.882981
31140.0	0.87903
31150.000000000004	0.87446
31160.0	0.869293
31170.0	0.863492
31180.0	0.857017
31190.000000000004	0.849821
31200.0	0.841767
31210.0	0.832829
31220.0	0.823063
31230.000000000004	0.812443
31240.0	0.800949
31250.0	0.788578
31260.0	0.775198
31269.999999999996	0.760823
31280.0	0.745587
31290.0	0.729512
31300.0	0.712625
31309.999999999996	0.694968
31320.0	0.676477
31330.0	0.657282
31340.0	0.637525
31349.999999999996	0.617286
31360.0	0.596632
31370.0	0.575634
31380.0	0.554376
31389.999999999996	0.532985
31400.0	0.511562
31410.0	0.490203
31420.0	0.468985
31429.999999999996	0.447986
31440.0	0.427334
31450.0	0.407106
31460.0	0.38733
31469.999999999996	0.368054
31480.0	0.349327
31490.0	0.331184
31500.0	0.313754
31509.999999999996	0.29704
31520.0	0.280987
31530.0	0.265602
31540.0	0.250895
31549.999999999996	0.236863
31560.0	0.223613
31570.0	0.211067
31580.0	0.199159
31589.999999999996	0.187872
31600.0	0.177188
31610.0	0.167086
31620.0	0.157643
31629.999999999996	0.148763
31640.0	0.140388
31650.0	0.132495
31660.0	0.125063
31669.999999999996	0.118063
31680.0	0.111553
31690.0	0.105449
31700.0	0.0997043
31710.0	0.094303
31720.0	0.0892236
31730.0	0.0844479
31740.0	0.0800135
31750.0	0.075852
31760.0	0.0719354
31770.0	0.0682507
31780.0	0.0647831
31790.0	0.0615227
31800.0	0.0584884
31810.0	0.0556382
31820.0	0.0529528
31830.0	0.0504201
31840.0	0.048032
31850.0	0.0457831
31860.0	0.0436851
31870.0	0.0417111
31880.0	0.0398457
31890.0	0.0380826
31900.0	0.0364165
31910.0	0.0348447
31920.0	0.0333723
31930.0	0.031982
31940.0	0.0306638
31950.0	0.0294142
31960.0	0.0282306
31970.0	0.0271093
31980.0	0.026056
31990.0	0.0250576
32000.0	0.024105
32010.0	0.0231986
32020.0	0.0223384
32030.0	0.0215202
32040.0	0.0207505
32050.0	0.0200178
32060.0	0.0193168
32070.0	0.0186478
32080.000000000004	0.0180102
32090.0	0.0173993
32100.0	0.0168228
32110.0	0.0162696
32120.000000000004	0.0157376
32130.0	0.0152271
32140.0	0.0147379
32150.0	0.0142663
32160.000000000004	0.0138194
32170.0	0.0133873
32180.0	0.0129708
32190.0	0.0125698
32200.000000000004	0.0121835
32210.0	0.0118096
32220.0	0.0114537
32230.0	0.011107
32240.000000000004	0.0107719
32250.0	0.0104475
32260.0	0.0101326
32270.0	0.00982722
32280.000000000004	0.00953521
32290.0	0.00924991
32300.0	0.00897386
32310.0	0.00870578
32320.000000000004	0.00844389
32330.0	0.00818908
32340.0	0.00794249
32350.0	0.00770084
32360.000000000004	0.007466
32370.0	0.00723648
32380.0	0.00701081
32390.0	0.00679157
32400.000000000004	0.00657929
32410.0	0.0063721
32420.0	0.00617101
32430.0	0.00597436
32440.000000000004	0.0057807
32450.0	0.00559263
32460.0	0.00540878
32470.0	0.00522909
32480.000000000004	0.00505391
32490.0	0.00488219
32500.0	0.00471359
32510.0	0.00455094
32519.999999999996	0.00439151
32530.0	0.0042365
32540.0	0.00408536
32550.0	0.00393703
32559.999999999996	0.0037916
32570.0	0.00365221
32580.0	0.00351615
32590.0	0.00338393
32599.999999999996	0.00325467
32610.0	0.00312794
32620.0	0.00300442
32630.0	0.00288694
32639.999999999996	0.00277312
32650.0	0.00266401
32660.0	0.00255839
32670.0	0.00245523
32679.999999999996	0.00235447
32690.0	0.00225793
32700.0	0.0021637
32710.0	0.00207398
32719.999999999996	0.00198757
32730.0	0.00190344
32740.0	0.00182132
32750.0	0.00174291
32759.999999999996	0.00166665
32770.0	0.00159465
32780.0	0.00152564
32790.0	0.00145898
32800.0	0.00139487
32810.0	0.00133476
32820.0	0.00127563
32830.0	0.00122029
32840.0	0.00116755
32850.0	0.00111685
32860.0	0.00106845
32870.0	0.00102343
32880.0	0.000978952
32890.0	0.000937641
32900.0	0.000898029
32910.0	0.00085947
32920.0	0.000822222
32930.0	0.00078721
32940.0	0.000752813
32950.0	0.000720771
32960.0	0.000689837
32970.0	0.000659564
32980.0	0.000630326
32990.0	0.000602847
33000.0	0.000575387
33010.0	0.00055063
33020.0	0.000527651
33030.0	0.000505451
33040.0	0.000483771
33050.0	0.00046437
33060.0	0.000445137
33070.0	0.000428045
33080.0	0.000412685
33090.0	0.000398382
33100.0	0.000384572
33110.0	0.000371291
33120.0	0.000356948
33130.0	0.000344004
33140.0	0.000331812
33150.0	0.000319858
33160.0	0.00030826
33170.0	0.000298366
33180.0	0.000287406
33190.0	0.000276957
33200.0	0.00026776
33210.0	0.000259849
33220.0	0.00025295
33230.0	0.000247804
33240.0	0.00024145
33250.0	0.000235143
33260.0	0.000229221
33270.0	0.000223548
33280.0	0.000217966
33290.0	0.000213765
33300.0	0.000208813
33310.0	0.000203565
33320.0	0.000198789
33330.0	0.000194215
33340.0	0.000189074
33350.0	0.000184695
33360.0	0.000180667
33370.0	0.000176849
33380.0	0.000173329
33390.0	0.000169715
33400.0	0.000165573
33410.0	0.000162541
33420.0	0.000160164
33430.0	0.000157759
33440.0	0.00015598
33450.0	0.000154645
33460.0	0.000152889
33470.0	0.000151107
33480.0	0.000150031
33490.0	0.000149193
33500.0	0.000148522
33510.0	0.000147328
33520.0	0.000144695
33530.0	0.000141785
33540.0	0.000140117
33550.0	0.000138062
33560.0	0.000135817
33570.0	0.000133711
33580.0	0.000131822
33590.0	0.000129615
33600.0	0.000127766
33610.0	0.000126044
33620.0	0.000124825
33630.0	0.000124096
33640.0	0.000123371
33650.0	0.000122264
33660.0	0.000121321
33670.0	0.000120191
33680.0	0.000118892
33690.0	0.000117785
33700.0	0.000117362
33710.0	0.000117186
33720.0	0.00011721
33730.0	0.000116686
33740.0	0.000115662
33750.0	0.000114647
33760.0	0.000114285
33770.0	0.000113947
33780.0	0.000113887
33790.0	0.000114437
33800.0	0.000114751
33810.0	0.000114365
33820.0	0.000113646
33830.0	0.000113801
33840.0	0.000114774
33850.0	0.000115838
33860.0	0.000116408
33870.0	0.000116357
33880.0	0.000116036
33890.0	0.00011527
33900.0	0.000114763
33910.0	0.000114699
33920.0	0.000115083
33930.0	0.000115511
33940.0	0.000115278
33950.0	0.000114713
33960.0	0.000114258
33970.0	0.000113396
33980.0	0.000112011
33990.0	0.000110528
34000.0	0.000109825
34010.0	0.000110148
34020.0	0.000109885
34030.0	0.000109802
34040.0	0.000110249
34050.0	0.00011134
34060.0	0.000112975
34070.0	0.000114793
34080.0	0.00011728
34090.0	0.000119898
34100.0	0.000121812
34110.0	0.000122813
34120.0	0.000123612
34130.0	0.000124212
34140.0	0.00012386
34150.0	0.000123623
34160.0	0.000124263
34170.0	0.000125708
34180.0	0.000126914
34190.0	0.000127939
34200.0	0.000129381
34210.0	0.000131023
34220.0	0.000133371
34230.0	0.000136758
34240.0	0.000140911
34250.0	0.000144998
34260.0	0.000147672
34270.0	0.000149459
34280.0	0.000151098
34290.0	0.000152875
34300.0	0.000154316
34310.0	0.000155997
34320.0	0.000157575
34330.0	0.000158291
34340.0	0.000158565
34350.0	0.000159177
34360.0	0.000160727
34370.0	0.000162018
34380.0	0.000163601
34390.0	0.000165495
34400.0	0.000167123
34410.0	0.000168453
34420.0	0.000170582
34430.0	0.000173078
34440.0	0.000175029
34450.0	0.000176666
34460.0	0.000177918
34470.0	0.000178999
34480.0	0.00018072
34490.0	0.000182607
34500.0	0.000183396
34510.0	0.000183905
34520.0	0.000183936
34530.0	0.000183452
34540.0	0.000183345
34550.0	0.000185594
34560.0	0.00018722
34570.0	0.000187953
34580.0	0.000188661
34590.0	0.0001899
34600.0	0.000190873
34610.0	0.000191978
34620.0	0.000194102
34630.0	0.000195384
34640.0	0.000195731
34650.0	0.000195813
34660.0	0.000196293
34670.0	0.000195904
34680.0	0.000195697
34690.0	0.00019529
34700.0	0.000194284
34710.0	0.000192669
34720.0	0.000191168
34730.0	0.000189139
34740.0	0.000186929
34750.0	0.000184718
34760.0	0.000182362
34770.0	0.000180042
34780.0	0.000178847
34790.0	0.000178072
34800.0	0.00017665
34810.0	0.000175987
34820.0	0.000175875
34830.0	0.000175536
34840.0	0.000174641
34850.0	0.000175557
34860.0	0.00017602
34870.0	0.000175965
34880.0	0.000175975
34890.0	0.000176101
34900.0	0.000174564
34910.0	0.000172746
34920.0	0.000172023
34930.0	0.000170865
34940.0	0.000169478
34950.0	0.000168616
34960.0	0.000168186
34970.0	0.000165522
34980.0	0.00016376
34990.0	0.000163098
35000.0	0.000162533
35010.0	0.000161447
35020.0	0.000161581
35030.0	0.000161586
35040.0	0.000159971
35050.0	0.000158595
35060.0	0.000157512
35070.0	0.000155972
35080.0	0.000153862
35090.0	0.000154318
35100.0	0.000154446
35110.0	0.000153719
35120.0	0.000152737
35130.0	0.000152033
35140.0	0.00015036
35150.0	0.000148951
35160.0	0.000148628
35170.0	0.0001476
35180.0	0.000145574
35190.0	0.000143196
35200.0	0.00014105
35210.0	0.000137821
35220.0	0.000135884
35230.0	0.000134884
35240.0	0.000133759
35250.0	0.0001319
35260.0	0.000130993
35270.0	0.000130388
35280.0	0.000129009
35290.0	0.000128253
35300.0	0.000128103
35310.0	0.000127668
35320.0	0.000126391
35330.0	0.00012678
35340.0	0.000126977
35350.0	0.000126714
35360.0	0.000126607
35370.0	0.000127148
35380.0	0.000126715
35390.0	0.000125832
35400.0	0.000126052
35410.0	0.000125959
35420.0	0.00012522
35430.0	0.000124445
35440.0	0.000124429
35450.0	0.000123045
35460.0	0.0001224
35470.0	0.00012283
35480.0	0.000123338
35490.0	0.000122935
35500.0	0.000123662
35510.0	0.000125634
35520.0	0.000126043
35530.0	0.000126271
35540.0	0.000126962
35550.0	0.000127651
35560.0	0.000126681
35570.0	0.000127296
35580.0	0.000128058
35590.0	0.000127534
35600.0	0.00012638
35610.0	0.000126169
35620.0	0.000125838
35630.0	0.0001244
35640.0	0.000124234
35650.0	0.000123909
35660.0	0.0001225
35670.0	0.000120402
35680.0	0.000120649
35690.0	0.000120528
35700.0	0.000119147
35710.0	0.0001182
35720.0	0.000117701
35730.0	0.000116433
35740.0	0.000114851
35750.0	0.000115881
35760.0	0.000116334
35770.0	0.000115802
35780.0	0.000115108
35790.0	0.000115262
35800.0	0.000114547
35810.0	0.000113908
35820.0	0.000114753
35830.0	0.000115305
35840.0	0.000114717
35850.0	0.000113589
35860.0	0.000113818
35870.0	0.000113135
35880.0	0.000111965
35890.0	0.000111174
35900.0	0.000110421
35910.0	0.000108618
35920.0	0.000106735
35930.0	0.000106875
35940.0	0.000106204
35950.0	0.000104702
35960.0	0.000103228
35970.0	0.000102559
35980.0	0.000100527
35990.0	9.89168e-05
36000.0	9.88223e-05
36010.0	9.8178e-05
36020.0	9.62202e-05
36030.0	9.40908e-05
36040.0	9.38256e-05
36050.0	9.27232e-05
36060.0	9.18107e-05
36070.0	9.22249e-05
36080.0	9.33903e-05
36090.0	9.34424e-05
36100.0	9.31559e-05
36110.0	9.49866e-05
36120.0	9.60698e-05
36130.0	9.66131e-05
36140.0	9.76473e-05
36150.0	9.99463e-05
36160.0	0.000100522
36170.0	0.000100286
36180.0	0.000101346
36190.0	0.000102415
36200.0	0.000102698
36210.0	0.000102828
36220.0	0.000105032
36230.0	0.000106121
36240.0	0.000106629
36250.0	0.000108082
36260.0	0.000110361
36270.0	0.000111557
36280.0	0.000111773
36290.0	0.000113346
36300.0	0.000114309
36310.0	0.000114289
36320.0	0.000114108
36330.0	0.000115156
36340.0	0.000115445
36350.0	0.000114302
36360.0	0.00011457
36370.0	0.000115541
36380.0	0.00011618
36390.0	0.000116338
36400.0	0.000118897
36410.0	0.000121141
36420.0	0.000122163
36430.0	0.000123556
36440.0	0.000125878
36450.0	0.000127675
36460.0	0.000127444
36470.0	0.000128438
36480.0	0.000129377
36490.0	0.000129392
36500.0	0.00012888
36510.0	0.000129518
36520.0	0.000130885
36530.0	0.000130483
36540.0	0.000130557
36550.0	0.000131717
36560.0	0.00013318
36570.0	0.000133225
36580.0	0.000134145
36590.0	0.000135678
36600.0	0.000135443
36610.0	0.000134483
36620.0	0.000134237
36630.0	0.000135108
36640.0	0.000134264
36650.0	0.000133919
36660.0	0.000134526
36670.0	0.000135033
36680.0	0.000134873
36690.0	0.000134859
36700.0	0.00013664
36710.0	0.000137169
36720.0	0.000136639
36730.0	0.000136642
36740.0	0.000137485
36750.0	0.000137072
36760.0	0.000135196
36770.0	0.000135367
36780.0	0.000135309
36790.0	0.000134339
36800.0	0.00013308
36810.0	0.00013318
36820.0	0.000132703
36830.0	0.000130728
36840.0	0.000129262
36850.0	0.000128634
36860.0	0.000127992
36870.0	0.000125727
36880.0	0.000124508
36890.0	0.000124355
36900.0	0.00012285
36910.0	0.000120928
36920.0	0.000120019
36930.0	0.000120268
36940.0	0.000118584
36950.0	0.000117473
36960.0	0.00011725
36970.0	0.000116776
36980.0	0.000115225
36990.0	0.00011329
37000.0	0.000113688
37010.0	0.000113563
37020.0	0.000112232
37030.0	0.000111114
37040.0	0.000110849
37050.0	0.000109333
37060.0	0.000105862
37070.0	0.000104515
37080.0	0.000103528
37090.0	0.000101649
37100.0	9.8765e-05
37110.0	9.64415e-05
37120.0	9.5233e-05
37130.0	9.28047e-05
37140.0	9.06811e-05
37150.0	8.99544e-05
37160.0	9.01108e-05
37170.0	8.80864e-05
37180.0	8.59771e-05
37190.0	8.5578e-05
37200.0	8.46204e-05
37210.0	8.28503e-05
37220.0	8.10963e-05
37230.0	8.04862e-05
37240.0	7.92966e-05
37250.0	7.66675e-05
37260.0	7.49402e-05
37270.0	7.43691e-05
37280.0	7.37738e-05
37290.0	7.11215e-05
37300.0	7.10067e-05
37310.0	7.18316e-05
37320.0	7.17911e-05
37330.0	7.11464e-05
37340.0	7.08241e-05
37350.0	7.09964e-05
37360.0	6.94795e-05
37370.0	6.72404e-05
37380.0	6.66003e-05
37390.0	6.66214e-05
37400.0	6.5508e-05
37410.0	6.32476e-05
37420.0	6.37169e-05
37430.0	6.37636e-05
37440.0	6.28602e-05
37450.0	6.17443e-05
37460.0	6.13808e-05
37470.0	6.17706e-05
37480.0	5.98141e-05
37490.0	5.74661e-05
37500.0	5.58983e-05
37510.0	5.4173e-05
37520.0	5.14856e-05
37530.0	5.01291e-05
37540.0	5.13488e-05
37550.0	5.2061e-05
37560.0	5.20527e-05
37570.0	5.21805e-05
37580.0	5.33189e-05
37590.0	5.49973e-05
37600.0	5.4485e-05
37610.0	5.53043e-05
37620.0	5.63594e-05
37630.0	5.63294e-05
37640.0	5.48482e-05
37650.0	5.4139e-05
37660.0	5.4948e-05
37670.0	5.53922e-05
37680.0	5.52667e-05
37690.0	5.55142e-05
37700.0	5.66807e-05
37710.0	5.63695e-05
37720.0	5.48807e-05
37730.0	5.53168e-05
37740.0	5.62212e-05
37750.0	5.63151e-05
37760.0	5.51464e-05
37770.0	5.38572e-05
37780.0	5.38652e-05
37790.0	5.27617e-05
37800.0	5.17314e-05
37810.0	5.17782e-05
37820.0	5.28158e-05
37830.0	5.21581e-05
37840.0	5.10473e-05
37850.0	5.11408e-05
37860.0	5.20769e-05
37870.0	5.2773e-05
37880.0	5.25998e-05
37890.0	5.36396e-05
37900.0	5.56869e-05
37910.0	5.62258e-05
37920.0	5.69472e-05
37930.0	5.86062e-05
37940.0	6.07399e-05
37950.0	6.16764e-05
37960.0	6.09126e-05
37970.0	6.16575e-05
37980.0	6.30178e-05
37990.0	6.37036e-05
38000.0	6.31754e-05
38010.0	6.37166e-05
38020.0	6.38741e-05
38030.0	6.27469e-05
38040.0	6.12656e-05
38050.0	6.09234e-05
38060.0	6.25287e-05
38070.0	6.33555e-05
38080.0	6.32632e-05
38090.0	6.44712e-05
38100.0	6.586e-05
38110.0	6.67315e-05
38120.0	6.72498e-05
38130.0	6.87458e-05
38140.0	7.20198e-05
38150.0	7.29535e-05
38160.0	7.27347e-05
38170.0	7.27767e-05
38180.0	7.36918e-05
38190.0	7.3923e-05
38200.0	7.38419e-05
38210.0	7.4863e-05
38220.0	7.69817e-05
38230.0	7.87518e-05
38240.0	7.86924e-05
38250.0	7.97046e-05
38260.0	8.11704e-05
38270.0	8.15139e-05
38280.0	8.11159e-05
38290.0	8.0931e-05
38300.0	8.17285e-05
38310.0	8.21908e-05
38320.0	8.06211e-05
38330.0	8.09372e-05
38340.0	8.26466e-05
38350.0	8.4627e-05
38360.0	8.59725e-05
38370.0	8.69533e-05
38380.0	8.89902e-05
38390.0	8.93728e-05
38400.0	8.8055e-05
38410.0	8.62791e-05
38420.0	8.55545e-05
38430.0	8.45425e-05
38440.0	8.25948e-05
38450.0	8.09515e-05
38460.0	8.05448e-05
38470.0	8.0457e-05
38480.0	7.87679e-05
38490.0	7.74078e-05
38500.0	7.78041e-05
38510.0	7.82687e-05
38520.0	7.7772e-05
38530.0	7.65282e-05
38540.0	7.57686e-05
38550.0	7.6099e-05
38560.0	7.42662e-05
38570.0	7.28111e-05
38580.0	7.2213e-05
38590.0	7.21698e-05
38600.0	7.18575e-05
38610.0	6.98986e-05
38620.0	6.96537e-05
38630.0	6.9725e-05
38640.0	6.87354e-05
38650.0	6.66845e-05
38660.0	6.49487e-05
38670.0	6.43688e-05
38680.0	6.34706e-05
38690.0	6.13962e-05
38700.0	5.98515e-05
38710.0	5.93499e-05
38720.0	5.86309e-05
38730.0	5.70043e-05
38740.0	5.5607e-05
38750.0	5.56082e-05
38760.0	5.55878e-05
38770.0	5.46294e-05
38780.0	5.32006e-05
38790.0	5.32684e-05
38800.0	5.32295e-05
38810.0	5.19576e-05
38820.0	5.01276e-05
38830.0	4.89334e-05
38840.0	4.92639e-05
38850.0	4.8577e-05
38860.0	4.81293e-05
38870.0	4.84421e-05
38880.0	4.94574e-05
38890.0	5.03338e-05
38900.0	4.98717e-05
38910.0	5.04323e-05
38920.0	5.18915e-05
38930.0	5.24892e-05
38940.0	5.21528e-05
38950.0	5.17807e-05
38960.0	5.27311e-05
38970.0	5.43337e-05
38980.0	5.41829e-05
38990.0	5.45103e-05
39000.0	5.57042e-05
39010.0	5.74894e-05
39020.0	5.9277e-05
39030.0	5.99097e-05
39040.0	6.17592e-05
39050.0	6.30794e-05
39060.0	6.32595e-05
39070.0	6.255e-05
39080.0	6.19698e-05
39090.0	6.28659e-05
39100.0	6.2709e-05
39110.0	6.14613e-05
39120.0	6.0352e-05
39130.0	6.00404e-05
39140.0	5.98175e-05
39150.0	5.84213e-05
39160.0	5.7031e-05
39170.0	5.68045e-05
39180.0	5.67605e-05
39190.0	5.6106e-05
39200.0	5.53026e-05
39210.0	5.55895e-05
39220.0	5.68649e-05
39230.0	5.69442e-05
39240.0	5.63406e-05
39250.0	5.60576e-05
39260.0	5.64851e-05
39270.0	5.68806e-05
39280.0	5.56127e-05
39290.0	5.43116e-05
39300.0	5.32239e-05
39310.0	5.18593e-05
39320.0	4.93875e-05
39330.0	4.71212e-05
39340.0	4.61716e-05
39350.0	4.58749e-05
39360.0	4.53546e-05
39370.0	4.45674e-05
39380.0	4.485e-05
39390.0	4.58166e-05
39400.0	4.58719e-05
39410.0	4.49944e-05
39420.0	4.43495e-05
39430.0	4.46562e-05
39440.0	4.51397e-05
39450.0	4.44975e-05
39460.0	4.29908e-05
39470.0	4.17532e-05
39480.0	4.03564e-05
39490.0	3.83458e-05
39500.0	3.62389e-05
39510.0	3.53154e-05
39520.0	3.51855e-05
39530.0	3.4026e-05
39540.0	3.20225e-05
39550.0	3.01851e-05
39560.0	2.94995e-05
39570.0	2.95624e-05
39580.0	2.88264e-05
39590.0	2.83669e-05
39600.0	2.86375e-05
39610.0	2.93544e-05
39620.0	2.93998e-05
39630.0	2.90711e-05
39640.0	2.90219e-05
39650.0	2.90739e-05
39660.0	2.82231e-05
39670.0	2.62081e-05
39680.0	2.48207e-05
39690.0	2.3973e-05
39700.0	2.28973e-05
39710.0	2.08476e-05
39720.0	1.87094e-05
39730.0	1.76282e-05
39740.0	1.77641e-05
39750.0	1.80513e-05
39760.0	1.81443e-05
39770.0	1.85168e-05
39780.0	1.9317e-05
39790.0	2.02684e-05
39800.0	2.05594e-05
39810.0	2.0814e-05
39820.0	2.13801e-05
39830.0	2.16148e-05
39840.0	2.10843e-05
39850.0	1.99484e-05
39860.0	1.93883e-05
39870.0	1.93913e-05
39880.0	1.81405e-05
39890.0	1.63608e-05
39900.0	1.47942e-05
39910.0	1.3977e-05
39920.0	1.4023e-05
39930.0	1.34921e-05
39940.0	1.35964e-05
39950.0	1.42392e-05
39960.0	1.52026e-05
39970.0	1.61813e-05
39980.0	1.67859e-05
39990.0	1.82804e-05
40000.0	2.05625e-05
40010.0	2.25266e-05
40020.0	2.36868e-05
40030.0	2.41737e-05
40039.99999999999	2.47134e-05
40050.0	2.56104e-05
40060.0	2.53256e-05
40070.0	2.44577e-05
40080.0	2.35834e-05
40090.0	2.29372e-05
40100.0	2.2018e-05
40110.0	2.01179e-05
40119.99999999999	1.88911e-05
40130.0	1.82724e-05
40140.0	1.80574e-05
40150.0	1.79687e-05
40160.0	1.76536e-05
40170.0	1.80571e-05
40180.0	1.86831e-05
40190.0	1.88298e-05
40199.99999999999	1.83848e-05
40210.0	1.76411e-05
40220.0	1.69712e-05
40230.0	1.69912e-05
40240.0	1.57961e-05
40250.0	1.44775e-05
40260.0	1.35534e-05
40270.0	1.2915e-05
40279.99999999999	1.1989e-05
40290.0	1.05472e-05
40300.0	9.8789e-06
40310.0	9.72533e-06
40320.0	9.42882e-06
40330.0	8.51326e-06
40340.0	7.65204e-06
40350.0	6.96973e-06
40359.99999999999	6.42512e-06
40370.0	5.67045e-06
40380.0	4.93013e-06
40390.0	4.63609e-06
40400.0	4.61054e-06
40410.00000000001	5.16228e-06
40420.0	5.75775e-06
40430.0	6.4216e-06
40439.99999999999	7.21752e-06
40450.0	8.09945e-06
40460.0	8.60793e-06
40470.0	8.34285e-06
40480.0	8.18017e-06
40490.00000000001	8.19821e-06
40500.0	8.26737e-06
40510.0	8.00636e-06
40519.99999999999	6.42839e-06
40530.0	5.33235e-06
40540.0	4.38883e-06
40550.0	3.69676e-06
40560.0	3.27531e-06
40570.00000000001	3.05918e-06
40580.0	2.997e-06
40590.0	2.64861e-06
40599.99999999999	1.97825e-06
40610.0	1.70176e-06
40620.0	1.85887e-06
40630.0	2.03414e-06
40640.0	2.39232e-06
40650.00000000001	2.30046e-06
40660.0	2.2839e-06
40670.0	2.30871e-06
40679.99999999999	2.43048e-06
40690.0	2.65193e-06
40700.0	2.21125e-06
40710.0	1.9169e-06
40720.0	1.7326e-06
40730.00000000001	1.49219e-06
40740.0	1.30754e-06
40750.0	1.42244e-06
40759.99999999999	1.57872e-06
40770.0	1.7901e-06
40780.0	1.94886e-06
40790.0	2.16692e-06
40800.0	2.4415e-06
40810.00000000001	2.7026e-06
40820.0	3.1637e-06
40830.0	3.88881e-06
40839.99999999999	3.8844e-06
40850.0	3.63391e-06
40860.0	3.52703e-06
40870.0	3.57281e-06
40880.0	3.20815e-06
40890.00000000001	2.90421e-06
40900.0	2.65124e-06
40910.0	2.30094e-06
40920.0	1.70982e-06
40930.0	9.67399e-07
40940.0	1.37115e-06
40950.0	1.84749e-06
40960.0	2.74556e-06
40970.00000000001	3.66751e-06
40980.0	4.30096e-06
40990.0	4.59306e-06
41000.0	4.77264e-06
41010.0	6.09087e-06
41020.0	7.05616e-06
41030.0	7.53651e-06
41040.0	7.70559e-06
41050.00000000001	7.78968e-06
41060.0	7.75547e-06
41070.0	6.81346e-06
41080.0	6.27913e-06
41090.0	6.03332e-06
41100.0	5.52028e-06
41110.0	4.24982e-06
41120.0	3.38353e-06
41130.00000000001	2.73375e-06
41140.0	2.13654e-06
41150.0	1.22561e-06
41160.0	4.09781e-07
41170.0	6.51824e-07
41180.0	8.47224e-07
41190.0	1.21291e-06
41200.0	1.7285e-06
41210.00000000001	2.23854e-06
41220.0	2.6398e-06
41230.0	2.96636e-06
41240.0	3.60539e-06
41250.0	4.19524e-06
41260.0	4.22804e-06
41270.0	4.0181e-06
41280.0	3.79858e-06
41289.99999999999	3.49276e-06
41300.0	2.92491e-06
41310.0	2.48535e-06
41320.0	2.14769e-06
41330.0	1.79741e-06
41340.0	1.63953e-06
41350.0	2.12691e-06
41360.0	2.43097e-06
41369.99999999999	2.4745e-06
41380.0	2.48083e-06
41390.0	2.55027e-06
41400.0	2.6643e-06
41410.0	2.70513e-06
41420.0	2.70526e-06
41430.0	2.56142e-06
41440.0	2.17425e-06
41449.99999999999	1.88699e-06
41460.0	1.90961e-06
41470.0	2.13997e-06
41480.0	2.58493e-06
41490.0	3.72431e-06
41500.0	4.63377e-06
41510.0	5.38463e-06
41520.0	6.22837e-06
41529.99999999999	7.29163e-06
41540.0	8.38374e-06
41550.0	9.07625e-06
41560.0	9.57254e-06
41570.0	9.80907e-06
41580.0	9.70305e-06
41590.0	9.24444e-06
41600.0	8.4477e-06
41609.99999999999	7.68021e-06
41620.0	6.89285e-06
41630.0	5.96071e-06
41640.0	4.95958e-06
41650.0	4.23717e-06
41660.00000000001	3.63836e-06
41670.0	3.56268e-06
41680.0	3.27386e-06
41689.99999999999	3.20395e-06
41700.0	3.56807e-06
41710.0	3.83615e-06
41720.0	4.76494e-06
41730.0	5.74568e-06
41740.00000000001	6.42525e-06
41750.0	6.79017e-06
41760.0	6.8874e-06
41769.99999999999	6.70113e-06
41780.0	6.34314e-06
41790.0	5.98345e-06
41800.0	5.69966e-06
41810.0	5.034e-06
41820.00000000001	3.86086e-06
41830.0	2.83699e-06
41840.0	2.53032e-06
41849.99999999999	2.47879e-06
41860.0	2.47832e-06
41870.0	2.82243e-06
41880.0	3.50453e-06
41890.0	3.81165e-06
41900.00000000001	4.20493e-06
41910.0	5.15447e-06
41920.0	6.61666e-06
41929.99999999999	7.70619e-06
41940.0	7.92932e-06
41950.0	7.9657e-06
41960.0	7.78032e-06
41970.0	7.39372e-06
41980.00000000001	7.249e-06
41990.0	7.17122e-06
42000.0	6.90487e-06
42009.99999999999	6.46851e-06
42020.0	5.72098e-06
42030.0	6.32512e-06
42040.0	6.97714e-06
42050.0	7.5444e-06
42060.00000000001	8.13063e-06
42070.0	8.44111e-06
42080.0	8.62664e-06
42089.99999999999	8.69229e-06
42100.0	8.66071e-06
42110.0	9.04749e-06
42120.0	1.01074e-05
42130.0	1.1222e-05
42140.00000000001	1.15785e-05
42150.0	1.16446e-05
42160.0	1.21975e-05
42170.0	1.29687e-05
42180.0	1.34648e-05
42190.0	1.36628e-05
42200.0	1.32818e-05
42210.0	1.1657e-05
42220.00000000001	9.86892e-06
42230.0	8.62293e-06
42240.0	8.05371e-06
42250.0	7.51342e-06
42260.0	6.2373e-06
42270.0	5.70997e-06
42280.0	5.63971e-06
42290.0	5.78873e-06
42300.00000000001	5.92163e-06
42310.0	5.74978e-06
42320.0	6.71777e-06
42330.0	7.01838e-06
42340.0	7.25576e-06
42350.0	7.5927e-06
42360.0	8.05442e-06
42370.0	8.87056e-06
42380.00000000001	9.47369e-06
42390.0	9.76744e-06
42400.0	1.02234e-05
42410.0	1.04132e-05
42420.0	1.00334e-05
42430.0	1.01444e-05
42440.0	9.73494e-06
42450.0	9.32916e-06
42460.00000000001	9.01745e-06
42470.0	9.08103e-06
42480.0	9.55298e-06
42490.0	9.62714e-06
42500.0	9.12126e-06
42510.0	8.75842e-06
42520.0	8.86234e-06
42530.0	9.17006e-06
42539.99999999999	9.2292e-06
42550.0	8.91874e-06
42560.0	8.55416e-06
42570.0	8.00439e-06
42580.0	7.83308e-06
42590.0	7.84762e-06
42600.0	7.58634e-06
42610.0	7.0629e-06
42619.99999999999	6.58436e-06
42630.0	6.59318e-06
42640.0	6.65514e-06
42650.0	6.37675e-06
42660.0	5.8849e-06
42670.0	6.62556e-06
42680.0	7.09353e-06
42690.0	7.70752e-06
42699.99999999999	8.27766e-06
42710.0	8.95721e-06
42720.0	9.78921e-06
42730.0	9.81257e-06
42740.0	9.75229e-06
42750.0	9.65278e-06
42760.0	8.75692e-06
42770.0	7.64948e-06
42779.99999999999	7.26549e-06
42790.0	6.94658e-06
42800.0	6.98621e-06
42810.0	6.98858e-06
42820.0	7.73834e-06
42830.0	8.76907e-06
42840.0	9.17228e-06
42850.0	9.39884e-06
42859.99999999999	9.84718e-06
42870.0	1.00545e-05
42880.0	1.02701e-05
42890.0	1.03002e-05
42900.0	9.80365e-06
42910.00000000001	9.04943e-06
42920.0	8.37228e-06
42930.0	8.50604e-06
42939.99999999999	8.65702e-06
42950.0	8.43302e-06
42960.0	7.94554e-06
42970.0	7.72837e-06
42980.0	7.55971e-06
42990.00000000001	7.68139e-06
43000.0	7.72701e-06
43010.0	7.67209e-06
43019.99999999999	7.6864e-06
43030.0	7.55833e-06
43040.0	7.57014e-06
43050.0	7.3994e-06
43060.0	6.84298e-06
43070.00000000001	6.20775e-06
43080.0	5.94639e-06
43090.0	5.62104e-06
43099.99999999999	5.29876e-06
43110.0	4.74739e-06
43120.0	4.47192e-06
43130.0	4.48764e-06
43140.0	4.46284e-06
43150.00000000001	4.4981e-06
43160.0	4.6293e-06
43170.0	4.47095e-06
43179.99999999999	4.64872e-06
43190.0	4.88476e-06
43200.0	4.40099e-06
43210.0	3.81521e-06
43220.0	3.22408e-06
43230.00000000001	3.47913e-06
43240.0	4.59794e-06
43250.0	5.97005e-06
43259.99999999999	6.87887e-06
43270.0	8.11511e-06
43280.0	9.27434e-06
43290.0	1.17053e-05
43300.0	1.39634e-05
43310.00000000001	1.54286e-05
43320.0	1.65423e-05
43330.0	1.76888e-05
43339.99999999999	1.78081e-05
43350.0	1.76408e-05
43360.0	1.6877e-05
43370.0	1.5543e-05
43380.0	1.40774e-05
43390.00000000001	1.29201e-05
43400.0	1.31985e-05
43410.0	1.32378e-05
43420.0	1.28267e-05
43430.0	1.25788e-05
43440.0	1.34152e-05
43450.0	1.48726e-05
43460.0	1.60501e-05
43470.00000000001	1.67018e-05
43480.0	1.67588e-05
43490.0	1.66192e-05
43500.0	1.69144e-05
43510.0	1.72858e-05
43520.0	1.71213e-05
43530.0	1.60742e-05
43540.0	1.5124e-05
43550.00000000001	1.47149e-05
43560.0	1.45035e-05
43570.0	1.41951e-05
43580.0	1.3688e-05
43590.0	1.28232e-05
43600.0	1.26607e-05
43610.0	1.33519e-05
43620.0	1.40278e-05
43630.00000000001	1.49188e-05
43640.0	1.57831e-05
43650.0	1.74711e-05
43660.0	1.94446e-05
43670.0	2.10478e-05
43680.0	2.19744e-05
43690.0	2.29988e-05
43700.0	2.34809e-05
43710.00000000001	2.45041e-05
43720.0	2.47943e-05
43730.0	2.38012e-05
43740.0	2.23372e-05
43750.0	2.12881e-05
43760.0	2.15133e-05
43770.0	2.24798e-05
43780.0	2.28563e-05
43789.99999999999	2.22537e-05
43800.0	2.15511e-05
43810.0	2.10338e-05
43820.0	2.20858e-05
43830.0	2.28585e-05
43840.0	2.26056e-05
43850.0	2.15327e-05
43860.0	2.06073e-05
43869.99999999999	1.98011e-05
43880.0	1.92452e-05
43890.0	1.79678e-05
43900.0	1.61668e-05
43910.0	1.4733e-05
43920.0	1.48197e-05
43930.0	1.56689e-05
43940.0	1.67181e-05
43949.99999999999	1.68603e-05
43960.0	1.68594e-05
43970.0	1.75913e-05
43980.0	1.9297e-05
43990.0	2.07137e-05
44000.0	2.14352e-05
44010.0	2.07637e-05
44020.0	1.9965e-05
44029.99999999999	1.98836e-05
44040.0	2.00663e-05
44050.0	2.01135e-05
44060.0	1.99269e-05
44070.0	1.97724e-05
44080.0	2.04148e-05
44090.0	2.13635e-05
44100.0	2.05319e-05
44109.99999999999	1.96299e-05
44120.0	1.79148e-05
44130.0	1.63717e-05
44140.0	1.5806e-05
44150.0	1.5931e-05
44160.00000000001	1.51459e-05
44170.0	1.41954e-05
44180.0	1.36197e-05
44189.99999999999	1.54985e-05
44200.0	1.84447e-05
44210.0	2.07614e-05
44220.0	2.20409e-05
44230.0	2.32528e-05
44240.00000000001	2.38075e-05
44250.0	2.49197e-05
44260.0	2.58875e-05
44269.99999999999	2.58835e-05
44280.0	2.49271e-05
44290.0	2.44374e-05
44300.0	2.4863e-05
44310.0	2.60652e-05
44320.00000000001	2.69013e-05
44330.0	2.67125e-05
44340.0	2.61948e-05
44349.99999999999	2.65055e-05
44360.0	2.70797e-05
44370.0	2.74368e-05
44380.0	2.67976e-05
44390.0	2.50655e-05
44400.00000000001	2.34182e-05
44410.0	2.29578e-05
44420.0	2.27538e-05
44429.99999999999	2.22958e-05
44440.0	2.11097e-05
44450.0	1.96164e-05
44460.0	1.96445e-05
44470.0	2.14491e-05
44480.00000000001	2.35315e-05
44490.0	2.5241e-05
44500.0	2.63016e-05
44509.99999999999	2.71557e-05
44520.0	2.91455e-05
44530.0	3.06654e-05
44540.0	3.1349e-05
44550.0	3.08748e-05
44560.00000000001	2.94728e-05
44570.0	2.79133e-05
44580.0	2.74363e-05
44589.99999999999	2.66895e-05
44600.0	2.56419e-05
44610.0	2.44868e-05
44620.0	2.38243e-05
44630.0	2.41132e-05
44640.00000000001	2.51844e-05
44650.0	2.47122e-05
44660.0	2.37952e-05
44670.0	2.25523e-05
44680.0	2.16381e-05
44690.0	2.15293e-05
44700.0	2.18709e-05
44710.0	2.10095e-05
44720.00000000001	2.02796e-05
44730.0	2.06367e-05
44740.0	2.24642e-05
44750.0	2.53515e-05
44760.0	2.78615e-05
44770.0	2.91955e-05
44780.0	3.01568e-05
44790.0	3.12836e-05
44800.00000000001	3.25946e-05
44810.0	3.37286e-05
44820.0	3.40737e-05
44830.0	3.24316e-05
44840.0	3.15752e-05
44850.0	3.2033e-05
44860.0	3.33179e-05
44870.0	3.461e-05
44880.00000000001	3.54836e-05
44890.0	3.55542e-05
44900.0	3.69682e-05
44910.0	3.92473e-05
44920.0	4.17354e-05
44930.0	4.37286e-05
44940.0	4.45439e-05
44950.0	4.42745e-05
44960.00000000001	4.50404e-05
44970.0	4.59922e-05
44980.0	4.64704e-05
44990.0	4.60967e-05
45000.0	4.47848e-05
45010.0	4.34461e-05
45020.0	4.33893e-05
45030.0	4.33378e-05
45039.99999999999	4.26291e-05
45050.0	4.11832e-05
45060.0	3.93441e-05
45070.0	3.87086e-05
45080.0	3.9845e-05
45090.0	4.1157e-05
45100.0	4.19141e-05
45110.0	4.21688e-05
45119.99999999999	4.25102e-05
45130.0	4.46858e-05
45140.0	4.82793e-05
45150.0	5.13551e-05
45160.0	5.32037e-05
45170.0	5.40375e-05
45180.0	5.43139e-05
45190.0	5.51991e-05
45199.99999999999	5.63891e-05
45210.0	5.65211e-05
45220.0	5.53264e-05
45230.0	5.33824e-05
45240.0	5.15854e-05
45250.0	5.09723e-05
45260.0	5.06139e-05
45270.0	4.97054e-05
45279.99999999999	4.83747e-05
45290.0	4.74506e-05
45300.0	4.81102e-05
45310.0	5.00491e-05
45320.0	5.20004e-05
45330.0	5.29272e-05
45340.0	5.30534e-05
45350.0	5.34391e-05
45359.99999999999	5.51617e-05
45370.0	5.72001e-05
45380.0	5.85662e-05
45390.0	5.8426e-05
45400.0	5.72495e-05
45410.00000000001	5.63407e-05
45420.0	5.68672e-05
45430.0	5.81941e-05
45439.99999999999	5.93146e-05
45450.0	5.96548e-05
45460.0	5.95198e-05
45470.0	5.9692e-05
45480.0	6.05029e-05
45490.00000000001	5.9873e-05
45500.0	5.81857e-05
45510.0	5.53826e-05
45519.99999999999	5.20421e-05
45530.0	4.91076e-05
45540.0	4.71883e-05
45550.0	4.47011e-05
45560.0	4.17667e-05
45570.00000000001	3.89185e-05
45580.0	3.7149e-05
45590.0	3.73343e-05
45599.99999999999	3.88766e-05
45610.0	3.98013e-05
45620.0	4.01578e-05
45630.0	4.04231e-05
45640.0	4.13213e-05
45650.00000000001	4.34679e-05
45660.0	4.65804e-05
45670.0	4.83719e-05
45679.99999999999	4.90474e-05
45690.0	4.92236e-05
45700.0	4.95381e-05
45710.0	5.03581e-05
45720.0	5.11589e-05
45730.00000000001	5.03822e-05
45740.0	4.8497e-05
45750.0	4.64786e-05
45759.99999999999	4.50713e-05
45770.0	4.44979e-05
45780.0	4.39946e-05
45790.0	4.23207e-05
45800.0	4.03277e-05
45810.00000000001	3.912e-05
45820.0	3.9306e-05
45830.0	4.07614e-05
45839.99999999999	4.23056e-05
45850.0	4.26742e-05
45860.0	4.255e-05
45870.0	4.32991e-05
45880.0	4.56587e-05
45890.00000000001	4.94068e-05
45900.0	5.3059e-05
45910.0	5.53565e-05
45920.0	5.65987e-05
45930.0	5.7873e-05
45940.0	5.96978e-05
45950.0	6.17552e-05
45960.0	6.29103e-05
45970.00000000001	6.26499e-05
45980.0	6.18129e-05
45990.0	6.14111e-05
46000.0	6.19097e-05
46010.0	6.29345e-05
46020.0	6.26217e-05
46030.0	6.1138e-05
46040.0	5.93394e-05
46050.00000000001	5.81639e-05
46060.0	5.78926e-05
46070.0	5.79054e-05
46080.0	5.62514e-05
46090.0	5.32798e-05
46100.0	4.99735e-05
46110.0	4.75359e-05
46120.0	4.63684e-05
46130.00000000001	4.58463e-05
46140.0	4.4697e-05
46150.0	4.29146e-05
46160.0	4.16708e-05
46170.0	4.18729e-05
46180.0	4.35708e-05
46190.0	4.58396e-05
46200.0	4.70401e-05
46210.00000000001	4.71535e-05
46220.0	4.75961e-05
46230.0	4.8918e-05
46240.0	5.09852e-05
46250.0	5.29876e-05
46260.0	5.32035e-05
46270.0	5.17909e-05
46280.0	5.04549e-05
46289.99999999999	5.00976e-05
46300.0	5.07785e-05
46310.0	5.16815e-05
46320.0	5.1356e-05
46330.0	5.00779e-05
46340.0	4.92944e-05
46350.0	4.97598e-05
46360.0	5.13721e-05
46369.99999999999	5.3159e-05
46380.0	5.3856e-05
46390.0	5.342e-05
46400.0	5.32631e-05
46410.0	5.39125e-05
46420.0	5.51995e-05
46430.0	5.63156e-05
46440.0	5.60961e-05
46449.99999999999	5.49078e-05
46460.0	5.406e-05
46470.0	5.38977e-05
46480.0	5.40515e-05
46490.0	5.35575e-05
46500.0	5.13756e-05
46510.0	4.85748e-05
46520.0	4.63988e-05
46529.99999999999	4.56273e-05
46540.0	4.62939e-05
46550.0	4.75431e-05
46560.0	4.7901e-05
46570.0	4.77591e-05
46580.0	4.83814e-05
46590.0	5.02496e-05
46600.0	5.30726e-05
46609.99999999999	5.57919e-05
46620.0	5.70159e-05
46630.0	5.68088e-05
46640.0	5.63796e-05
46650.0	5.65935e-05
46660.00000000001	5.76876e-05
46670.0	5.90465e-05
46680.0	5.90838e-05
46689.99999999999	5.81333e-05
46700.0	5.73424e-05
46710.0	5.73716e-05
46720.0	5.82469e-05
46730.0	5.92255e-05
46740.00000000001	5.88204e-05
46750.0	5.73761e-05
46760.0	5.59826e-05
46769.99999999999	5.56749e-05
46780.0	5.66646e-05
46790.0	5.78854e-05
46800.0	5.79218e-05
46810.0	5.69704e-05
46820.00000000001	5.59528e-05
46830.0	5.56181e-05
46840.0	5.61556e-05
46849.99999999999	5.69012e-05
46860.0	5.64236e-05
46870.0	5.49264e-05
46880.0	5.37157e-05
46890.0	5.36274e-05
46900.00000000001	5.49235e-05
46910.0	5.71428e-05
46920.0	5.85375e-05
46929.99999999999	5.85401e-05
46940.0	5.80327e-05
46950.0	5.76225e-05
46960.0	5.75084e-05
46970.0	5.73138e-05
46980.00000000001	5.55884e-05
46990.0	5.24255e-05
47000.0	4.90356e-05
47009.99999999999	4.63565e-05
47020.0	4.4953e-05
47030.0	4.48343e-05
47040.0	4.41846e-05
47050.0	4.28408e-05
47060.00000000001	4.17602e-05
47070.0	4.17526e-05
47080.0	4.31362e-05
47089.99999999999	4.54124e-05
47100.0	4.69719e-05
47110.0	4.69625e-05
47120.0	4.59761e-05
47130.0	4.52876e-05
47140.00000000001	4.57988e-05
47150.0	4.709e-05
47160.0	4.7756e-05
47170.0	4.66142e-05
47180.0	4.42149e-05
47190.0	4.14716e-05
47200.0	3.92845e-05
47210.0	3.81647e-05
47220.00000000001	3.71208e-05
47230.0	3.52126e-05
47240.0	3.284e-05
47250.0	3.07485e-05
47260.0	2.99158e-05
47270.0	3.14431e-05
47280.0	3.35366e-05
47290.0	3.50596e-05
47300.00000000001	3.58299e-05
47310.0	3.61734e-05
47320.0	3.67336e-05
47330.0	3.82903e-05
47340.0	4.007e-05
47350.0	4.08079e-05
47360.0	4.0501e-05
47370.0	3.97703e-05
47380.00000000001	3.94455e-05
47390.0	4.01243e-05
47400.0	4.17548e-05
47410.0	4.24552e-05
47420.0	4.21e-05
47430.0	4.11094e-05
47440.0	4.01615e-05
47450.0	3.99011e-05
47460.00000000001	4.0651e-05
47470.0	4.05368e-05
47480.0	3.93714e-05
47490.0	3.74837e-05
47500.0	3.56929e-05
47510.0	3.54025e-05
47520.0	3.6664e-05
47530.0	3.84161e-05
47539.99999999999	3.96463e-05
47550.0	4.00506e-05
47560.0	4.01216e-05
47570.0	4.13239e-05
47580.0	4.32081e-05
47590.0	4.53682e-05
47600.0	4.65214e-05
47610.0	4.62862e-05
47619.99999999999	4.51773e-05
47630.0	4.45699e-05
47640.0	4.55789e-05
47650.0	4.68876e-05
47660.0	4.76874e-05
47670.0	4.75498e-05
47680.0	4.65633e-05
47690.0	4.5584e-05
47699.99999999999	4.65311e-05
47710.0	4.78672e-05
47720.0	4.84976e-05
47730.0	4.76028e-05
47740.0	4.50035e-05
47750.0	4.1821e-05
47760.0	3.99809e-05
47770.0	3.98308e-05
47779.99999999999	4.01549e-05
47790.0	3.99345e-05
47800.0	3.87053e-05
47810.0	3.69817e-05
47820.0	3.59992e-05
47830.0	3.68852e-05
47840.0	3.8376e-05
47850.0	3.94458e-05
47859.99999999999	3.94989e-05
47870.0	3.82434e-05
47880.0	3.67179e-05
47890.0	3.62082e-05
47900.0	3.69846e-05
47910.00000000001	3.82546e-05
47920.0	3.87929e-05
47930.0	3.81678e-05
47939.99999999999	3.75541e-05
47950.0	3.75682e-05
47960.0	3.86891e-05
47970.0	4.04923e-05
47980.0	4.19637e-05
47990.00000000001	4.22005e-05
48000.0	4.11398e-05
48010.0	4.02218e-05
48019.99999999999	3.97804e-05
48030.0	3.97799e-05
48040.0	3.98349e-05
48050.0	3.8993e-05
48060.0	3.70242e-05
48070.00000000001	3.56002e-05
48080.0	3.50265e-05
48090.0	3.53086e-05
48099.99999999999	3.61734e-05
48110.0	3.67966e-05
48120.0	3.63518e-05
48130.0	3.577e-05
48140.0	3.55926e-05
48150.00000000001	3.59694e-05
48160.0	3.67143e-05
48170.0	3.75265e-05
48179.99999999999	3.70353e-05
48190.0	3.57095e-05
48200.0	3.45581e-05
48210.0	3.41622e-05
48220.0	3.44815e-05
48230.00000000001	3.47644e-05
48240.0	3.45432e-05
48250.0	3.35425e-05
48259.99999999999	3.20773e-05
48270.0	3.1087e-05
48280.0	3.15217e-05
48290.0	3.2385e-05
48300.0	3.27629e-05
48310.00000000001	3.24924e-05
48320.0	3.18258e-05
48330.0	3.12433e-05
48339.99999999999	3.13264e-05
48350.0	3.26599e-05
48360.0	3.3435e-05
48370.0	3.30807e-05
48380.0	3.20182e-05
48390.00000000001	3.07065e-05
48400.0	2.95455e-05
48410.0	2.94246e-05
48420.0	2.99824e-05
48430.0	2.98491e-05
48440.0	2.89622e-05
48450.0	2.78715e-05
48460.0	2.74327e-05
48470.00000000001	2.81775e-05
48480.0	3.09675e-05
48490.0	3.40204e-05
48500.0	3.64711e-05
48510.0	3.81752e-05
48520.0	3.96539e-05
48530.0	4.17699e-05
48540.0	4.46998e-05
48550.00000000001	4.81014e-05
48560.0	5.07636e-05
48570.0	5.18147e-05
48580.0	5.12527e-05
48590.0	5.10548e-05
48600.0	5.18148e-05
48610.0	5.3164e-05
48620.0	5.43683e-05
48630.00000000001	5.46816e-05
48640.0	5.36096e-05
48650.0	5.14278e-05
48660.0	5.01128e-05
48670.0	4.93983e-05
48680.0	4.88649e-05
48690.0	4.78893e-05
48700.0	4.57943e-05
48710.00000000001	4.23756e-05
48720.0	4.00748e-05
48730.0	3.94473e-05
48740.0	4.00378e-05
48750.0	4.13408e-05
48760.0	4.2958e-05
48770.0	4.32436e-05
48780.0	4.27799e-05
48789.99999999999	4.32498e-05
48800.0	4.49958e-05
48810.0	4.74354e-05
48820.0	4.93078e-05
48830.0	4.95184e-05
48840.0	4.80643e-05
48850.0	4.56124e-05
48860.0	4.36065e-05
48869.99999999999	4.28399e-05
48880.0	4.28846e-05
48890.0	4.20357e-05
48900.0	3.9815e-05
48910.0	3.69768e-05
48920.0	3.42198e-05
48930.0	3.23578e-05
48940.0	3.2157e-05
48949.99999999999	3.33103e-05
48960.0	3.4002e-05
48970.0	3.39894e-05
48980.0	3.36426e-05
48990.0	3.35917e-05
49000.0	3.4512e-05
49010.0	3.68324e-05
49020.0	3.85843e-05
49029.99999999999	3.91524e-05
49040.0	3.86228e-05
49050.0	3.74538e-05
49060.0	3.63247e-05
49070.0	3.62417e-05
49080.0	3.73548e-05
49090.0	3.75853e-05
49100.0	3.65934e-05
49109.99999999999	3.49969e-05
49120.0	3.39804e-05
49130.0	3.39425e-05
49140.0	3.47312e-05
49150.0	3.62294e-05
49160.00000000001	3.73185e-05
49170.0	3.71443e-05
49180.0	3.58518e-05
49189.99999999999	3.54065e-05
49200.0	3.52443e-05
49210.0	3.49452e-05
49220.0	3.42336e-05
49230.0	3.27773e-05
49240.00000000001	3.01668e-05
49250.0	2.67606e-05
49260.0	2.46654e-05
49269.99999999999	2.37467e-05
49280.0	2.38338e-05
49290.0	2.46315e-05
49300.0	2.57118e-05
49310.0	2.63878e-05
49320.00000000001	2.75201e-05
49330.0	2.97784e-05
49340.0	3.29308e-05
49349.99999999999	3.63581e-05
49360.0	3.93778e-05
49370.0	4.11538e-05
49380.0	4.19097e-05
49390.0	4.26597e-05
49400.00000000001	4.4306e-05
49410.0	4.70551e-05
49420.0	4.99986e-05
49429.99999999999	5.19402e-05
49440.0	5.25754e-05
49450.0	5.21429e-05
49460.0	5.13734e-05
49470.0	5.09502e-05
49480.00000000001	5.10473e-05
49490.0	4.99306e-05
49500.0	4.74173e-05
49509.99999999999	4.4015e-05
49520.0	4.01325e-05
49530.0	3.63665e-05
49540.0	3.36763e-05
49550.0	3.25318e-05
49560.00000000001	3.10844e-05
49570.0	2.91771e-05
49580.0	2.722e-05
49589.99999999999	2.55837e-05
49600.0	2.41046e-05
49610.0	2.35311e-05
49620.0	2.41885e-05
49630.0	2.45236e-05
49640.00000000001	2.40014e-05
49650.0	2.28375e-05
49660.0	2.17955e-05
49670.0	2.101e-05
49680.0	2.08956e-05
49690.0	2.15086e-05
49700.0	2.20047e-05
49710.0	2.14857e-05
49720.00000000001	1.98171e-05
49730.0	1.91407e-05
49740.0	1.92826e-05
49750.0	1.99905e-05
49760.0	2.11454e-05
49770.0	2.23565e-05
49780.0	2.25305e-05
49790.0	2.15967e-05
49800.00000000001	2.15822e-05
49810.0	2.23763e-05
49820.0	2.355e-05
49830.0	2.46926e-05
49840.0	2.5772e-05
49850.0	2.53375e-05
49860.0	2.40981e-05
49870.0	2.32808e-05
49880.00000000001	2.32132e-05
49890.0	2.36527e-05
49900.0	2.4179e-05
49910.0	2.45707e-05
49920.0	2.44107e-05
49930.0	2.3726e-05
49940.0	2.33522e-05
49950.0	2.40883e-05
49960.00000000001	2.56457e-05
49970.0	2.68813e-05
49980.0	2.78182e-05
49990.0	2.8161e-05
50000.0	2.78278e-05
50010.0	2.71233e-05
50020.0	2.70098e-05
50030.0	2.77811e-05
50039.99999999999	2.79836e-05
50050.0	2.7676e-05
50060.0	2.707e-05
50070.0	2.6372e-05
50080.0	2.56171e-05
50090.0	2.57868e-05
50100.0	2.69898e-05
50110.0	2.78803e-05
50119.99999999999	2.78634e-05
50130.0	2.70941e-05
50140.0	2.63826e-05
50150.0	2.57517e-05
50160.0	2.5764e-05
50170.0	2.67552e-05
50180.0	2.797e-05
50190.0	2.83032e-05
50199.99999999999	2.74979e-05
50210.0	2.71514e-05
50220.0	2.71085e-05
50230.0	2.75204e-05
50240.0	2.84655e-05
50250.0	2.9665e-05
50260.0	2.98908e-05
50270.0	2.84242e-05
50279.99999999999	2.72825e-05
50290.0	2.65969e-05
50300.0	2.63944e-05
50310.0	2.66961e-05
50320.0	2.75569e-05
50330.0	2.76571e-05
50340.0	2.68578e-05
50350.0	2.6052e-05
50359.99999999999	2.57375e-05
50370.0	2.59636e-05
50380.0	2.64649e-05
50390.0	2.71985e-05
50400.0	2.74791e-05
50410.00000000001	2.7012e-05
50420.0	2.6162e-05
50430.0	2.56149e-05
50439.99999999999	2.56517e-05
50450.0	2.56501e-05
50460.0	2.54729e-05
50470.0	2.47465e-05
50480.0	2.33495e-05
50490.00000000001	2.1502e-05
50500.0	1.99342e-05
50510.0	1.93233e-05
50519.99999999999	1.96476e-05
50530.0	2.03867e-05
50540.0	2.12521e-05
50550.0	2.21446e-05
50560.0	2.27441e-05
50570.00000000001	2.37996e-05
50580.0	2.55416e-05
50590.0	2.77757e-05
50599.99999999999	3.00226e-05
50610.0	3.16283e-05
50620.0	3.17896e-05
50630.0	3.10363e-05
50640.0	3.00663e-05
50650.00000000001	2.93578e-05
50660.0	2.90841e-05
50670.0	2.89991e-05
50679.99999999999	2.8046e-05
50690.0	2.63532e-05
50700.0	2.4554e-05
50710.0	2.30141e-05
50720.0	2.20757e-05
50730.00000000001	2.19695e-05
50740.0	2.25422e-05
50750.0	2.26927e-05
50759.99999999999	2.22538e-05
50770.0	2.16555e-05
50780.0	2.11547e-05
50790.0	2.08139e-05
50800.0	2.09654e-05
50810.00000000001	2.16726e-05
50820.0	2.22611e-05
50830.0	2.23695e-05
50839.99999999999	2.21862e-05
50850.0	2.23414e-05
50860.0	2.34426e-05
50870.0	2.56694e-05
50880.0	2.85675e-05
50890.00000000001	3.16408e-05
50900.0	3.42242e-05
50910.0	3.57515e-05
50920.0	3.66573e-05
50930.0	3.76631e-05
50940.0	3.85762e-05
50950.0	3.92326e-05
50960.0	3.94393e-05
50970.00000000001	3.89419e-05
50980.0	3.70872e-05
50990.0	3.45453e-05
51000.0	3.28074e-05
51010.0	3.19453e-05
51020.0	3.17251e-05
51030.0	3.18834e-05
51040.0	3.24659e-05
51050.00000000001	3.25427e-05
51060.0	3.21487e-05
51070.0	3.21286e-05
51080.0	3.30518e-05
51090.0	3.48959e-05
51100.0	3.69378e-05
51110.0	3.89896e-05
51120.0	4.07482e-05
51130.00000000001	4.19859e-05
51140.0	4.28974e-05
51150.0	4.40744e-05
51160.0	4.59353e-05
51170.0	4.76058e-05
51180.0	4.84842e-05
51190.0	4.85079e-05
51200.0	4.76764e-05
51210.00000000001	4.59912e-05
51220.0	4.38649e-05
51230.0	4.25145e-05
51240.0	4.17525e-05
51250.0	4.09832e-05
51260.0	3.98948e-05
51270.0	3.86451e-05
51280.0	3.74279e-05
51289.99999999999	3.62935e-05
51300.0	3.57495e-05
51310.0	3.58634e-05
51320.0	3.61625e-05
51330.0	3.5745e-05
51340.0	3.41995e-05
51350.0	3.25451e-05
51360.0	3.08853e-05
51369.99999999999	2.95151e-05
51380.0	2.87746e-05
51390.0	2.891e-05
51400.0	2.954e-05
51410.0	2.96769e-05
51420.0	2.98124e-05
51430.0	3.02212e-05
51440.0	3.10109e-05
51449.99999999999	3.21331e-05
51460.0	3.36691e-05
51470.0	3.53782e-05
51480.0	3.61824e-05
51490.0	3.58938e-05
51500.0	3.495e-05
51510.0	3.42223e-05
51520.0	3.39248e-05
51529.99999999999	3.39766e-05
51540.0	3.43218e-05
51550.0	3.45051e-05
51560.0	3.40329e-05
51570.0	3.26573e-05
51580.0	3.15772e-05
51590.0	3.11542e-05
51600.0	3.09795e-05
51609.99999999999	3.09953e-05
51620.0	3.12126e-05
51630.0	3.15618e-05
51640.0	3.11647e-05
51650.0	3.08147e-05
51660.00000000001	3.12746e-05
51670.0	3.25508e-05
51680.0	3.42955e-05
51689.99999999999	3.60203e-05
51700.0	3.75224e-05
51710.0	3.79924e-05
51720.0	3.73285e-05
51730.0	3.61521e-05
51740.00000000001	3.51038e-05
51750.0	3.4391e-05
51760.0	3.33956e-05
51769.99999999999	3.18529e-05
51780.0	2.9901e-05
51790.0	2.76146e-05
51800.0	2.52511e-05
51810.0	2.33661e-05
51820.00000000001	2.28104e-05
51830.0	2.33971e-05
51840.0	2.44859e-05
51849.99999999999	2.58401e-05
51860.0	2.72685e-05
51870.0	2.84661e-05
51880.0	2.94642e-05
51890.0	3.05733e-05
51900.00000000001	3.17897e-05
51910.0	3.27916e-05
51920.0	3.31253e-05
51929.99999999999	3.23654e-05
51940.0	3.08095e-05
51950.0	2.8964e-05
51960.0	2.75108e-05
51970.0	2.68477e-05
51980.00000000001	2.71569e-05
51990.0	2.83969e-05
52000.0	2.90891e-05
52009.99999999999	2.93456e-05
52020.0	2.92344e-05
52030.0	2.89244e-05
52040.0	2.85666e-05
52050.0	2.81928e-05
52060.00000000001	2.77113e-05
52070.0	2.67927e-05
52080.0	2.48368e-05
52089.99999999999	2.2369e-05
52100.0	2.01475e-05
52110.0	1.84225e-05
52120.0	1.74603e-05
52130.0	1.70981e-05
52140.00000000001	1.73446e-05
52150.0	1.7801e-05
52160.0	1.80825e-05
52170.0	1.82104e-05
52180.0	1.9145e-05
52190.0	2.07324e-05
52200.0	2.27285e-05
52210.0	2.49395e-05
52220.00000000001	2.70488e-05
52230.0	2.84627e-05
52240.0	2.82163e-05
52250.0	2.76727e-05
52260.0	2.71286e-05
52270.0	2.65499e-05
52280.0	2.57922e-05
52290.0	2.48258e-05
52300.00000000001	2.37903e-05
52310.0	2.2662e-05
52320.0	2.17287e-05
52330.0	2.13705e-05
52340.0	2.1826e-05
52350.0	2.2935e-05
52360.0	2.4501e-05
52370.0	2.61277e-05
52380.00000000001	2.78103e-05
52390.0	2.92433e-05
52400.0	3.01617e-05
52410.0	3.07592e-05
52420.0	3.17026e-05
52430.0	3.29799e-05
52440.0	3.41544e-05
52450.0	3.48946e-05
52460.00000000001	3.50282e-05
52470.0	3.45805e-05
52480.0	3.35033e-05
52490.0	3.26069e-05
52500.0	3.21476e-05
52510.0	3.2018e-05
52520.0	3.18532e-05
52530.0	3.11279e-05
52539.99999999999	3.03232e-05
52550.0	2.959e-05
52560.0	2.91001e-05
52570.0	2.8917e-05
52580.0	2.9048e-05
52590.0	2.95421e-05
52600.0	3.07321e-05
52610.0	3.15288e-05
52619.99999999999	3.22267e-05
52630.0	3.27935e-05
52640.0	3.30668e-05
52650.0	3.31684e-05
52660.0	3.34805e-05
52670.0	3.38391e-05
52680.0	3.38116e-05
52690.0	3.29161e-05
52699.99999999999	3.10219e-05
52710.0	2.9057e-05
52720.0	2.73678e-05
52730.0	2.62571e-05
52740.0	2.58194e-05
52750.0	2.59955e-05
52760.0	2.64655e-05
52770.0	2.63591e-05
52779.99999999999	2.61966e-05
52790.0	2.62081e-05
52800.0	2.62783e-05
52810.0	2.63071e-05
52820.0	2.62851e-05
52830.0	2.64129e-05
52840.0	2.63938e-05
52850.0	2.55835e-05
52859.99999999999	2.47731e-05
52870.0	2.43843e-05
52880.0	2.44626e-05
52890.0	2.4998e-05
52900.0	2.61519e-05
52910.00000000001	2.75756e-05
52920.0	2.8759e-05
52930.0	2.94757e-05
52939.99999999999	2.98597e-05
52950.0	3.05252e-05
52960.0	3.13882e-05
52970.0	3.24444e-05
52980.0	3.35108e-05
52990.00000000001	3.44048e-05
53000.0	3.49082e-05
53010.0	3.45147e-05
53019.99999999999	3.3733e-05
53030.0	3.29846e-05
53040.0	3.23859e-05
53050.0	3.19158e-05
53060.0	3.14247e-05
53070.00000000001	3.05758e-05
53080.0	2.95552e-05
53090.0	2.84139e-05
53099.99999999999	2.75562e-05
53110.0	2.7247e-05
53120.0	2.75623e-05
53130.0	2.84997e-05
53140.0	3.07001e-05
53150.00000000001	3.3215e-05
53160.0	3.6064e-05
53170.0	3.92767e-05
53179.99999999999	4.28295e-05
53190.0	4.67954e-05
53200.0	5.1458e-05
53210.0	5.66947e-05
53220.0	6.18722e-05
53230.00000000001	6.60744e-05
53240.0	6.8567e-05
53250.0	7.0027e-05
53259.99999999999	7.02279e-05
53270.0	6.94764e-05
53280.0	6.82051e-05
53290.0	6.65695e-05
53300.0	6.43519e-05
53310.00000000001	6.07758e-05
53320.0	5.66391e-05
53330.0	5.27473e-05
53339.99999999999	4.92416e-05
53350.0	4.62131e-05
53360.0	4.37654e-05
53370.0	4.19545e-05
53380.0	4.01792e-05
53390.00000000001	3.79446e-05
53400.0	3.55987e-05
53410.0	3.34844e-05
53420.0	3.1785e-05
53430.0	3.06468e-05
53440.0	2.99821e-05
53450.0	2.97746e-05
53460.0	2.99818e-05
53470.00000000001	3.02726e-05
53480.0	3.02045e-05
53490.0	3.02251e-05
53500.0	3.04384e-05
53510.0	3.06467e-05
53520.0	3.07052e-05
53530.0	3.0566e-05
53540.0	3.02614e-05
53550.00000000001	2.96741e-05
53560.0	2.82683e-05
53570.0	2.67706e-05
53580.0	2.5463e-05
53590.0	2.44365e-05
53600.0	2.36435e-05
53610.0	2.30481e-05
53620.0	2.26316e-05
53630.00000000001	2.22691e-05
53640.0	2.17481e-05
53650.0	2.11104e-05
53660.0	2.06828e-05
53670.0	2.07538e-05
53680.0	2.11254e-05
53690.0	2.16635e-05
53700.0	2.23109e-05
53710.00000000001	2.30162e-05
53720.0	2.37037e-05
53730.0	2.40645e-05
53740.0	2.44842e-05
53750.0	2.51284e-05
53760.0	2.58748e-05
53770.0	2.65557e-05
53780.0	2.70438e-05
53789.99999999999	2.72451e-05
53800.0	2.72042e-05
53810.0	2.68986e-05
53820.0	2.65118e-05
53830.0	2.62393e-05
53840.0	2.6189e-05
53850.0	2.62057e-05
53860.0	2.59895e-05
53869.99999999999	2.54611e-05
53880.0	2.46736e-05
53890.0	2.37035e-05
53900.0	2.26099e-05
53910.0	2.14889e-05
53920.0	2.07797e-05
53930.0	2.04288e-05
53940.0	2.03286e-05
53949.99999999999	2.04013e-05
53960.0	2.06528e-05
53970.0	2.12997e-05
53980.0	2.21458e-05
53990.0	2.31301e-05
54000.0	2.43226e-05
54010.0	2.56669e-05
54020.0	2.68925e-05
54029.99999999999	2.76373e-05
54040.0	2.791e-05
54050.0	2.79477e-05
54060.0	2.78851e-05
54070.0	2.78239e-05
54080.0	2.78428e-05
54090.0	2.80653e-05
54100.0	2.83752e-05
54109.99999999999	2.85892e-05
54120.0	2.85677e-05
54130.0	2.83122e-05
54140.0	2.8012e-05
54150.0	2.78811e-05
54160.00000000001	2.77518e-05
54170.0	2.76442e-05
54180.0	2.75303e-05
54189.99999999999	2.73215e-05
54200.0	2.68637e-05
54210.0	2.58743e-05
54220.0	2.48836e-05
54230.0	2.41169e-05
54240.00000000001	2.35167e-05
54250.0	2.30009e-05
54260.0	2.26008e-05
54269.99999999999	2.23547e-05
54280.0	2.21129e-05
54290.0	2.17416e-05
54300.0	2.14214e-05
54310.0	2.13764e-05
54320.00000000001	2.16963e-05
54330.0	2.20768e-05
54340.0	2.25174e-05
54349.99999999999	2.30019e-05
54360.0	2.35026e-05
54370.0	2.3978e-05
54380.0	2.43868e-05
54390.0	2.50675e-05
54400.00000000001	2.61148e-05
54410.0	2.73595e-05
54420.0	2.86774e-05
54429.99999999999	2.99317e-05
54440.0	3.09518e-05
54450.0	3.16562e-05
54460.0	3.19863e-05
54470.0	3.20825e-05
54480.00000000001	3.21044e-05
54490.0	3.21668e-05
54500.0	3.22777e-05
54509.99999999999	3.23046e-05
54520.0	3.21093e-05
54530.0	3.18628e-05
54540.0	3.16269e-05
54550.0	3.14447e-05
54560.00000000001	3.14068e-05
54570.0	3.17325e-05
54580.0	3.23845e-05
54589.99999999999	3.33147e-05
54600.0	3.4184e-05
54610.0	3.47503e-05
54620.0	3.52111e-05
54630.0	3.53267e-05
54640.00000000001	3.50944e-05
54650.0	3.46417e-05
54660.0	3.41189e-05
54670.0	3.35769e-05
54680.0	3.28453e-05
54690.0	3.11221e-05
54700.0	2.9564e-05
54710.0	2.82293e-05
54720.00000000001	2.72753e-05
54730.0	2.68504e-05
54740.0	2.69969e-05
54750.0	2.78661e-05
54760.0	2.91167e-05
54770.0	3.06625e-05
54780.0	3.24208e-05
54790.0	3.4278e-05
54800.00000000001	3.60409e-05
54810.0	3.7607e-05
54820.0	3.8922e-05
54830.0	4.01025e-05
54840.0	4.11347e-05
54850.0	4.18578e-05
54860.0	4.19352e-05
54870.0	4.09336e-05
54880.00000000001	3.97797e-05
54890.0	3.87939e-05
54900.0	3.81144e-05
54910.0	3.77741e-05
54920.0	3.7802e-05
54930.0	3.80598e-05
54940.0	3.84256e-05
54950.0	3.86087e-05
54960.00000000001	3.86888e-05
54970.0	3.89501e-05
54980.0	3.96682e-05
54990.0	0.0
55000.0	0.0
